calibration_id,level_name,nominal_value,back_calculated,percent_deviation,included
CAL-R00001,STD1,1.0,1.0341,3.414,1
CAL-R00001,STD2,2.2,2.1898,-0.465,1
CAL-R00001,STD3,4.84,4.7591,-1.672,1
CAL-R00001,STD4,10.648,10.5817,-0.623,1
CAL-R00001,STD5,23.4256,22.8515,-2.451,1
CAL-R00001,STD6,51.5363,49.8617,-3.249,1
CAL-R00001,STD7,113.3799,117.534,3.664,1
CAL-R00001,STD8,249.4358,245.7474,-1.479,1
CAL-R00002,STD1,0.5,0.5189,3.776,1
CAL-R00002,STD2,1.1,1.0978,-0.199,1
CAL-R00002,STD3,2.42,2.529,4.505,1
CAL-R00002,STD4,5.324,5.269,-1.033,1
CAL-R00002,STD5,11.7128,11.9089,1.674,1
CAL-R00002,STD6,25.7682,25.2313,-2.084,1
CAL-R00002,STD7,56.69,58.9054,3.908,1
CAL-R00002,STD8,124.7179,116.7366,-6.4,1
CAL-R00003,STD1,2.0,1.986,-0.698,1
CAL-R00003,STD2,4.4,4.5038,2.358,1
CAL-R00003,STD3,9.68,9.7295,0.512,1
CAL-R00003,STD4,21.296,21.9555,3.097,1
CAL-R00003,STD5,46.8512,48.1386,2.748,1
CAL-R00003,STD6,103.0726,96.8057,-6.08,1
CAL-R00003,STD7,226.7598,235.1643,3.706,1
CAL-R00003,STD8,498.8716,504.1573,1.06,1
CAL-R00004,STD1,1.0,0.947,-5.298,1
CAL-R00004,STD2,2.2,2.1778,-1.01,1
CAL-R00004,STD3,4.84,4.6464,-4.0,1
CAL-R00004,STD4,10.648,10.6764,0.267,1
CAL-R00004,STD5,23.4256,23.9567,2.267,1
CAL-R00004,STD6,51.5363,48.5854,-5.726,1
CAL-R00004,STD7,113.3799,104.1994,-8.097,1
CAL-R00004,STD8,249.4358,249.3853,-0.02,1
CAL-R00005,STD1,0.5,0.4782,-4.359,1
CAL-R00005,STD2,1.1,1.1196,1.782,1
CAL-R00005,STD3,2.42,2.3767,-1.787,1
CAL-R00005,STD4,5.324,5.3405,0.31,1
CAL-R00005,STD5,11.7128,12.0506,2.884,1
CAL-R00005,STD6,25.7682,24.6732,-4.249,1
CAL-R00005,STD7,56.69,58.8416,3.796,1
CAL-R00005,STD8,124.7179,122.265,-1.967,1
CAL-R00006,STD1,2.0,1.9773,-1.134,1
CAL-R00006,STD2,4.4,4.5167,2.652,1
CAL-R00006,STD3,9.68,9.5624,-1.215,1
CAL-R00006,STD4,21.296,22.277,4.606,1
CAL-R00006,STD5,46.8512,46.9363,0.182,1
CAL-R00006,STD6,103.0726,99.4249,-3.539,1
CAL-R00006,STD7,226.7598,219.5792,-3.167,1
CAL-R00006,STD8,498.8716,493.6083,-1.055,1
CAL-R00007,STD1,1.0,0.943,-5.7,1
CAL-R00007,STD2,2.2,2.2297,1.348,1
CAL-R00007,STD3,4.84,4.8836,0.901,1
CAL-R00007,STD4,10.648,11.1911,5.1,1
CAL-R00007,STD5,23.4256,23.8626,1.866,1
CAL-R00007,STD6,51.5363,49.4406,-4.066,1
CAL-R00007,STD7,113.3799,114.8775,1.321,1
CAL-R00007,STD8,249.4358,258.1073,3.476,1
CAL-R00008,STD1,0.5,0.4978,-0.446,1
CAL-R00008,STD2,1.1,1.1236,2.144,1
CAL-R00008,STD3,2.42,2.3051,-4.747,1
CAL-R00008,STD4,5.324,5.3209,-0.059,1
CAL-R00008,STD5,11.7128,11.3784,-2.855,1
CAL-R00008,STD6,25.7682,24.4108,-5.268,1
CAL-R00008,STD7,56.69,55.2088,-2.613,1
CAL-R00008,STD8,124.7179,121.9349,-2.231,1
CAL-R00009,STD1,2.0,1.9963,-0.186,1
CAL-R00009,STD2,4.4,4.219,-4.113,1
CAL-R00009,STD3,9.68,10.1072,4.413,1
CAL-R00009,STD4,21.296,20.2618,-4.856,1
CAL-R00009,STD5,46.8512,47.26,0.873,1
CAL-R00009,STD6,103.0726,100.7461,-2.257,1
CAL-R00009,STD7,226.7598,226.6658,-0.041,1
CAL-R00009,STD8,498.8716,499.4171,0.109,1
CAL-R00010,STD1,1.0,1.0244,2.439,1
CAL-R00010,STD2,2.2,2.1747,-1.148,1
CAL-R00010,STD3,4.84,5.0394,4.12,1
CAL-R00010,STD4,10.648,10.9446,2.786,1
CAL-R00010,STD5,23.4256,23.299,-0.541,1
CAL-R00010,STD6,51.5363,50.8813,-1.271,1
CAL-R00010,STD7,113.3799,113.9674,0.518,1
CAL-R00010,STD8,249.4358,232.2693,-6.882,1
CAL-R00011,STD1,0.5,0.5078,1.553,1
CAL-R00011,STD2,1.1,1.1045,0.412,1
CAL-R00011,STD3,2.42,2.542,5.042,1
CAL-R00011,STD4,5.324,5.1491,-3.285,1
CAL-R00011,STD5,11.7128,12.0532,2.906,1
CAL-R00011,STD6,25.7682,26.8211,4.086,1
CAL-R00011,STD7,56.69,54.1596,-4.464,1
CAL-R00011,STD8,124.7179,128.0464,2.669,1
CAL-R00012,STD1,2.0,2.0054,0.269,1
CAL-R00012,STD2,4.4,4.2613,-3.153,1
CAL-R00012,STD3,9.68,9.9086,2.362,1
CAL-R00012,STD4,21.296,21.4402,0.677,1
CAL-R00012,STD5,46.8512,49.1191,4.841,1
CAL-R00012,STD6,103.0726,101.4075,-1.616,1
CAL-R00012,STD7,226.7598,233.1402,2.814,1
CAL-R00012,STD8,498.8716,507.1858,1.667,1
CAL-R00013,STD1,1.0,1.0015,0.149,1
CAL-R00013,STD2,2.2,2.0791,-5.495,1
CAL-R00013,STD3,4.84,4.6914,-3.07,1
CAL-R00013,STD4,10.648,10.5364,-1.048,1
CAL-R00013,STD5,23.4256,22.6044,-3.506,1
CAL-R00013,STD6,51.5363,51.5866,0.098,1
CAL-R00013,STD7,113.3799,114.778,1.233,1
CAL-R00013,STD8,249.4358,249.8154,0.152,1
CAL-R00014,STD1,0.5,0.4766,-4.684,1
CAL-R00014,STD2,1.1,1.1075,0.678,1
CAL-R00014,STD3,2.42,2.5159,3.962,1
CAL-R00014,STD4,5.324,5.4376,2.133,1
CAL-R00014,STD5,11.7128,11.766,0.454,1
CAL-R00014,STD6,25.7682,25.2872,-1.866,1
CAL-R00014,STD7,56.69,55.9417,-1.32,1
CAL-R00014,STD8,124.7179,129.4112,3.763,1
CAL-R00015,STD1,2.0,1.9896,-0.519,1
CAL-R00015,STD2,4.4,4.5175,2.67,1
CAL-R00015,STD3,9.68,10.2187,5.565,1
CAL-R00015,STD4,21.296,21.4937,0.928,1
CAL-R00015,STD5,46.8512,46.3733,-1.02,1
CAL-R00015,STD6,103.0726,107.5067,4.302,1
CAL-R00015,STD7,226.7598,211.2847,-6.824,1
CAL-R00015,STD8,498.8716,488.5824,-2.062,1
CAL-R00016,STD1,1.0,1.0161,1.609,1
CAL-R00016,STD2,2.2,2.2111,0.503,1
CAL-R00016,STD3,4.84,4.7517,-1.823,1
CAL-R00016,STD4,10.648,10.1187,-4.971,1
CAL-R00016,STD5,23.4256,23.8746,1.917,1
CAL-R00016,STD6,51.5363,49.4074,-4.131,1
CAL-R00016,STD7,113.3799,112.7888,-0.521,1
CAL-R00016,STD8,249.4358,252.2152,1.114,1
CAL-R00017,STD1,0.5,0.5,0.004,1
CAL-R00017,STD2,1.1,1.1252,2.293,1
CAL-R00017,STD3,2.42,2.3295,-3.74,1
CAL-R00017,STD4,5.324,5.37,0.863,1
CAL-R00017,STD5,11.7128,12.1019,3.322,1
CAL-R00017,STD6,25.7682,25.363,-1.572,1
CAL-R00017,STD7,56.69,58.3572,2.941,1
CAL-R00017,STD8,124.7179,129.1904,3.586,1
CAL-R00018,STD1,2.0,2.0575,2.873,1
CAL-R00018,STD2,4.4,4.48,1.819,1
CAL-R00018,STD3,9.68,9.6721,-0.081,1
CAL-R00018,STD4,21.296,21.8484,2.594,1
CAL-R00018,STD5,46.8512,44.7476,-4.49,1
CAL-R00018,STD6,103.0726,103.2361,0.159,1
CAL-R00018,STD7,226.7598,233.7035,3.062,1
CAL-R00018,STD8,498.8716,515.1102,3.255,1
CAL-R00019,STD1,1.0,1.0176,1.762,1
CAL-R00019,STD2,2.2,2.0747,-5.697,1
CAL-R00019,STD3,4.84,5.0786,4.929,1
CAL-R00019,STD4,10.648,10.6199,-0.264,1
CAL-R00019,STD5,23.4256,23.187,-1.018,1
CAL-R00019,STD6,51.5363,50.2585,-2.479,1
CAL-R00019,STD7,113.3799,114.7624,1.219,1
CAL-R00019,STD8,249.4358,256.8537,2.974,1
CAL-R00020,STD1,0.5,0.4932,-1.366,1
CAL-R00020,STD2,1.1,1.1511,4.642,1
CAL-R00020,STD3,2.42,2.3617,-2.411,1
CAL-R00020,STD4,5.324,5.4248,1.893,1
CAL-R00020,STD5,11.7128,11.8105,0.834,1
CAL-R00020,STD6,25.7682,25.2211,-2.123,1
CAL-R00020,STD7,56.69,57.2122,0.921,1
CAL-R00020,STD8,124.7179,125.5104,0.635,1
CAL-R00021,STD1,2.0,1.9951,-0.243,1
CAL-R00021,STD2,4.4,4.2686,-2.986,1
CAL-R00021,STD3,9.68,10.3631,7.056,1
CAL-R00021,STD4,21.296,21.6716,1.764,1
CAL-R00021,STD5,46.8512,47.9339,2.311,1
CAL-R00021,STD6,103.0726,109.5323,6.267,1
CAL-R00021,STD7,226.7598,218.039,-3.846,1
CAL-R00021,STD8,498.8716,493.9126,-0.994,1
CAL-R00022,STD1,1.0,1.0115,1.151,1
CAL-R00022,STD2,2.2,2.1899,-0.46,1
CAL-R00022,STD3,4.84,4.9171,1.592,1
CAL-R00022,STD4,10.648,10.6163,-0.297,1
CAL-R00022,STD5,23.4256,22.7483,-2.891,1
CAL-R00022,STD6,51.5363,51.5268,-0.018,1
CAL-R00022,STD7,113.3799,110.0838,-2.907,1
CAL-R00022,STD8,249.4358,241.7648,-3.075,1
CAL-R00023,STD1,0.5,0.511,2.191,1
CAL-R00023,STD2,1.1,1.1123,1.117,1
CAL-R00023,STD3,2.42,2.4292,0.38,1
CAL-R00023,STD4,5.324,5.2119,-2.106,1
CAL-R00023,STD5,11.7128,11.7565,0.373,1
CAL-R00023,STD6,25.7682,25.9205,0.591,1
CAL-R00023,STD7,56.69,56.3139,-0.663,1
CAL-R00023,STD8,124.7179,127.2408,2.023,1
CAL-R00024,STD1,2.0,2.067,3.348,1
CAL-R00024,STD2,4.4,4.1915,-4.739,1
CAL-R00024,STD3,9.68,9.471,-2.159,1
CAL-R00024,STD4,21.296,22.1658,4.085,1
CAL-R00024,STD5,46.8512,43.8294,-6.45,1
CAL-R00024,STD6,103.0726,102.195,-0.851,1
CAL-R00024,STD7,226.7598,229.5183,1.216,1
CAL-R00024,STD8,498.8716,497.1327,-0.349,1
CAL-R00025,STD1,1.0,1.0266,2.664,1
CAL-R00025,STD2,2.2,2.1785,-0.978,1
CAL-R00025,STD3,4.84,4.9757,2.803,1
CAL-R00025,STD4,10.648,11.0839,4.094,1
CAL-R00025,STD5,23.4256,23.16,-1.134,1
CAL-R00025,STD6,51.5363,50.7719,-1.483,1
CAL-R00025,STD7,113.3799,112.9457,-0.383,1
CAL-R00025,STD8,249.4358,246.5714,-1.148,1
CAL-R00026,STD1,0.5,0.5136,2.725,1
CAL-R00026,STD2,1.1,1.1559,5.079,1
CAL-R00026,STD3,2.42,2.4835,2.624,1
CAL-R00026,STD4,5.324,5.4355,2.094,1
CAL-R00026,STD5,11.7128,12.3744,5.649,1
CAL-R00026,STD6,25.7682,26.4986,2.835,1
CAL-R00026,STD7,56.69,56.4062,-0.501,1
CAL-R00026,STD8,124.7179,125.9692,1.003,1
CAL-R00027,STD1,2.0,2.026,1.301,1
CAL-R00027,STD2,4.4,4.1967,-4.62,1
CAL-R00027,STD3,9.68,9.7167,0.379,1
CAL-R00027,STD4,21.296,20.7309,-2.654,1
CAL-R00027,STD5,46.8512,46.5947,-0.547,1
CAL-R00027,STD6,103.0726,98.26,-4.669,1
CAL-R00027,STD7,226.7598,213.381,-5.9,1
CAL-R00027,STD8,498.8716,496.7466,-0.426,1
CAL-R00028,STD1,1.0,0.9652,-3.475,1
CAL-R00028,STD2,2.2,2.2726,3.3,1
CAL-R00028,STD3,4.84,4.7202,-2.475,1
CAL-R00028,STD4,10.648,10.5269,-1.137,1
CAL-R00028,STD5,23.4256,23.4557,0.129,1
CAL-R00028,STD6,51.5363,51.4182,-0.229,1
CAL-R00028,STD7,113.3799,113.9514,0.504,1
CAL-R00028,STD8,249.4358,235.2775,-5.676,1
CAL-R00029,STD1,0.5,0.4952,-0.969,1
CAL-R00029,STD2,1.1,1.1342,3.106,1
CAL-R00029,STD3,2.42,2.4064,-0.563,1
CAL-R00029,STD4,5.324,5.532,3.906,1
CAL-R00029,STD5,11.7128,11.6838,-0.248,1
CAL-R00029,STD6,25.7682,26.8763,4.3,1
CAL-R00029,STD7,56.69,57.4273,1.301,1
CAL-R00029,STD8,124.7179,126.1757,1.169,1
CAL-R00030,STD1,2.0,1.8409,-7.955,1
CAL-R00030,STD2,4.4,4.6943,6.689,1
CAL-R00030,STD3,9.68,9.4718,-2.151,1
CAL-R00030,STD4,21.296,21.8737,2.713,1
CAL-R00030,STD5,46.8512,45.9664,-1.889,1
CAL-R00030,STD6,103.0726,109.4966,6.232,1
CAL-R00030,STD7,226.7598,224.0561,-1.192,1
CAL-R00030,STD8,498.8716,499.7854,0.183,1
CAL-R00031,STD1,1.0,1.0081,0.808,1
CAL-R00031,STD2,2.2,2.1939,-0.276,1
CAL-R00031,STD3,4.84,4.9229,1.712,1
CAL-R00031,STD4,10.648,11.1353,4.577,1
CAL-R00031,STD5,23.4256,23.3195,-0.453,1
CAL-R00031,STD6,51.5363,53.2286,3.284,1
CAL-R00031,STD7,113.3799,107.3847,-5.288,1
CAL-R00031,STD8,249.4358,259.7479,4.134,1
CAL-R00032,STD1,0.5,0.5135,2.705,1
CAL-R00032,STD2,1.1,1.0854,-1.323,1
CAL-R00032,STD3,2.42,2.3174,-4.238,1
CAL-R00032,STD4,5.324,5.1417,-3.424,1
CAL-R00032,STD5,11.7128,11.5205,-1.642,1
CAL-R00032,STD6,25.7682,26.2642,1.925,1
CAL-R00032,STD7,56.69,57.501,1.431,1
CAL-R00032,STD8,124.7179,121.4576,-2.614,1
CAL-R00033,STD1,2.0,2.0133,0.664,1
CAL-R00033,STD2,4.4,4.4456,1.037,1
CAL-R00033,STD3,9.68,9.9668,2.963,1
CAL-R00033,STD4,21.296,21.4675,0.805,1
CAL-R00033,STD5,46.8512,44.6903,-4.612,1
CAL-R00033,STD6,103.0726,105.2446,2.107,1
CAL-R00033,STD7,226.7598,219.3164,-3.283,1
CAL-R00033,STD8,498.8716,494.9137,-0.793,1
CAL-R00034,STD1,1.0,0.9951,-0.495,1
CAL-R00034,STD2,2.2,2.1715,-1.294,1
CAL-R00034,STD3,4.84,4.7338,-2.194,1
CAL-R00034,STD4,10.648,10.1561,-4.62,1
CAL-R00034,STD5,23.4256,23.4743,0.208,1
CAL-R00034,STD6,51.5363,50.9965,-1.048,1
CAL-R00034,STD7,113.3799,117.506,3.639,1
CAL-R00034,STD8,249.4358,241.6508,-3.121,1
CAL-R00035,STD1,0.5,0.4784,-4.328,1
CAL-R00035,STD2,1.1,1.073,-2.451,1
CAL-R00035,STD3,2.42,2.3547,-2.7,1
CAL-R00035,STD4,5.324,5.5403,4.063,1
CAL-R00035,STD5,11.7128,11.3079,-3.457,1
CAL-R00035,STD6,25.7682,25.905,0.531,1
CAL-R00035,STD7,56.69,54.7172,-3.48,1
CAL-R00035,STD8,124.7179,122.7755,-1.557,1
CAL-R00036,STD1,2.0,2.0093,0.466,1
CAL-R00036,STD2,4.4,4.5796,4.083,1
CAL-R00036,STD3,9.68,9.8776,2.041,1
CAL-R00036,STD4,21.296,20.6202,-3.173,1
CAL-R00036,STD5,46.8512,45.7855,-2.275,1
CAL-R00036,STD6,103.0726,101.479,-1.546,1
CAL-R00036,STD7,226.7598,229.465,1.193,1
CAL-R00036,STD8,498.8716,504.319,1.092,1
CAL-R00037,STD1,1.0,1.0244,2.443,1
CAL-R00037,STD2,2.2,2.3352,6.146,1
CAL-R00037,STD3,4.84,5.0125,3.564,1
CAL-R00037,STD4,10.648,10.3856,-2.464,1
CAL-R00037,STD5,23.4256,22.9522,-2.021,1
CAL-R00037,STD6,51.5363,50.3574,-2.288,1
CAL-R00037,STD7,113.3799,110.1943,-2.81,1
CAL-R00037,STD8,249.4358,258.1873,3.509,1
CAL-R00038,STD1,0.5,0.4784,-4.322,1
CAL-R00038,STD2,1.1,1.0911,-0.808,1
CAL-R00038,STD3,2.42,2.419,-0.04,1
CAL-R00038,STD4,5.324,5.1168,-3.891,1
CAL-R00038,STD5,11.7128,11.7591,0.395,1
CAL-R00038,STD6,25.7682,25.9251,0.609,1
CAL-R00038,STD7,56.69,58.3781,2.978,1
CAL-R00038,STD8,124.7179,127.4873,2.221,1
CAL-R00039,STD1,2.0,2.1146,5.729,1
CAL-R00039,STD2,4.4,4.5313,2.985,1
CAL-R00039,STD3,9.68,9.9516,2.806,1
CAL-R00039,STD4,21.296,22.047,3.526,1
CAL-R00039,STD5,46.8512,46.4732,-0.807,1
CAL-R00039,STD6,103.0726,105.2809,2.142,1
CAL-R00039,STD7,226.7598,232.5495,2.553,1
CAL-R00039,STD8,498.8716,504.1098,1.05,1
CAL-R00040,STD1,1.0,0.9693,-3.069,1
CAL-R00040,STD2,2.2,2.2325,1.477,1
CAL-R00040,STD3,4.84,4.7547,-1.763,1
CAL-R00040,STD4,10.648,10.5419,-0.996,1
CAL-R00040,STD5,23.4256,24.1547,3.113,1
CAL-R00040,STD6,51.5363,53.5159,3.841,1
CAL-R00040,STD7,113.3799,113.3874,0.007,1
CAL-R00040,STD8,249.4358,249.8177,0.153,1
CAL-R00041,STD1,0.5,0.4913,-1.748,1
CAL-R00041,STD2,1.1,1.0496,-4.581,1
CAL-R00041,STD3,2.42,2.4493,1.212,1
CAL-R00041,STD4,5.324,5.5578,4.391,1
CAL-R00041,STD5,11.7128,12.195,4.117,1
CAL-R00041,STD6,25.7682,25.5129,-0.991,1
CAL-R00041,STD7,56.69,56.2277,-0.815,1
CAL-R00041,STD8,124.7179,121.2101,-2.813,1
CAL-R00042,STD1,2.0,2.1674,8.372,1
CAL-R00042,STD2,4.4,4.4176,0.401,1
CAL-R00042,STD3,9.68,9.0807,-6.191,1
CAL-R00042,STD4,21.296,21.3837,0.412,1
CAL-R00042,STD5,46.8512,46.5588,-0.624,1
CAL-R00042,STD6,103.0726,98.4371,-4.497,1
CAL-R00042,STD7,226.7598,223.9468,-1.241,1
CAL-R00042,STD8,498.8716,520.1434,4.264,1
CAL-R00043,STD1,1.0,1.0427,4.272,1
CAL-R00043,STD2,2.2,2.2583,2.649,1
CAL-R00043,STD3,4.84,5.0585,4.514,1
CAL-R00043,STD4,10.648,10.4394,-1.959,1
CAL-R00043,STD5,23.4256,23.3297,-0.409,1
CAL-R00043,STD6,51.5363,53.2877,3.398,1
CAL-R00043,STD7,113.3799,112.0838,-1.143,1
CAL-R00043,STD8,249.4358,249.2229,-0.085,1
CAL-R00044,STD1,0.5,0.522,4.39,1
CAL-R00044,STD2,1.1,1.1317,2.879,1
CAL-R00044,STD3,2.42,2.4494,1.215,1
CAL-R00044,STD4,5.324,5.0577,-5.001,1
CAL-R00044,STD5,11.7128,12.0123,2.557,1
CAL-R00044,STD6,25.7682,25.2363,-2.064,1
CAL-R00044,STD7,56.69,58.951,3.988,1
CAL-R00044,STD8,124.7179,131.2093,5.205,1
CAL-R00045,STD1,2.0,2.0143,0.714,1
CAL-R00045,STD2,4.4,4.412,0.273,1
CAL-R00045,STD3,9.68,9.7029,0.237,1
CAL-R00045,STD4,21.296,22.68,6.499,1
CAL-R00045,STD5,46.8512,48.2357,2.955,1
CAL-R00045,STD6,103.0726,105.0355,1.904,1
CAL-R00045,STD7,226.7598,235.7017,3.943,1
CAL-R00045,STD8,498.8716,492.2537,-1.327,1
CAL-R00046,STD1,1.0,1.0039,0.393,1
CAL-R00046,STD2,2.2,2.2023,0.104,1
CAL-R00046,STD3,4.84,4.9881,3.059,1
CAL-R00046,STD4,10.648,10.8053,1.478,1
CAL-R00046,STD5,23.4256,23.2321,-0.826,1
CAL-R00046,STD6,51.5363,52.766,2.386,1
CAL-R00046,STD7,113.3799,120.012,5.849,1
CAL-R00046,STD8,249.4358,251.5098,0.831,1
CAL-R00047,STD1,0.5,0.4856,-2.889,1
CAL-R00047,STD2,1.1,1.1694,6.308,1
CAL-R00047,STD3,2.42,2.3483,-2.961,1
CAL-R00047,STD4,5.324,5.3337,0.182,1
CAL-R00047,STD5,11.7128,11.2785,-3.708,1
CAL-R00047,STD6,25.7682,25.9532,0.718,1
CAL-R00047,STD7,56.69,56.7431,0.094,1
CAL-R00047,STD8,124.7179,122.3027,-1.936,1
CAL-R00048,STD1,2.0,2.0529,2.644,1
CAL-R00048,STD2,4.4,4.179,-5.023,1
CAL-R00048,STD3,9.68,9.5839,-0.993,1
CAL-R00048,STD4,21.296,20.9994,-1.393,1
CAL-R00048,STD5,46.8512,49.237,5.092,1
CAL-R00048,STD6,103.0726,104.3088,1.199,1
CAL-R00048,STD7,226.7598,229.5425,1.227,1
CAL-R00048,STD8,498.8716,471.9103,-5.404,1
CAL-R00049,STD1,1.0,0.9749,-2.512,1
CAL-R00049,STD2,2.2,2.1854,-0.663,1
CAL-R00049,STD3,4.84,5.0647,4.642,1
CAL-R00049,STD4,10.648,10.5537,-0.886,1
CAL-R00049,STD5,23.4256,23.799,1.594,1
CAL-R00049,STD6,51.5363,48.9611,-4.997,1
CAL-R00049,STD7,113.3799,116.6391,2.875,1
CAL-R00049,STD8,249.4358,247.5181,-0.769,1
CAL-R00050,STD1,0.5,0.5217,4.336,1
CAL-R00050,STD2,1.1,1.0955,-0.407,1
CAL-R00050,STD3,2.42,2.5109,3.755,1
CAL-R00050,STD4,5.324,5.4455,2.283,1
CAL-R00050,STD5,11.7128,11.8971,1.574,1
CAL-R00050,STD6,25.7682,25.9975,0.89,1
CAL-R00050,STD7,56.69,55.7149,-1.72,1
CAL-R00050,STD8,124.7179,121.8708,-2.283,1
CAL-R00051,STD1,2.0,2.0591,2.954,1
CAL-R00051,STD2,4.4,4.5461,3.321,1
CAL-R00051,STD3,9.68,9.66,-0.207,1
CAL-R00051,STD4,21.296,21.5804,1.335,1
CAL-R00051,STD5,46.8512,44.6652,-4.666,1
CAL-R00051,STD6,103.0726,96.7998,-6.086,1
CAL-R00051,STD7,226.7598,233.976,3.182,1
CAL-R00051,STD8,498.8716,471.7348,-5.44,1
CAL-R00052,STD1,1.0,0.9713,-2.869,1
CAL-R00052,STD2,2.2,2.2393,1.788,1
CAL-R00052,STD3,4.84,4.6547,-3.828,1
CAL-R00052,STD4,10.648,11.4219,7.268,1
CAL-R00052,STD5,23.4256,23.7816,1.52,1
CAL-R00052,STD6,51.5363,50.6468,-1.726,1
CAL-R00052,STD7,113.3799,112.8552,-0.463,1
CAL-R00052,STD8,249.4358,233.997,-6.189,1
CAL-R00053,STD1,0.5,0.5175,3.491,1
CAL-R00053,STD2,1.1,1.0607,-3.573,1
CAL-R00053,STD3,2.42,2.37,-2.068,1
CAL-R00053,STD4,5.324,5.0406,-5.323,1
CAL-R00053,STD5,11.7128,11.6114,-0.865,1
CAL-R00053,STD6,25.7682,25.008,-2.95,1
CAL-R00053,STD7,56.69,60.9941,7.592,1
CAL-R00053,STD8,124.7179,128.7405,3.225,1
CAL-R00054,STD1,2.0,1.9677,-1.616,1
CAL-R00054,STD2,4.4,4.4685,1.558,1
CAL-R00054,STD3,9.68,9.9453,2.741,1
CAL-R00054,STD4,21.296,21.1317,-0.772,1
CAL-R00054,STD5,46.8512,49.1001,4.8,1
CAL-R00054,STD6,103.0726,105.7741,2.621,1
CAL-R00054,STD7,226.7598,218.7581,-3.529,1
CAL-R00054,STD8,498.8716,530.2082,6.281,1
CAL-R00055,STD1,1.0,0.9631,-3.691,1
CAL-R00055,STD2,2.2,2.1285,-3.25,1
CAL-R00055,STD3,4.84,4.568,-5.62,1
CAL-R00055,STD4,10.648,10.1191,-4.967,1
CAL-R00055,STD5,23.4256,23.7705,1.472,1
CAL-R00055,STD6,51.5363,53.409,3.634,1
CAL-R00055,STD7,113.3799,116.2773,2.555,1
CAL-R00055,STD8,249.4358,230.0411,-7.775,1
CAL-R00056,STD1,0.5,0.4744,-5.114,1
CAL-R00056,STD2,1.1,1.1275,2.497,1
CAL-R00056,STD3,2.42,2.3987,-0.88,1
CAL-R00056,STD4,5.324,5.1386,-3.482,1
CAL-R00056,STD5,11.7128,11.0744,-5.45,1
CAL-R00056,STD6,25.7682,26.4299,2.568,1
CAL-R00056,STD7,56.69,57.6519,1.697,1
CAL-R00056,STD8,124.7179,124.981,0.211,1
CAL-R00057,STD1,2.0,1.9287,-3.566,1
CAL-R00057,STD2,4.4,4.5828,4.155,1
CAL-R00057,STD3,9.68,9.6267,-0.55,1
CAL-R00057,STD4,21.296,21.7829,2.287,1
CAL-R00057,STD5,46.8512,48.3782,3.259,1
CAL-R00057,STD6,103.0726,102.0274,-1.014,1
CAL-R00057,STD7,226.7598,220.8357,-2.613,1
CAL-R00057,STD8,498.8716,496.0229,-0.571,1
CAL-R00058,STD1,1.0,1.0417,4.172,1
CAL-R00058,STD2,2.2,2.2151,0.688,1
CAL-R00058,STD3,4.84,5.0252,3.826,1
CAL-R00058,STD4,10.648,11.1172,4.407,1
CAL-R00058,STD5,23.4256,23.0536,-1.588,1
CAL-R00058,STD6,51.5363,51.3258,-0.408,1
CAL-R00058,STD7,113.3799,116.8262,3.04,1
CAL-R00058,STD8,249.4358,259.3772,3.986,1
CAL-R00059,STD1,0.5,0.4839,-3.216,1
CAL-R00059,STD2,1.1,1.0848,-1.378,1
CAL-R00059,STD3,2.42,2.4527,1.351,1
CAL-R00059,STD4,5.324,5.2134,-2.077,1
CAL-R00059,STD5,11.7128,11.7575,0.382,1
CAL-R00059,STD6,25.7682,25.9788,0.817,1
CAL-R00059,STD7,56.69,53.9093,-4.905,1
CAL-R00059,STD8,124.7179,123.5874,-0.906,1
CAL-R00060,STD1,2.0,2.0748,3.741,1
CAL-R00060,STD2,4.4,4.5575,3.579,1
CAL-R00060,STD3,9.68,9.6835,0.036,1
CAL-R00060,STD4,21.296,21.278,-0.085,1
CAL-R00060,STD5,46.8512,45.7686,-2.311,1
CAL-R00060,STD6,103.0726,106.1456,2.981,1
CAL-R00060,STD7,226.7598,224.6946,-0.911,1
CAL-R00060,STD8,498.8716,500.0069,0.228,1
CAL-R00061,STD1,1.0,1.0457,4.573,1
CAL-R00061,STD2,2.2,2.1902,-0.446,1
CAL-R00061,STD3,4.84,4.8067,-0.687,1
CAL-R00061,STD4,10.648,10.7449,0.91,1
CAL-R00061,STD5,23.4256,23.4045,-0.09,1
CAL-R00061,STD6,51.5363,47.3481,-8.127,1
CAL-R00061,STD7,113.3799,114.0379,0.58,1
CAL-R00061,STD8,249.4358,233.7851,-6.274,1
CAL-R00062,STD1,0.5,0.5044,0.878,1
CAL-R00062,STD2,1.1,1.1142,1.289,1
CAL-R00062,STD3,2.42,2.5113,3.772,1
CAL-R00062,STD4,5.324,5.2232,-1.893,1
CAL-R00062,STD5,11.7128,11.6507,-0.53,1
CAL-R00062,STD6,25.7682,27.2909,5.909,1
CAL-R00062,STD7,56.69,55.068,-2.861,1
CAL-R00062,STD8,124.7179,125.9447,0.984,1
CAL-R00063,STD1,2.0,2.0937,4.684,1
CAL-R00063,STD2,4.4,4.2786,-2.758,1
CAL-R00063,STD3,9.68,9.5568,-1.272,1
CAL-R00063,STD4,21.296,21.7195,1.989,1
CAL-R00063,STD5,46.8512,48.5773,3.684,1
CAL-R00063,STD6,103.0726,103.8771,0.781,1
CAL-R00063,STD7,226.7598,225.1304,-0.719,1
CAL-R00063,STD8,498.8716,507.3973,1.709,1
CAL-R00064,STD1,1.0,0.9916,-0.844,1
CAL-R00064,STD2,2.2,2.2834,3.793,1
CAL-R00064,STD3,4.84,5.1901,7.234,1
CAL-R00064,STD4,10.648,10.5893,-0.551,1
CAL-R00064,STD5,23.4256,23.5998,0.744,1
CAL-R00064,STD6,51.5363,51.893,0.692,1
CAL-R00064,STD7,113.3799,110.9809,-2.116,1
CAL-R00064,STD8,249.4358,257.5336,3.246,1
CAL-R00065,STD1,0.5,0.4915,-1.698,1
CAL-R00065,STD2,1.1,1.1141,1.284,1
CAL-R00065,STD3,2.42,2.4837,2.632,1
CAL-R00065,STD4,5.324,5.2877,-0.682,1
CAL-R00065,STD5,11.7128,11.2406,-4.032,1
CAL-R00065,STD6,25.7682,26.3856,2.396,1
CAL-R00065,STD7,56.69,54.0073,-4.732,1
CAL-R00065,STD8,124.7179,126.9102,1.758,1
CAL-R00066,STD1,2.0,2.003,0.15,1
CAL-R00066,STD2,4.4,4.2427,-3.575,1
CAL-R00066,STD3,9.68,9.7283,0.499,1
CAL-R00066,STD4,21.296,21.4537,0.741,1
CAL-R00066,STD5,46.8512,45.0308,-3.886,1
CAL-R00066,STD6,103.0726,109.4581,6.195,1
CAL-R00066,STD7,226.7598,231.5605,2.117,1
CAL-R00066,STD8,498.8716,490.6929,-1.639,1
CAL-R00067,STD1,1.0,1.0456,4.563,1
CAL-R00067,STD2,2.2,2.2295,1.342,1
CAL-R00067,STD3,4.84,4.9755,2.799,1
CAL-R00067,STD4,10.648,10.5718,-0.715,1
CAL-R00067,STD5,23.4256,23.3455,-0.342,1
CAL-R00067,STD6,51.5363,51.7054,0.328,1
CAL-R00067,STD7,113.3799,108.8365,-4.007,1
CAL-R00067,STD8,249.4358,241.3771,-3.231,1
CAL-R00068,STD1,0.5,0.5084,1.69,1
CAL-R00068,STD2,1.1,1.097,-0.275,1
CAL-R00068,STD3,2.42,2.452,1.321,1
CAL-R00068,STD4,5.324,5.3126,-0.215,1
CAL-R00068,STD5,11.7128,10.7506,-8.215,1
CAL-R00068,STD6,25.7682,24.9042,-3.353,1
CAL-R00068,STD7,56.69,58.1055,2.497,1
CAL-R00068,STD8,124.7179,125.6314,0.732,1
CAL-R00069,STD1,2.0,1.8949,-5.253,1
CAL-R00069,STD2,4.4,4.343,-1.295,1
CAL-R00069,STD3,9.68,9.6314,-0.502,1
CAL-R00069,STD4,21.296,20.5853,-3.337,1
CAL-R00069,STD5,46.8512,46.6329,-0.466,1
CAL-R00069,STD6,103.0726,99.3735,-3.589,1
CAL-R00069,STD7,226.7598,234.4725,3.401,1
CAL-R00069,STD8,498.8716,507.1599,1.661,1
CAL-R00070,STD1,1.0,0.9932,-0.675,1
CAL-R00070,STD2,2.2,2.2371,1.686,1
CAL-R00070,STD3,4.84,4.7932,-0.967,1
CAL-R00070,STD4,10.648,10.1166,-4.991,1
CAL-R00070,STD5,23.4256,22.8663,-2.387,1
CAL-R00070,STD6,51.5363,52.5161,1.901,1
CAL-R00070,STD7,113.3799,110.9712,-2.124,1
CAL-R00070,STD8,249.4358,242.9573,-2.597,1
CAL-R00071,STD1,0.5,0.4888,-2.238,1
CAL-R00071,STD2,1.1,1.1064,0.584,1
CAL-R00071,STD3,2.42,2.3713,-2.011,1
CAL-R00071,STD4,5.324,5.4191,1.786,1
CAL-R00071,STD5,11.7128,12.5753,7.364,1
CAL-R00071,STD6,25.7682,26.4506,2.648,1
CAL-R00071,STD7,56.69,57.2781,1.037,1
CAL-R00071,STD8,124.7179,126.7031,1.592,1
CAL-R00072,STD1,2.0,2.0185,0.923,1
CAL-R00072,STD2,4.4,4.2066,-4.396,1
CAL-R00072,STD3,9.68,10.371,7.138,1
CAL-R00072,STD4,21.296,21.9752,3.189,1
CAL-R00072,STD5,46.8512,48.0709,2.603,1
CAL-R00072,STD6,103.0726,101.3317,-1.689,1
CAL-R00072,STD7,226.7598,218.8214,-3.501,1
CAL-R00072,STD8,498.8716,471.2334,-5.54,1
CAL-R00073,STD1,1.0,1.0717,7.17,1
CAL-R00073,STD2,2.2,2.2622,2.826,1
CAL-R00073,STD3,4.84,4.8573,0.358,1
CAL-R00073,STD4,10.648,10.6654,0.164,1
CAL-R00073,STD5,23.4256,23.2881,-0.587,1
CAL-R00073,STD6,51.5363,51.4246,-0.217,1
CAL-R00073,STD7,113.3799,108.2377,-4.535,1
CAL-R00073,STD8,249.4358,253.3163,1.556,1
CAL-R00074,STD1,0.5,0.5196,3.914,1
CAL-R00074,STD2,1.1,1.0587,-3.759,1
CAL-R00074,STD3,2.42,2.3929,-1.121,1
CAL-R00074,STD4,5.324,5.1415,-3.427,1
CAL-R00074,STD5,11.7128,11.7193,0.055,1
CAL-R00074,STD6,25.7682,25.9922,0.869,1
CAL-R00074,STD7,56.69,58.1627,2.598,1
CAL-R00074,STD8,124.7179,128.3214,2.889,1
CAL-R00075,STD1,2.0,2.0668,3.339,1
CAL-R00075,STD2,4.4,4.5531,3.479,1
CAL-R00075,STD3,9.68,9.3748,-3.153,1
CAL-R00075,STD4,21.296,21.2574,-0.181,1
CAL-R00075,STD5,46.8512,48.0651,2.591,1
CAL-R00075,STD6,103.0726,101.7145,-1.318,1
CAL-R00075,STD7,226.7598,228.0465,0.567,1
CAL-R00075,STD8,498.8716,523.6967,4.976,1
CAL-R00076,STD1,1.0,1.0557,5.566,1
CAL-R00076,STD2,2.2,2.2175,0.796,1
CAL-R00076,STD3,4.84,4.8007,-0.812,1
CAL-R00076,STD4,10.648,10.6748,0.252,1
CAL-R00076,STD5,23.4256,23.4489,0.1,1
CAL-R00076,STD6,51.5363,52.0399,0.977,1
CAL-R00076,STD7,113.3799,114.7695,1.226,1
CAL-R00076,STD8,249.4358,248.2569,-0.473,1
CAL-R00077,STD1,0.5,0.5195,3.895,1
CAL-R00077,STD2,1.1,1.1119,1.079,1
CAL-R00077,STD3,2.42,2.3449,-3.105,1
CAL-R00077,STD4,5.324,5.3211,-0.055,1
CAL-R00077,STD5,11.7128,11.8274,0.978,1
CAL-R00077,STD6,25.7682,25.4673,-1.167,1
CAL-R00077,STD7,56.69,58.524,3.235,1
CAL-R00077,STD8,124.7179,128.474,3.012,1
CAL-R00078,STD1,2.0,2.0196,0.981,1
CAL-R00078,STD2,4.4,4.4108,0.247,1
CAL-R00078,STD3,9.68,9.9545,2.835,1
CAL-R00078,STD4,21.296,21.3695,0.345,1
CAL-R00078,STD5,46.8512,46.9616,0.236,1
CAL-R00078,STD6,103.0726,99.0807,-3.873,1
CAL-R00078,STD7,226.7598,232.0873,2.349,1
CAL-R00078,STD8,498.8716,509.3806,2.107,1
CAL-R00079,STD1,1.0,0.9761,-2.39,1
CAL-R00079,STD2,2.2,2.3284,5.834,1
CAL-R00079,STD3,4.84,4.5922,-5.12,1
CAL-R00079,STD4,10.648,9.9473,-6.581,1
CAL-R00079,STD5,23.4256,24.2511,3.524,1
CAL-R00079,STD6,51.5363,50.9472,-1.143,1
CAL-R00079,STD7,113.3799,111.0207,-2.081,1
CAL-R00079,STD8,249.4358,251.1836,0.701,1
CAL-R00080,STD1,0.5,0.4807,-3.857,1
CAL-R00080,STD2,1.1,1.0751,-2.259,1
CAL-R00080,STD3,2.42,2.3659,-2.236,1
CAL-R00080,STD4,5.324,5.1077,-4.063,1
CAL-R00080,STD5,11.7128,11.6071,-0.903,1
CAL-R00080,STD6,25.7682,25.9825,0.832,1
CAL-R00080,STD7,56.69,56.7784,0.156,1
CAL-R00080,STD8,124.7179,123.754,-0.773,1
CAL-R00081,STD1,2.0,1.9582,-2.09,1
CAL-R00081,STD2,4.4,4.1724,-5.173,1
CAL-R00081,STD3,9.68,9.5285,-1.565,1
CAL-R00081,STD4,21.296,21.8427,2.567,1
CAL-R00081,STD5,46.8512,48.1602,2.794,1
CAL-R00081,STD6,103.0726,104.53,1.414,1
CAL-R00081,STD7,226.7598,226.9699,0.093,1
CAL-R00081,STD8,498.8716,490.4404,-1.69,1
CAL-R00082,STD1,1.0,0.9813,-1.873,1
CAL-R00082,STD2,2.2,2.1457,-2.467,1
CAL-R00082,STD3,4.84,5.122,5.827,1
CAL-R00082,STD4,10.648,11.1904,5.094,1
CAL-R00082,STD5,23.4256,22.3122,-4.753,1
CAL-R00082,STD6,51.5363,52.1516,1.194,1
CAL-R00082,STD7,113.3799,113.8617,0.425,1
CAL-R00082,STD8,249.4358,253.8307,1.762,1
CAL-R00083,STD1,0.5,0.4826,-3.486,1
CAL-R00083,STD2,1.1,1.1079,0.722,1
CAL-R00083,STD3,2.42,2.2898,-5.382,1
CAL-R00083,STD4,5.324,5.1426,-3.408,1
CAL-R00083,STD5,11.7128,12.0178,2.604,1
CAL-R00083,STD6,25.7682,26.6005,3.23,1
CAL-R00083,STD7,56.69,54.9692,-3.035,1
CAL-R00083,STD8,124.7179,123.3092,-1.129,1
CAL-R00084,STD1,2.0,2.0265,1.324,1
CAL-R00084,STD2,4.4,4.437,0.84,1
CAL-R00084,STD3,9.68,9.3767,-3.133,1
CAL-R00084,STD4,21.296,21.9778,3.201,1
CAL-R00084,STD5,46.8512,48.7979,4.155,1
CAL-R00084,STD6,103.0726,102.0001,-1.041,1
CAL-R00084,STD7,226.7598,230.3341,1.576,1
CAL-R00084,STD8,498.8716,508.3445,1.899,1
CAL-R00085,STD1,1.0,1.0493,4.931,1
CAL-R00085,STD2,2.2,2.2022,0.098,1
CAL-R00085,STD3,4.84,4.8607,0.427,1
CAL-R00085,STD4,10.648,10.3046,-3.225,1
CAL-R00085,STD5,23.4256,23.716,1.24,1
CAL-R00085,STD6,51.5363,50.4246,-2.157,1
CAL-R00085,STD7,113.3799,113.3999,0.018,1
CAL-R00085,STD8,249.4358,247.4427,-0.799,1
CAL-R00086,STD1,0.5,0.495,-0.998,1
CAL-R00086,STD2,1.1,1.1119,1.08,1
CAL-R00086,STD3,2.42,2.351,-2.852,1
CAL-R00086,STD4,5.324,5.2536,-1.322,1
CAL-R00086,STD5,11.7128,11.6607,-0.444,1
CAL-R00086,STD6,25.7682,25.2133,-2.153,1
CAL-R00086,STD7,56.69,57.4777,1.39,1
CAL-R00086,STD8,124.7179,127.3293,2.094,1
CAL-R00087,STD1,2.0,1.9526,-2.368,1
CAL-R00087,STD2,4.4,4.1576,-5.509,1
CAL-R00087,STD3,9.68,9.2652,-4.285,1
CAL-R00087,STD4,21.296,20.3543,-4.422,1
CAL-R00087,STD5,46.8512,45.3104,-3.289,1
CAL-R00087,STD6,103.0726,107.6381,4.429,1
CAL-R00087,STD7,226.7598,220.9136,-2.578,1
CAL-R00087,STD8,498.8716,509.2101,2.072,1
CAL-R00088,STD1,1.0,0.984,-1.601,1
CAL-R00088,STD2,2.2,2.3145,5.206,1
CAL-R00088,STD3,4.84,4.7465,-1.932,1
CAL-R00088,STD4,10.648,10.4025,-2.305,1
CAL-R00088,STD5,23.4256,24.8003,5.868,1
CAL-R00088,STD6,51.5363,50.0924,-2.802,1
CAL-R00088,STD7,113.3799,118.7359,4.724,1
CAL-R00088,STD8,249.4358,241.6809,-3.109,1
CAL-R00089,STD1,0.5,0.4969,-0.629,1
CAL-R00089,STD2,1.1,1.0776,-2.036,1
CAL-R00089,STD3,2.42,2.3563,-2.634,1
CAL-R00089,STD4,5.324,5.2352,-1.668,1
CAL-R00089,STD5,11.7128,11.0867,-5.346,1
CAL-R00089,STD6,25.7682,26.2065,1.701,1
CAL-R00089,STD7,56.69,56.7424,0.093,1
CAL-R00089,STD8,124.7179,125.9433,0.983,1
CAL-R00090,STD1,2.0,1.9306,-3.47,1
CAL-R00090,STD2,4.4,4.3569,-0.98,1
CAL-R00090,STD3,9.68,9.3806,-3.093,1
CAL-R00090,STD4,21.296,21.0272,-1.262,1
CAL-R00090,STD5,46.8512,44.523,-4.969,1
CAL-R00090,STD6,103.0726,104.1339,1.03,1
CAL-R00090,STD7,226.7598,234.4435,3.388,1
CAL-R00090,STD8,498.8716,538.3217,7.908,1
CAL-R00091,STD1,1.0,1.0123,1.225,1
CAL-R00091,STD2,2.2,2.1609,-1.775,1
CAL-R00091,STD3,4.84,5.0312,3.95,1
CAL-R00091,STD4,10.648,10.8668,2.055,1
CAL-R00091,STD5,23.4256,23.9419,2.204,1
CAL-R00091,STD6,51.5363,51.4971,-0.076,1
CAL-R00091,STD7,113.3799,111.8731,-1.329,1
CAL-R00091,STD8,249.4358,247.3416,-0.84,1
CAL-R00092,STD1,0.5,0.5149,2.973,1
CAL-R00092,STD2,1.1,1.102,0.18,1
CAL-R00092,STD3,2.42,2.3706,-2.04,1
CAL-R00092,STD4,5.324,5.303,-0.394,1
CAL-R00092,STD5,11.7128,11.3851,-2.798,1
CAL-R00092,STD6,25.7682,25.4439,-1.259,1
CAL-R00092,STD7,56.69,58.5745,3.324,1
CAL-R00092,STD8,124.7179,115.0889,-7.721,1
CAL-R00093,STD1,2.0,2.0195,0.976,1
CAL-R00093,STD2,4.4,4.3826,-0.396,1
CAL-R00093,STD3,9.68,10.0684,4.012,1
CAL-R00093,STD4,21.296,21.4488,0.717,1
CAL-R00093,STD5,46.8512,46.9432,0.196,1
CAL-R00093,STD6,103.0726,107.854,4.639,1
CAL-R00093,STD7,226.7598,240.2545,5.951,1
CAL-R00093,STD8,498.8716,493.9493,-0.987,1
CAL-R00094,STD1,1.0,0.9622,-3.781,1
CAL-R00094,STD2,2.2,2.164,-1.635,1
CAL-R00094,STD3,4.84,4.7994,-0.838,1
CAL-R00094,STD4,10.648,10.2747,-3.506,1
CAL-R00094,STD5,23.4256,24.2988,3.728,1
CAL-R00094,STD6,51.5363,50.6556,-1.709,1
CAL-R00094,STD7,113.3799,108.0686,-4.685,1
CAL-R00094,STD8,249.4358,252.3843,1.182,1
CAL-R00095,STD1,0.5,0.4986,-0.284,1
CAL-R00095,STD2,1.1,1.0656,-3.128,1
CAL-R00095,STD3,2.42,2.438,0.742,1
CAL-R00095,STD4,5.324,5.2959,-0.528,1
CAL-R00095,STD5,11.7128,12.3037,5.045,1
CAL-R00095,STD6,25.7682,24.9983,-2.988,1
CAL-R00095,STD7,56.69,53.3476,-5.896,1
CAL-R00095,STD8,124.7179,124.4289,-0.232,1
CAL-R00096,STD1,2.0,1.9765,-1.173,1
CAL-R00096,STD2,4.4,4.5937,4.402,1
CAL-R00096,STD3,9.68,9.4229,-2.656,1
CAL-R00096,STD4,21.296,20.4035,-4.191,1
CAL-R00096,STD5,46.8512,49.7347,6.155,1
CAL-R00096,STD6,103.0726,98.0176,-4.904,1
CAL-R00096,STD7,226.7598,242.2536,6.833,1
CAL-R00096,STD8,498.8716,472.3854,-5.309,1
CAL-R00097,STD1,1.0,1.0639,6.393,1
CAL-R00097,STD2,2.2,2.2567,2.576,1
CAL-R00097,STD3,4.84,4.9326,1.914,1
CAL-R00097,STD4,10.648,10.6723,0.228,1
CAL-R00097,STD5,23.4256,24.5725,4.896,1
CAL-R00097,STD6,51.5363,53.5016,3.813,1
CAL-R00097,STD7,113.3799,113.2355,-0.127,1
CAL-R00097,STD8,249.4358,249.7135,0.111,1
CAL-R00098,STD1,0.5,0.5069,1.375,1
CAL-R00098,STD2,1.1,1.1243,2.207,1
CAL-R00098,STD3,2.42,2.465,1.86,1
CAL-R00098,STD4,5.324,5.524,3.757,1
CAL-R00098,STD5,11.7128,11.0033,-6.057,1
CAL-R00098,STD6,25.7682,25.3697,-1.546,1
CAL-R00098,STD7,56.69,55.1956,-2.636,1
CAL-R00098,STD8,124.7179,125.865,0.92,1
CAL-R00099,STD1,2.0,1.9028,-4.862,1
CAL-R00099,STD2,4.4,4.3527,-1.076,1
CAL-R00099,STD3,9.68,9.5639,-1.199,1
CAL-R00099,STD4,21.296,21.156,-0.658,1
CAL-R00099,STD5,46.8512,46.7656,-0.183,1
CAL-R00099,STD6,103.0726,97.3777,-5.525,1
CAL-R00099,STD7,226.7598,241.841,6.651,1
CAL-R00099,STD8,498.8716,471.6861,-5.449,1
CAL-R00100,STD1,1.0,0.9672,-3.281,1
CAL-R00100,STD2,2.2,2.2935,4.248,1
CAL-R00100,STD3,4.84,4.8015,-0.795,1
CAL-R00100,STD4,10.648,10.9289,2.638,1
CAL-R00100,STD5,23.4256,23.1859,-1.023,1
CAL-R00100,STD6,51.5363,49.5247,-3.903,1
CAL-R00100,STD7,113.3799,110.5033,-2.537,1
CAL-R00100,STD8,249.4358,259.8671,4.182,1
CAL-R00101,STD1,0.5,0.4727,-5.463,1
CAL-R00101,STD2,1.1,1.1001,0.013,1
CAL-R00101,STD3,2.42,2.3328,-3.604,1
CAL-R00101,STD4,5.324,5.4087,1.592,1
CAL-R00101,STD5,11.7128,11.196,-4.413,1
CAL-R00101,STD6,25.7682,25.6106,-0.611,1
CAL-R00101,STD7,56.69,57.3408,1.148,1
CAL-R00101,STD8,124.7179,124.1788,-0.432,1
CAL-R00102,STD1,2.0,2.026,1.3,1
CAL-R00102,STD2,4.4,4.3471,-1.201,1
CAL-R00102,STD3,9.68,9.3551,-3.356,1
CAL-R00102,STD4,21.296,21.0467,-1.171,1
CAL-R00102,STD5,46.8512,46.4708,-0.812,1
CAL-R00102,STD6,103.0726,101.0331,-1.979,1
CAL-R00102,STD7,226.7598,225.3339,-0.629,1
CAL-R00102,STD8,498.8716,492.4605,-1.285,1
CAL-R00103,STD1,1.0,0.9946,-0.538,1
CAL-R00103,STD2,2.2,2.2484,2.198,1
CAL-R00103,STD3,4.84,5.0882,5.128,1
CAL-R00103,STD4,10.648,10.2746,-3.506,1
CAL-R00103,STD5,23.4256,22.711,-3.05,1
CAL-R00103,STD6,51.5363,53.4044,3.625,1
CAL-R00103,STD7,113.3799,115.8976,2.221,1
CAL-R00103,STD8,249.4358,252.3361,1.163,1
CAL-R00104,STD1,0.5,0.5251,5.027,1
CAL-R00104,STD2,1.1,1.1006,0.056,1
CAL-R00104,STD3,2.42,2.4735,2.211,1
CAL-R00104,STD4,5.324,5.1392,-3.471,1
CAL-R00104,STD5,11.7128,11.6456,-0.574,1
CAL-R00104,STD6,25.7682,25.3418,-1.655,1
CAL-R00104,STD7,56.69,56.0299,-1.164,1
CAL-R00104,STD8,124.7179,116.0682,-6.935,1
CAL-R00105,STD1,2.0,1.893,-5.351,1
CAL-R00105,STD2,4.4,4.7683,8.371,1
CAL-R00105,STD3,9.68,8.9824,-7.207,1
CAL-R00105,STD4,21.296,21.4739,0.835,1
CAL-R00105,STD5,46.8512,46.8958,0.095,1
CAL-R00105,STD6,103.0726,104.8343,1.709,1
CAL-R00105,STD7,226.7598,229.8675,1.37,1
CAL-R00105,STD8,498.8716,513.2828,2.889,1
CAL-R00106,STD1,1.0,1.0031,0.305,1
CAL-R00106,STD2,2.2,2.2369,1.679,1
CAL-R00106,STD3,4.84,5.0695,4.741,1
CAL-R00106,STD4,10.648,10.23,-3.926,1
CAL-R00106,STD5,23.4256,23.7902,1.557,1
CAL-R00106,STD6,51.5363,51.5681,0.062,1
CAL-R00106,STD7,113.3799,114.8163,1.267,1
CAL-R00106,STD8,249.4358,258.6825,3.707,1
CAL-R00107,STD1,0.5,0.5017,0.333,1
CAL-R00107,STD2,1.1,1.0703,-2.703,1
CAL-R00107,STD3,2.42,2.4335,0.557,1
CAL-R00107,STD4,5.324,5.2641,-1.125,1
CAL-R00107,STD5,11.7128,11.5761,-1.167,1
CAL-R00107,STD6,25.7682,26.3294,2.178,1
CAL-R00107,STD7,56.69,56.3311,-0.633,1
CAL-R00107,STD8,124.7179,128.4945,3.028,1
CAL-R00108,STD1,2.0,2.0164,0.82,1
CAL-R00108,STD2,4.4,4.4739,1.68,1
CAL-R00108,STD3,9.68,9.928,2.562,1
CAL-R00108,STD4,21.296,19.9701,-6.226,1
CAL-R00108,STD5,46.8512,47.6428,1.69,1
CAL-R00108,STD6,103.0726,101.7729,-1.261,1
CAL-R00108,STD7,226.7598,218.2561,-3.75,1
CAL-R00108,STD8,498.8716,496.6948,-0.436,1
CAL-R00109,STD1,1.0,0.9607,-3.931,1
CAL-R00109,STD2,2.2,2.1638,-1.645,1
CAL-R00109,STD3,4.84,5.0205,3.73,1
CAL-R00109,STD4,10.648,10.3455,-2.841,1
CAL-R00109,STD5,23.4256,23.9912,2.414,1
CAL-R00109,STD6,51.5363,50.7447,-1.536,1
CAL-R00109,STD7,113.3799,112.2781,-0.972,1
CAL-R00109,STD8,249.4358,243.3686,-2.432,1
CAL-R00110,STD1,0.5,0.512,2.405,1
CAL-R00110,STD2,1.1,1.0859,-1.281,1
CAL-R00110,STD3,2.42,2.4388,0.779,1
CAL-R00110,STD4,5.324,5.5852,4.907,1
CAL-R00110,STD5,11.7128,11.4658,-2.109,1
CAL-R00110,STD6,25.7682,27.0212,4.863,1
CAL-R00110,STD7,56.69,60.3067,6.38,1
CAL-R00110,STD8,124.7179,124.9824,0.212,1
CAL-R00111,STD1,2.0,2.0535,2.675,1
CAL-R00111,STD2,4.4,4.1961,-4.634,1
CAL-R00111,STD3,9.68,9.3116,-3.805,1
CAL-R00111,STD4,21.296,20.8404,-2.14,1
CAL-R00111,STD5,46.8512,47.6689,1.745,1
CAL-R00111,STD6,103.0726,102.2644,-0.784,1
CAL-R00111,STD7,226.7598,228.1908,0.631,1
CAL-R00111,STD8,498.8716,513.0501,2.842,1
CAL-R00112,STD1,1.0,1.0017,0.169,1
CAL-R00112,STD2,2.2,2.2564,2.565,1
CAL-R00112,STD3,4.84,4.8094,-0.632,1
CAL-R00112,STD4,10.648,10.5416,-0.999,1
CAL-R00112,STD5,23.4256,23.7314,1.305,1
CAL-R00112,STD6,51.5363,52.956,2.755,1
CAL-R00112,STD7,113.3799,114.8432,1.291,1
CAL-R00112,STD8,249.4358,242.8622,-2.635,1
CAL-R00113,STD1,0.5,0.4816,-3.675,1
CAL-R00113,STD2,1.1,1.1118,1.075,1
CAL-R00113,STD3,2.42,2.3053,-4.741,1
CAL-R00113,STD4,5.324,5.3183,-0.108,1
CAL-R00113,STD5,11.7128,11.356,-3.047,1
CAL-R00113,STD6,25.7682,26.5153,2.9,1
CAL-R00113,STD7,56.69,55.6665,-1.805,1
CAL-R00113,STD8,124.7179,124.1435,-0.461,1
CAL-R00114,STD1,2.0,1.9839,-0.806,1
CAL-R00114,STD2,4.4,4.3681,-0.725,1
CAL-R00114,STD3,9.68,9.5847,-0.984,1
CAL-R00114,STD4,21.296,21.7135,1.96,1
CAL-R00114,STD5,46.8512,48.5871,3.705,1
CAL-R00114,STD6,103.0726,102.9507,-0.118,1
CAL-R00114,STD7,226.7598,216.2405,-4.639,1
CAL-R00114,STD8,498.8716,505.399,1.308,1
CAL-R00115,STD1,1.0,0.9726,-2.737,1
CAL-R00115,STD2,2.2,2.0909,-4.961,1
CAL-R00115,STD3,4.84,5.0413,4.16,1
CAL-R00115,STD4,10.648,10.6,-0.451,1
CAL-R00115,STD5,23.4256,22.6828,-3.171,1
CAL-R00115,STD6,51.5363,52.0532,1.003,1
CAL-R00115,STD7,113.3799,110.6622,-2.397,1
CAL-R00115,STD8,249.4358,249.9002,0.186,1
CAL-R00116,STD1,0.5,0.4951,-0.976,1
CAL-R00116,STD2,1.1,1.0935,-0.589,1
CAL-R00116,STD3,2.42,2.4169,-0.129,1
CAL-R00116,STD4,5.324,5.4475,2.321,1
CAL-R00116,STD5,11.7128,11.669,-0.374,1
CAL-R00116,STD6,25.7682,25.7366,-0.123,1
CAL-R00116,STD7,56.69,56.9318,0.427,1
CAL-R00116,STD8,124.7179,125.6206,0.724,1
CAL-R00117,STD1,2.0,2.0133,0.663,1
CAL-R00117,STD2,4.4,4.3242,-1.722,1
CAL-R00117,STD3,9.68,9.8813,2.079,1
CAL-R00117,STD4,21.296,20.6343,-3.107,1
CAL-R00117,STD5,46.8512,45.3525,-3.199,1
CAL-R00117,STD6,103.0726,103.4955,0.41,1
CAL-R00117,STD7,226.7598,235.9253,4.042,1
CAL-R00117,STD8,498.8716,509.3689,2.104,1
CAL-R00118,STD1,1.0,0.958,-4.197,1
CAL-R00118,STD2,2.2,2.2473,2.149,1
CAL-R00118,STD3,4.84,4.7844,-1.149,1
CAL-R00118,STD4,10.648,11.0567,3.838,1
CAL-R00118,STD5,23.4256,23.1773,-1.06,1
CAL-R00118,STD6,51.5363,50.0112,-2.959,1
CAL-R00118,STD7,113.3799,114.7532,1.211,1
CAL-R00118,STD8,249.4358,258.0465,3.452,1
CAL-R00119,STD1,0.5,0.4746,-5.089,1
CAL-R00119,STD2,1.1,1.1114,1.036,1
CAL-R00119,STD3,2.42,2.3692,-2.099,1
CAL-R00119,STD4,5.324,5.4235,1.868,1
CAL-R00119,STD5,11.7128,10.9089,-6.863,1
CAL-R00119,STD6,25.7682,25.7601,-0.031,1
CAL-R00119,STD7,56.69,55.8002,-1.57,1
CAL-R00119,STD8,124.7179,120.3587,-3.495,1
CAL-R00120,STD1,2.0,2.0213,1.065,1
CAL-R00120,STD2,4.4,4.5359,3.089,1
CAL-R00120,STD3,9.68,9.3843,-3.054,1
CAL-R00120,STD4,21.296,21.2468,-0.231,1
CAL-R00120,STD5,46.8512,47.8089,2.044,1
CAL-R00120,STD6,103.0726,101.0221,-1.989,1
CAL-R00120,STD7,226.7598,224.497,-0.998,1
CAL-R00120,STD8,498.8716,493.5232,-1.072,1
CAL-R00121,STD1,1.0,1.058,5.796,1
CAL-R00121,STD2,2.2,2.1967,-0.149,1
CAL-R00121,STD3,4.84,4.9277,1.813,1
CAL-R00121,STD4,10.648,11.0159,3.456,1
CAL-R00121,STD5,23.4256,23.2765,-0.636,1
CAL-R00121,STD6,51.5363,51.9862,0.873,1
CAL-R00121,STD7,113.3799,104.6493,-7.7,1
CAL-R00121,STD8,249.4358,245.2306,-1.686,1
CAL-R00122,STD1,0.5,0.4935,-1.293,1
CAL-R00122,STD2,1.1,1.1132,1.197,1
CAL-R00122,STD3,2.42,2.2598,-6.621,1
CAL-R00122,STD4,5.324,5.4932,3.177,1
CAL-R00122,STD5,11.7128,11.7981,0.728,1
CAL-R00122,STD6,25.7682,25.6375,-0.507,1
CAL-R00122,STD7,56.69,58.4705,3.141,1
CAL-R00122,STD8,124.7179,126.3048,1.272,1
CAL-R00123,STD1,2.0,1.9429,-2.855,1
CAL-R00123,STD2,4.4,4.6056,4.673,1
CAL-R00123,STD3,9.68,9.937,2.655,1
CAL-R00123,STD4,21.296,22.0725,3.646,1
CAL-R00123,STD5,46.8512,48.011,2.476,1
CAL-R00123,STD6,103.0726,99.4594,-3.506,1
CAL-R00123,STD7,226.7598,220.5764,-2.727,1
CAL-R00123,STD8,498.8716,491.4509,-1.488,1
CAL-R00124,STD1,1.0,0.9766,-2.336,1
CAL-R00124,STD2,2.2,2.1516,-2.199,1
CAL-R00124,STD3,4.84,4.9064,1.371,1
CAL-R00124,STD4,10.648,9.9238,-6.801,1
CAL-R00124,STD5,23.4256,24.8867,6.237,1
CAL-R00124,STD6,51.5363,51.2249,-0.604,1
CAL-R00124,STD7,113.3799,114.7626,1.22,1
CAL-R00124,STD8,249.4358,246.3664,-1.231,1
CAL-R00125,STD1,0.5,0.5086,1.717,1
CAL-R00125,STD2,1.1,1.0896,-0.948,1
CAL-R00125,STD3,2.42,2.2806,-5.76,1
CAL-R00125,STD4,5.324,5.4248,1.894,1
CAL-R00125,STD5,11.7128,10.7906,-7.873,1
CAL-R00125,STD6,25.7682,25.114,-2.539,1
CAL-R00125,STD7,56.69,54.8032,-3.328,1
CAL-R00125,STD8,124.7179,130.2389,4.427,1
CAL-R00126,STD1,2.0,1.9735,-1.324,1
CAL-R00126,STD2,4.4,4.3665,-0.762,1
CAL-R00126,STD3,9.68,9.3079,-3.844,1
CAL-R00126,STD4,21.296,21.7394,2.082,1
CAL-R00126,STD5,46.8512,48.3405,3.179,1
CAL-R00126,STD6,103.0726,102.1189,-0.925,1
CAL-R00126,STD7,226.7598,226.1206,-0.282,1
CAL-R00126,STD8,498.8716,521.8323,4.603,1
CAL-R00127,STD1,1.0,0.9812,-1.878,1
CAL-R00127,STD2,2.2,2.2291,1.324,1
CAL-R00127,STD3,4.84,4.7468,-1.925,1
CAL-R00127,STD4,10.648,10.599,-0.46,1
CAL-R00127,STD5,23.4256,22.8401,-2.499,1
CAL-R00127,STD6,51.5363,52.8451,2.54,1
CAL-R00127,STD7,113.3799,115.5998,1.958,1
CAL-R00127,STD8,249.4358,237.5797,-4.753,1
CAL-R00128,STD1,0.5,0.5344,6.879,1
CAL-R00128,STD2,1.1,1.0536,-4.219,1
CAL-R00128,STD3,2.42,2.3214,-4.073,1
CAL-R00128,STD4,5.324,5.371,0.882,1
CAL-R00128,STD5,11.7128,11.7741,0.523,1
CAL-R00128,STD6,25.7682,26.1533,1.495,1
CAL-R00128,STD7,56.69,58.0474,2.394,1
CAL-R00128,STD8,124.7179,125.4041,0.55,1
CAL-R00129,STD1,2.0,1.9596,-2.022,1
CAL-R00129,STD2,4.4,4.3098,-2.05,1
CAL-R00129,STD3,9.68,9.4723,-2.146,1
CAL-R00129,STD4,21.296,20.8397,-2.143,1
CAL-R00129,STD5,46.8512,47.0237,0.368,1
CAL-R00129,STD6,103.0726,102.4899,-0.565,1
CAL-R00129,STD7,226.7598,227.793,0.456,1
CAL-R00129,STD8,498.8716,493.7509,-1.026,1
CAL-R00130,STD1,1.0,1.0297,2.973,1
CAL-R00130,STD2,2.2,2.2253,1.151,1
CAL-R00130,STD3,4.84,4.9603,2.485,1
CAL-R00130,STD4,10.648,10.7111,0.593,1
CAL-R00130,STD5,23.4256,22.8132,-2.614,1
CAL-R00130,STD6,51.5363,54.1449,5.062,1
CAL-R00130,STD7,113.3799,111.2672,-1.863,1
CAL-R00130,STD8,249.4358,242.0118,-2.976,1
CAL-R00131,STD1,0.5,0.5189,3.773,1
CAL-R00131,STD2,1.1,1.0817,-1.666,1
CAL-R00131,STD3,2.42,2.4427,0.936,1
CAL-R00131,STD4,5.324,5.1588,-3.103,1
CAL-R00131,STD5,11.7128,11.2591,-3.873,1
CAL-R00131,STD6,25.7682,25.7918,0.092,1
CAL-R00131,STD7,56.69,54.8646,-3.22,1
CAL-R00131,STD8,124.7179,122.1558,-2.054,1
CAL-R00132,STD1,2.0,2.1197,5.983,1
CAL-R00132,STD2,4.4,4.5268,2.883,1
CAL-R00132,STD3,9.68,10.0261,3.576,1
CAL-R00132,STD4,21.296,20.4782,-3.84,1
CAL-R00132,STD5,46.8512,48.6097,3.753,1
CAL-R00132,STD6,103.0726,102.3837,-0.668,1
CAL-R00132,STD7,226.7598,228.1846,0.628,1
CAL-R00132,STD8,498.8716,502.8478,0.797,1
CAL-R00133,STD1,1.0,0.9797,-2.031,1
CAL-R00133,STD2,2.2,2.1322,-3.08,1
CAL-R00133,STD3,4.84,4.5804,-5.363,1
CAL-R00133,STD4,10.648,10.4229,-2.114,1
CAL-R00133,STD5,23.4256,24.2903,3.691,1
CAL-R00133,STD6,51.5363,53.0512,2.94,1
CAL-R00133,STD7,113.3799,116.472,2.727,1
CAL-R00133,STD8,249.4358,244.9369,-1.804,1
CAL-R00134,STD1,0.5,0.511,2.21,1
CAL-R00134,STD2,1.1,1.0545,-4.141,1
CAL-R00134,STD3,2.42,2.4851,2.692,1
CAL-R00134,STD4,5.324,5.1817,-2.673,1
CAL-R00134,STD5,11.7128,11.8455,1.133,1
CAL-R00134,STD6,25.7682,26.2026,1.686,1
CAL-R00134,STD7,56.69,54.8695,-3.211,1
CAL-R00134,STD8,124.7179,121.262,-2.771,1
CAL-R00135,STD1,2.0,2.0072,0.359,1
CAL-R00135,STD2,4.4,4.1181,-6.408,1
CAL-R00135,STD3,9.68,9.5669,-1.169,1
CAL-R00135,STD4,21.296,21.5413,1.152,1
CAL-R00135,STD5,46.8512,47.5576,1.508,1
CAL-R00135,STD6,103.0726,99.5015,-3.465,1
CAL-R00135,STD7,226.7598,221.7181,-2.223,1
CAL-R00135,STD8,498.8716,491.3447,-1.509,1
CAL-R00136,STD1,1.0,1.0095,0.946,1
CAL-R00136,STD2,2.2,2.3007,4.577,1
CAL-R00136,STD3,4.84,4.836,-0.082,1
CAL-R00136,STD4,10.648,10.7615,1.066,1
CAL-R00136,STD5,23.4256,24.6322,5.151,1
CAL-R00136,STD6,51.5363,49.5555,-3.844,1
CAL-R00136,STD7,113.3799,114.7155,1.178,1
CAL-R00136,STD8,249.4358,242.6608,-2.716,1
CAL-R00137,STD1,0.5,0.483,-3.406,1
CAL-R00137,STD2,1.1,1.0819,-1.642,1
CAL-R00137,STD3,2.42,2.3612,-2.432,1
CAL-R00137,STD4,5.324,5.3395,0.292,1
CAL-R00137,STD5,11.7128,11.6811,-0.271,1
CAL-R00137,STD6,25.7682,24.3493,-5.506,1
CAL-R00137,STD7,56.69,54.3653,-4.101,1
CAL-R00137,STD8,124.7179,124.2842,-0.348,1
CAL-R00138,STD1,2.0,1.9801,-0.994,1
CAL-R00138,STD2,4.4,4.3287,-1.621,1
CAL-R00138,STD3,9.68,9.7227,0.442,1
CAL-R00138,STD4,21.296,20.3921,-4.245,1
CAL-R00138,STD5,46.8512,48.49,3.498,1
CAL-R00138,STD6,103.0726,103.3466,0.266,1
CAL-R00138,STD7,226.7598,229.863,1.368,1
CAL-R00138,STD8,498.8716,509.6844,2.167,1
CAL-R00139,STD1,1.0,0.9702,-2.982,1
CAL-R00139,STD2,2.2,2.2469,2.132,1
CAL-R00139,STD3,4.84,4.75,-1.86,1
CAL-R00139,STD4,10.648,10.2048,-4.163,1
CAL-R00139,STD5,23.4256,22.212,-5.181,1
CAL-R00139,STD6,51.5363,50.5371,-1.939,1
CAL-R00139,STD7,113.3799,113.7971,0.368,1
CAL-R00139,STD8,249.4358,240.94,-3.406,1
CAL-R00140,STD1,0.5,0.4894,-2.113,1
CAL-R00140,STD2,1.1,1.0709,-2.646,1
CAL-R00140,STD3,2.42,2.4063,-0.564,1
CAL-R00140,STD4,5.324,5.5714,4.648,1
CAL-R00140,STD5,11.7128,11.2759,-3.73,1
CAL-R00140,STD6,25.7682,25.4028,-1.418,1
CAL-R00140,STD7,56.69,56.627,-0.111,1
CAL-R00140,STD8,124.7179,120.5222,-3.364,1
CAL-R00141,STD1,2.0,1.9096,-4.519,1
CAL-R00141,STD2,4.4,4.405,0.113,1
CAL-R00141,STD3,9.68,10.1232,4.579,1
CAL-R00141,STD4,21.296,20.9711,-1.526,1
CAL-R00141,STD5,46.8512,46.7703,-0.173,1
CAL-R00141,STD6,103.0726,99.9382,-3.041,1
CAL-R00141,STD7,226.7598,228.1178,0.599,1
CAL-R00141,STD8,498.8716,508.7113,1.972,1
CAL-R00142,STD1,1.0,0.9446,-5.541,1
CAL-R00142,STD2,2.2,2.2395,1.794,1
CAL-R00142,STD3,4.84,4.9673,2.63,1
CAL-R00142,STD4,10.648,11.1055,4.296,1
CAL-R00142,STD5,23.4256,23.1096,-1.349,1
CAL-R00142,STD6,51.5363,51.3006,-0.457,1
CAL-R00142,STD7,113.3799,114.7218,1.184,1
CAL-R00142,STD8,249.4358,246.3713,-1.229,1
CAL-R00143,STD1,0.5,0.4798,-4.038,1
CAL-R00143,STD2,1.1,1.1055,0.501,1
CAL-R00143,STD3,2.42,2.4014,-0.769,1
CAL-R00143,STD4,5.324,5.2163,-2.023,1
CAL-R00143,STD5,11.7128,11.7028,-0.085,1
CAL-R00143,STD6,25.7682,26.0433,1.068,1
CAL-R00143,STD7,56.69,57.3486,1.162,1
CAL-R00143,STD8,124.7179,125.7799,0.852,1
CAL-R00144,STD1,2.0,1.9674,-1.628,1
CAL-R00144,STD2,4.4,4.2639,-3.092,1
CAL-R00144,STD3,9.68,9.8037,1.278,1
CAL-R00144,STD4,21.296,20.7943,-2.356,1
CAL-R00144,STD5,46.8512,48.6664,3.874,1
CAL-R00144,STD6,103.0726,104.3914,1.279,1
CAL-R00144,STD7,226.7598,235.9502,4.053,1
CAL-R00144,STD8,498.8716,498.7633,-0.022,1
CAL-R00145,STD1,1.0,1.0152,1.518,1
CAL-R00145,STD2,2.2,2.1302,-3.173,1
CAL-R00145,STD3,4.84,4.9074,1.392,1
CAL-R00145,STD4,10.648,10.9358,2.703,1
CAL-R00145,STD5,23.4256,23.5952,0.724,1
CAL-R00145,STD6,51.5363,53.1126,3.059,1
CAL-R00145,STD7,113.3799,114.3886,0.89,1
CAL-R00145,STD8,249.4358,257.3754,3.183,1
CAL-R00146,STD1,0.5,0.5073,1.451,1
CAL-R00146,STD2,1.1,1.102,0.185,1
CAL-R00146,STD3,2.42,2.4481,1.16,1
CAL-R00146,STD4,5.324,5.2565,-1.269,1
CAL-R00146,STD5,11.7128,11.8088,0.819,1
CAL-R00146,STD6,25.7682,25.5706,-0.767,1
CAL-R00146,STD7,56.69,54.91,-3.14,1
CAL-R00146,STD8,124.7179,122.0249,-2.159,1
CAL-R00147,STD1,2.0,2.0347,1.736,1
CAL-R00147,STD2,4.4,4.4008,0.018,1
CAL-R00147,STD3,9.68,10.0678,4.006,1
CAL-R00147,STD4,21.296,20.2196,-5.054,1
CAL-R00147,STD5,46.8512,46.7751,-0.162,1
CAL-R00147,STD6,103.0726,101.322,-1.698,1
CAL-R00147,STD7,226.7598,227.5501,0.348,1
CAL-R00147,STD8,498.8716,488.7945,-2.02,1
CAL-R00148,STD1,1.0,0.9702,-2.975,1
CAL-R00148,STD2,2.2,2.1232,-3.491,1
CAL-R00148,STD3,4.84,5.0356,4.042,1
CAL-R00148,STD4,10.648,10.1855,-4.344,1
CAL-R00148,STD5,23.4256,23.0235,-1.716,1
CAL-R00148,STD6,51.5363,53.1262,3.085,1
CAL-R00148,STD7,113.3799,119.0776,5.025,1
CAL-R00148,STD8,249.4358,256.3863,2.786,1
CAL-R00149,STD1,0.5,0.5192,3.83,1
CAL-R00149,STD2,1.1,1.0541,-4.169,1
CAL-R00149,STD3,2.42,2.4753,2.284,1
CAL-R00149,STD4,5.324,5.4131,1.673,1
CAL-R00149,STD5,11.7128,11.4595,-2.162,1
CAL-R00149,STD6,25.7682,27.7285,7.608,1
CAL-R00149,STD7,56.69,58.8445,3.801,1
CAL-R00149,STD8,124.7179,124.6365,-0.065,1
CAL-R00150,STD1,2.0,1.964,-1.798,1
CAL-R00150,STD2,4.4,4.2763,-2.811,1
CAL-R00150,STD3,9.68,10.2327,5.71,1
CAL-R00150,STD4,21.296,22.1772,4.138,1
CAL-R00150,STD5,46.8512,46.2089,-1.371,1
CAL-R00150,STD6,103.0726,104.8667,1.741,1
CAL-R00150,STD7,226.7598,232.1817,2.391,1
CAL-R00150,STD8,498.8716,495.7938,-0.617,1
CAL-R00151,STD1,1.0,0.9952,-0.477,1
CAL-R00151,STD2,2.2,2.205,0.227,1
CAL-R00151,STD3,4.84,4.9789,2.871,1
CAL-R00151,STD4,10.648,10.3466,-2.83,1
CAL-R00151,STD5,23.4256,22.9997,-1.818,1
CAL-R00151,STD6,51.5363,52.8065,2.465,1
CAL-R00151,STD7,113.3799,116.9242,3.126,1
CAL-R00151,STD8,249.4358,245.469,-1.59,1
CAL-R00152,STD1,0.5,0.4926,-1.471,1
CAL-R00152,STD2,1.1,1.0766,-2.127,1
CAL-R00152,STD3,2.42,2.2734,-6.058,1
CAL-R00152,STD4,5.324,5.5688,4.599,1
CAL-R00152,STD5,11.7128,12.6081,7.644,1
CAL-R00152,STD6,25.7682,24.2806,-5.773,1
CAL-R00152,STD7,56.69,54.662,-3.577,1
CAL-R00152,STD8,124.7179,126.2121,1.198,1
CAL-R00153,STD1,2.0,2.0331,1.655,1
CAL-R00153,STD2,4.4,4.2418,-3.596,1
CAL-R00153,STD3,9.68,9.6649,-0.156,1
CAL-R00153,STD4,21.296,20.6112,-3.215,1
CAL-R00153,STD5,46.8512,46.0343,-1.744,1
CAL-R00153,STD6,103.0726,98.0212,-4.901,1
CAL-R00153,STD7,226.7598,215.8442,-4.814,1
CAL-R00153,STD8,498.8716,499.0362,0.033,1
CAL-R00154,STD1,1.0,0.9479,-5.215,1
CAL-R00154,STD2,2.2,2.1368,-2.875,1
CAL-R00154,STD3,4.84,4.9673,2.631,1
CAL-R00154,STD4,10.648,10.4228,-2.115,1
CAL-R00154,STD5,23.4256,24.5887,4.965,1
CAL-R00154,STD6,51.5363,52.763,2.38,1
CAL-R00154,STD7,113.3799,118.8697,4.842,1
CAL-R00154,STD8,249.4358,232.5928,-6.752,1
CAL-R00155,STD1,0.5,0.518,3.605,1
CAL-R00155,STD2,1.1,1.0416,-5.306,1
CAL-R00155,STD3,2.42,2.3574,-2.588,1
CAL-R00155,STD4,5.324,5.1564,-3.149,1
CAL-R00155,STD5,11.7128,11.2756,-3.732,1
CAL-R00155,STD6,25.7682,25.9414,0.672,1
CAL-R00155,STD7,56.69,55.5692,-1.977,1
CAL-R00155,STD8,124.7179,119.6248,-4.084,1
CAL-R00156,STD1,2.0,1.9761,-1.193,1
CAL-R00156,STD2,4.4,4.3401,-1.362,1
CAL-R00156,STD3,9.68,9.7847,1.081,1
CAL-R00156,STD4,21.296,19.8726,-6.684,1
CAL-R00156,STD5,46.8512,47.2331,0.815,1
CAL-R00156,STD6,103.0726,106.5073,3.332,1
CAL-R00156,STD7,226.7598,228.6127,0.817,1
CAL-R00156,STD8,498.8716,517.1812,3.67,1
CAL-R00157,STD1,1.0,1.0576,5.76,1
CAL-R00157,STD2,2.2,2.1117,-4.015,1
CAL-R00157,STD3,4.84,4.747,-1.921,1
CAL-R00157,STD4,10.648,10.6804,0.304,1
CAL-R00157,STD5,23.4256,23.2221,-0.869,1
CAL-R00157,STD6,51.5363,50.6579,-1.704,1
CAL-R00157,STD7,113.3799,115.7764,2.114,1
CAL-R00157,STD8,249.4358,253.428,1.6,1
CAL-R00158,STD1,0.5,0.5065,1.299,1
CAL-R00158,STD2,1.1,1.0294,-6.421,1
CAL-R00158,STD3,2.42,2.3629,-2.357,1
CAL-R00158,STD4,5.324,5.2743,-0.934,1
CAL-R00158,STD5,11.7128,11.501,-1.809,1
CAL-R00158,STD6,25.7682,24.5314,-4.8,1
CAL-R00158,STD7,56.69,57.935,2.196,1
CAL-R00158,STD8,124.7179,119.6252,-4.083,1
CAL-R00159,STD1,2.0,2.0495,2.476,1
CAL-R00159,STD2,4.4,4.3836,-0.372,1
CAL-R00159,STD3,9.68,9.7257,0.473,1
CAL-R00159,STD4,21.296,22.117,3.855,1
CAL-R00159,STD5,46.8512,46.5585,-0.625,1
CAL-R00159,STD6,103.0726,101.1765,-1.84,1
CAL-R00159,STD7,226.7598,224.6162,-0.945,1
CAL-R00159,STD8,498.8716,499.3114,0.088,1
CAL-R00160,STD1,1.0,1.0185,1.853,1
CAL-R00160,STD2,2.2,2.1306,-3.155,1
CAL-R00160,STD3,4.84,4.9469,2.208,1
CAL-R00160,STD4,10.648,10.5922,-0.524,1
CAL-R00160,STD5,23.4256,22.3183,-4.727,1
CAL-R00160,STD6,51.5363,50.9705,-1.098,1
CAL-R00160,STD7,113.3799,118.1222,4.183,1
CAL-R00160,STD8,249.4358,240.7593,-3.478,1
CAL-R00161,STD1,0.5,0.5156,3.129,1
CAL-R00161,STD2,1.1,1.1339,3.085,1
CAL-R00161,STD3,2.42,2.2719,-6.121,1
CAL-R00161,STD4,5.324,5.4174,1.754,1
CAL-R00161,STD5,11.7128,11.869,1.334,1
CAL-R00161,STD6,25.7682,26.4551,2.666,1
CAL-R00161,STD7,56.69,58.3194,2.874,1
CAL-R00161,STD8,124.7179,125.6287,0.73,1
CAL-R00162,STD1,2.0,2.0019,0.097,1
CAL-R00162,STD2,4.4,4.3706,-0.667,1
CAL-R00162,STD3,9.68,9.6907,0.11,1
CAL-R00162,STD4,21.296,21.8929,2.803,1
CAL-R00162,STD5,46.8512,45.2039,-3.516,1
CAL-R00162,STD6,103.0726,104.503,1.388,1
CAL-R00162,STD7,226.7598,227.1495,0.172,1
CAL-R00162,STD8,498.8716,491.3725,-1.503,1
CAL-R00163,STD1,1.0,1.0183,1.829,1
CAL-R00163,STD2,2.2,2.2472,2.144,1
CAL-R00163,STD3,4.84,4.9701,2.688,1
CAL-R00163,STD4,10.648,10.7364,0.83,1
CAL-R00163,STD5,23.4256,22.2073,-5.201,1
CAL-R00163,STD6,51.5363,50.9484,-1.141,1
CAL-R00163,STD7,113.3799,115.2653,1.663,1
CAL-R00163,STD8,249.4358,248.3657,-0.429,1
CAL-R00164,STD1,0.5,0.5083,1.658,1
CAL-R00164,STD2,1.1,1.0438,-5.113,1
CAL-R00164,STD3,2.42,2.4116,-0.345,1
CAL-R00164,STD4,5.324,5.4343,2.071,1
CAL-R00164,STD5,11.7128,11.5162,-1.678,1
CAL-R00164,STD6,25.7682,25.2084,-2.172,1
CAL-R00164,STD7,56.69,54.0513,-4.655,1
CAL-R00164,STD8,124.7179,128.4278,2.975,1
CAL-R00165,STD1,2.0,2.1593,7.966,1
CAL-R00165,STD2,4.4,4.5052,2.391,1
CAL-R00165,STD3,9.68,9.5205,-1.648,1
CAL-R00165,STD4,21.296,21.7924,2.331,1
CAL-R00165,STD5,46.8512,46.1773,-1.438,1
CAL-R00165,STD6,103.0726,102.7665,-0.297,1
CAL-R00165,STD7,226.7598,234.8945,3.587,1
CAL-R00165,STD8,498.8716,516.3083,3.495,1
CAL-R00166,STD1,1.0,0.978,-2.199,1
CAL-R00166,STD2,2.2,2.1821,-0.813,1
CAL-R00166,STD3,4.84,4.8052,-0.718,1
CAL-R00166,STD4,10.648,11.3071,6.19,1
CAL-R00166,STD5,23.4256,24.1499,3.092,1
CAL-R00166,STD6,51.5363,49.1862,-4.56,1
CAL-R00166,STD7,113.3799,105.6384,-6.828,1
CAL-R00166,STD8,249.4358,254.1432,1.887,1
CAL-R00167,STD1,0.5,0.5095,1.892,1
CAL-R00167,STD2,1.1,1.1093,0.848,1
CAL-R00167,STD3,2.42,2.5043,3.485,1
CAL-R00167,STD4,5.324,5.2009,-2.312,1
CAL-R00167,STD5,11.7128,11.862,1.274,1
CAL-R00167,STD6,25.7682,24.6299,-4.417,1
CAL-R00167,STD7,56.69,55.9032,-1.388,1
CAL-R00167,STD8,124.7179,126.1961,1.185,1
CAL-R00168,STD1,2.0,2.0263,1.314,1
CAL-R00168,STD2,4.4,4.311,-2.023,1
CAL-R00168,STD3,9.68,9.1604,-5.368,1
CAL-R00168,STD4,21.296,21.9083,2.875,1
CAL-R00168,STD5,46.8512,49.007,4.601,1
CAL-R00168,STD6,103.0726,99.4385,-3.526,1
CAL-R00168,STD7,226.7598,221.2699,-2.421,1
CAL-R00168,STD8,498.8716,477.4952,-4.285,1
CAL-R00169,STD1,1.0,1.0214,2.136,1
CAL-R00169,STD2,2.2,2.1802,-0.898,1
CAL-R00169,STD3,4.84,5.1229,5.845,1
CAL-R00169,STD4,10.648,10.6396,-0.079,1
CAL-R00169,STD5,23.4256,23.8256,1.707,1
CAL-R00169,STD6,51.5363,51.3028,-0.453,1
CAL-R00169,STD7,113.3799,110.657,-2.402,1
CAL-R00169,STD8,249.4358,257.3031,3.154,1
CAL-R00170,STD1,0.5,0.4717,-5.664,1
CAL-R00170,STD2,1.1,1.0971,-0.264,1
CAL-R00170,STD3,2.42,2.4134,-0.274,1
CAL-R00170,STD4,5.324,5.1104,-4.013,1
CAL-R00170,STD5,11.7128,11.857,1.231,1
CAL-R00170,STD6,25.7682,26.3088,2.098,1
CAL-R00170,STD7,56.69,56.7918,0.18,1
CAL-R00170,STD8,124.7179,125.0887,0.297,1
CAL-R00171,STD1,2.0,1.9254,-3.729,1
CAL-R00171,STD2,4.4,4.3644,-0.809,1
CAL-R00171,STD3,9.68,9.6598,-0.208,1
CAL-R00171,STD4,21.296,21.4867,0.896,1
CAL-R00171,STD5,46.8512,46.5846,-0.569,1
CAL-R00171,STD6,103.0726,103.8232,0.728,1
CAL-R00171,STD7,226.7598,242.9872,7.156,1
CAL-R00171,STD8,498.8716,495.2613,-0.724,1
CAL-R00172,STD1,1.0,1.0228,2.279,1
CAL-R00172,STD2,2.2,2.0822,-5.356,1
CAL-R00172,STD3,4.84,4.917,1.591,1
CAL-R00172,STD4,10.648,10.0964,-5.18,1
CAL-R00172,STD5,23.4256,23.0286,-1.695,1
CAL-R00172,STD6,51.5363,50.6059,-1.805,1
CAL-R00172,STD7,113.3799,112.4855,-0.789,1
CAL-R00172,STD8,249.4358,250.5768,0.457,1
CAL-R00173,STD1,0.5,0.463,-7.396,1
CAL-R00173,STD2,1.1,1.0381,-5.623,1
CAL-R00173,STD3,2.42,2.3266,-3.859,1
CAL-R00173,STD4,5.324,5.0409,-5.317,1
CAL-R00173,STD5,11.7128,11.224,-4.173,1
CAL-R00173,STD6,25.7682,25.8891,0.469,1
CAL-R00173,STD7,56.69,54.7441,-3.432,1
CAL-R00173,STD8,124.7179,118.4259,-5.045,1
CAL-R00174,STD1,2.0,2.0065,0.325,1
CAL-R00174,STD2,4.4,4.2551,-3.294,1
CAL-R00174,STD3,9.68,9.3672,-3.231,1
CAL-R00174,STD4,21.296,22.2025,4.257,1
CAL-R00174,STD5,46.8512,47.8518,2.136,1
CAL-R00174,STD6,103.0726,103.2583,0.18,1
CAL-R00174,STD7,226.7598,230.321,1.57,1
CAL-R00174,STD8,498.8716,488.0903,-2.161,1
CAL-R00175,STD1,1.0,1.0379,3.788,1
CAL-R00175,STD2,2.2,2.295,4.317,1
CAL-R00175,STD3,4.84,4.9413,2.092,1
CAL-R00175,STD4,10.648,10.1681,-4.507,1
CAL-R00175,STD5,23.4256,24.1972,3.294,1
CAL-R00175,STD6,51.5363,49.8962,-3.182,1
CAL-R00175,STD7,113.3799,115.2496,1.649,1
CAL-R00175,STD8,249.4358,260.669,4.503,1
CAL-R00176,STD1,0.5,0.4993,-0.148,1
CAL-R00176,STD2,1.1,1.1155,1.407,1
CAL-R00176,STD3,2.42,2.4041,-0.656,1
CAL-R00176,STD4,5.324,5.1889,-2.537,1
CAL-R00176,STD5,11.7128,11.7041,-0.075,1
CAL-R00176,STD6,25.7682,26.6691,3.497,1
CAL-R00176,STD7,56.69,57.0093,0.563,1
CAL-R00176,STD8,124.7179,125.4983,0.626,1
CAL-R00177,STD1,2.0,2.0333,1.667,1
CAL-R00177,STD2,4.4,4.3896,-0.237,1
CAL-R00177,STD3,9.68,9.0006,-7.019,1
CAL-R00177,STD4,21.296,21.0435,-1.186,1
CAL-R00177,STD5,46.8512,46.6841,-0.357,1
CAL-R00177,STD6,103.0726,107.0527,3.861,1
CAL-R00177,STD7,226.7598,225.7664,-0.438,1
CAL-R00177,STD8,498.8716,500.7748,0.382,1
CAL-R00178,STD1,1.0,0.9511,-4.893,1
CAL-R00178,STD2,2.2,2.1101,-4.086,1
CAL-R00178,STD3,4.84,4.556,-5.869,1
CAL-R00178,STD4,10.648,10.4945,-1.442,1
CAL-R00178,STD5,23.4256,23.7019,1.179,1
CAL-R00178,STD6,51.5363,51.5137,-0.044,1
CAL-R00178,STD7,113.3799,112.728,-0.575,1
CAL-R00178,STD8,249.4358,248.7779,-0.264,1
CAL-R00179,STD1,0.5,0.4892,-2.166,1
CAL-R00179,STD2,1.1,1.147,4.276,1
CAL-R00179,STD3,2.42,2.344,-3.139,1
CAL-R00179,STD4,5.324,5.3609,0.694,1
CAL-R00179,STD5,11.7128,10.9483,-6.527,1
CAL-R00179,STD6,25.7682,25.1542,-2.383,1
CAL-R00179,STD7,56.69,54.9007,-3.156,1
CAL-R00179,STD8,124.7179,124.8724,0.124,1
CAL-R00180,STD1,2.0,1.9846,-0.77,1
CAL-R00180,STD2,4.4,4.4351,0.797,1
CAL-R00180,STD3,9.68,9.7291,0.507,1
CAL-R00180,STD4,21.296,20.7085,-2.759,1
CAL-R00180,STD5,46.8512,47.435,1.246,1
CAL-R00180,STD6,103.0726,106.6385,3.46,1
CAL-R00180,STD7,226.7598,240.7348,6.163,1
CAL-R00180,STD8,498.8716,486.36,-2.508,1
CAL-R00181,STD1,1.0,1.0439,4.392,1
CAL-R00181,STD2,2.2,2.225,1.137,1
CAL-R00181,STD3,4.84,4.6402,-4.127,1
CAL-R00181,STD4,10.648,10.8151,1.569,1
CAL-R00181,STD5,23.4256,23.2356,-0.811,1
CAL-R00181,STD6,51.5363,49.7845,-3.399,1
CAL-R00181,STD7,113.3799,114.3909,0.892,1
CAL-R00181,STD8,249.4358,239.0036,-4.182,1
CAL-R00182,STD1,0.5,0.4484,-10.316,1
CAL-R00182,STD2,1.1,1.0902,-0.887,1
CAL-R00182,STD3,2.42,2.2996,-4.977,1
CAL-R00182,STD4,5.324,5.1587,-3.104,1
CAL-R00182,STD5,11.7128,11.0293,-5.836,1
CAL-R00182,STD6,25.7682,24.5959,-4.549,1
CAL-R00182,STD7,56.69,52.7863,-6.886,1
CAL-R00182,STD8,124.7179,112.8501,-9.516,1
CAL-R00183,STD1,2.0,1.9985,-0.075,1
CAL-R00183,STD2,4.4,4.3346,-1.486,1
CAL-R00183,STD3,9.68,9.8787,2.052,1
CAL-R00183,STD4,21.296,22.2532,4.495,1
CAL-R00183,STD5,46.8512,47.8618,2.157,1
CAL-R00183,STD6,103.0726,97.5336,-5.374,1
CAL-R00183,STD7,226.7598,233.5498,2.994,1
CAL-R00183,STD8,498.8716,532.4306,6.727,1
CAL-R00184,STD1,1.0,0.991,-0.902,1
CAL-R00184,STD2,2.2,2.1852,-0.675,1
CAL-R00184,STD3,4.84,4.6367,-4.2,1
CAL-R00184,STD4,10.648,10.7588,1.04,1
CAL-R00184,STD5,23.4256,23.3046,-0.517,1
CAL-R00184,STD6,51.5363,53.6424,4.087,1
CAL-R00184,STD7,113.3799,114.2899,0.803,1
CAL-R00184,STD8,249.4358,243.1834,-2.507,1
CAL-R00185,STD1,0.5,0.5061,1.218,1
CAL-R00185,STD2,1.1,1.1332,3.015,1
CAL-R00185,STD3,2.42,2.5157,3.955,1
CAL-R00185,STD4,5.324,5.4395,2.17,1
CAL-R00185,STD5,11.7128,11.4518,-2.228,1
CAL-R00185,STD6,25.7682,26.6875,3.568,1
CAL-R00185,STD7,56.69,51.827,-8.578,1
CAL-R00185,STD8,124.7179,124.9761,0.207,1
CAL-R00186,STD1,2.0,2.0502,2.511,1
CAL-R00186,STD2,4.4,4.5834,4.167,1
CAL-R00186,STD3,9.68,10.7776,11.339,1
CAL-R00186,STD4,21.296,22.6822,6.509,1
CAL-R00186,STD5,46.8512,51.1323,9.138,1
CAL-R00186,STD6,103.0726,109.5239,6.259,1
CAL-R00186,STD7,226.7598,238.5803,5.213,1
CAL-R00186,STD8,498.8716,525.5183,5.341,1
CAL-R00187,STD1,1.0,1.0171,1.707,1
CAL-R00187,STD2,2.2,2.1188,-3.693,1
CAL-R00187,STD3,4.84,4.9105,1.457,1
CAL-R00187,STD4,10.648,10.9176,2.532,1
CAL-R00187,STD5,23.4256,23.041,-1.642,1
CAL-R00187,STD6,51.5363,51.8057,0.523,1
CAL-R00187,STD7,113.3799,109.0895,-3.784,1
CAL-R00187,STD8,249.4358,243.6975,-2.3,1
CAL-R00188,STD1,0.5,0.4545,-9.101,1
CAL-R00188,STD2,1.1,1.0815,-1.681,1
CAL-R00188,STD3,2.42,2.4312,0.463,1
CAL-R00188,STD4,5.324,5.3165,-0.141,1
CAL-R00188,STD5,11.7128,11.2014,-4.366,1
CAL-R00188,STD6,25.7682,24.8117,-3.712,1
CAL-R00188,STD7,56.69,55.2989,-2.454,1
CAL-R00188,STD8,124.7179,128.4521,2.994,1
CAL-R00189,STD1,2.0,2.0428,2.141,1
CAL-R00189,STD2,4.4,4.7784,8.601,1
CAL-R00189,STD3,9.68,10.1473,4.827,1
CAL-R00189,STD4,21.296,22.8667,7.376,1
CAL-R00189,STD5,46.8512,47.6057,1.61,1
CAL-R00189,STD6,103.0726,110.5403,7.245,1
CAL-R00189,STD7,226.7598,250.6994,10.557,1
CAL-R00189,STD8,498.8716,513.3676,2.906,1
CAL-R00190,STD1,1.0,1.0067,0.666,1
CAL-R00190,STD2,2.2,2.1196,-3.656,1
CAL-R00190,STD3,4.84,4.8199,-0.415,1
CAL-R00190,STD4,10.648,11.4243,7.29,1
CAL-R00190,STD5,23.4256,23.742,1.351,1
CAL-R00190,STD6,51.5363,52.5037,1.877,1
CAL-R00190,STD7,113.3799,110.4915,-2.548,1
CAL-R00190,STD8,249.4358,257.0377,3.048,1
CAL-R00191,STD1,0.5,0.4687,-6.261,1
CAL-R00191,STD2,1.1,1.0858,-1.291,1
CAL-R00191,STD3,2.42,2.2504,-7.01,1
CAL-R00191,STD4,5.324,5.041,-5.315,1
CAL-R00191,STD5,11.7128,10.8764,-7.141,1
CAL-R00191,STD6,25.7682,24.9707,-3.095,1
CAL-R00191,STD7,56.69,51.9567,-8.349,1
CAL-R00191,STD8,124.7179,118.7442,-4.79,1
CAL-R00192,STD1,2.0,2.1411,7.057,1
CAL-R00192,STD2,4.4,4.7042,6.913,1
CAL-R00192,STD3,9.68,10.6151,9.66,1
CAL-R00192,STD4,21.296,21.2687,-0.128,1
CAL-R00192,STD5,46.8512,52.9198,12.953,1
CAL-R00192,STD6,103.0726,105.4821,2.338,1
CAL-R00192,STD7,226.7598,247.9501,9.345,1
CAL-R00192,STD8,498.8716,493.0538,-1.166,1
CAL-R00193,STD1,1.0,0.989,-1.104,1
CAL-R00193,STD2,2.2,2.2601,2.731,1
CAL-R00193,STD3,4.84,4.7615,-1.622,1
CAL-R00193,STD4,10.648,10.5737,-0.698,1
CAL-R00193,STD5,23.4256,23.8328,1.738,1
CAL-R00193,STD6,51.5363,52.1262,1.145,1
CAL-R00193,STD7,113.3799,117.2562,3.419,1
CAL-R00193,STD8,249.4358,255.5527,2.452,1
CAL-R00194,STD1,0.5,0.4779,-4.417,1
CAL-R00194,STD2,1.1,1.1104,0.943,1
CAL-R00194,STD3,2.42,2.5105,3.742,1
CAL-R00194,STD4,5.324,5.4544,2.45,1
CAL-R00194,STD5,11.7128,12.0744,3.087,1
CAL-R00194,STD6,25.7682,26.0065,0.925,1
CAL-R00194,STD7,56.69,59.7953,5.478,1
CAL-R00194,STD8,124.7179,118.6556,-4.861,1
CAL-R00195,STD1,2.0,2.0784,3.922,1
CAL-R00195,STD2,4.4,4.9481,12.458,1
CAL-R00195,STD3,9.68,10.4111,7.553,1
CAL-R00195,STD4,21.296,23.5252,10.468,1
CAL-R00195,STD5,46.8512,52.5051,12.068,1
CAL-R00195,STD6,103.0726,111.2602,7.943,1
CAL-R00195,STD7,226.7598,231.8888,2.262,1
CAL-R00195,STD8,498.8716,563.9985,13.055,1
CAL-R00196,STD1,1.0,0.9916,-0.842,1
CAL-R00196,STD2,2.2,2.29,4.091,1
CAL-R00196,STD3,4.84,4.6936,-3.025,1
CAL-R00196,STD4,10.648,10.9468,2.806,1
CAL-R00196,STD5,23.4256,22.8678,-2.381,1
CAL-R00196,STD6,51.5363,48.7032,-5.497,1
CAL-R00196,STD7,113.3799,112.8307,-0.484,1
CAL-R00196,STD8,249.4358,244.9446,-1.801,1
CAL-R00197,STD1,0.5,0.506,1.204,1
CAL-R00197,STD2,1.1,1.0856,-1.311,1
CAL-R00197,STD3,2.42,2.3859,-1.407,1
CAL-R00197,STD4,5.324,5.279,-0.844,1
CAL-R00197,STD5,11.7128,12.004,2.486,1
CAL-R00197,STD6,25.7682,25.2572,-1.983,1
CAL-R00197,STD7,56.69,56.4387,-0.443,1
CAL-R00197,STD8,124.7179,129.8106,4.083,1
CAL-R00198,STD1,2.0,2.2288,11.442,1
CAL-R00198,STD2,4.4,4.6047,4.653,1
CAL-R00198,STD3,9.68,10.3426,6.845,1
CAL-R00198,STD4,21.296,23.3241,9.523,1
CAL-R00198,STD5,46.8512,51.1064,9.082,1
CAL-R00198,STD6,103.0726,108.6797,5.44,1
CAL-R00198,STD7,226.7598,242.2725,6.841,1
CAL-R00198,STD8,498.8716,550.0788,10.265,1
CAL-R00199,STD1,1.0,0.999,-0.102,1
CAL-R00199,STD2,2.2,2.1914,-0.391,1
CAL-R00199,STD3,4.84,4.7787,-1.266,1
CAL-R00199,STD4,10.648,10.7989,1.417,1
CAL-R00199,STD5,23.4256,24.9449,6.486,1
CAL-R00199,STD6,51.5363,48.8598,-5.193,1
CAL-R00199,STD7,113.3799,110.6496,-2.408,1
CAL-R00199,STD8,249.4358,252.1297,1.08,1
CAL-R00200,STD1,0.5,0.4699,-6.011,1
CAL-R00200,STD2,1.1,1.0707,-2.661,1
CAL-R00200,STD3,2.42,2.1803,-9.907,1
CAL-R00200,STD4,5.324,5.039,-5.353,1
CAL-R00200,STD5,11.7128,10.868,-7.213,1
CAL-R00200,STD6,25.7682,24.0663,-6.605,1
CAL-R00200,STD7,56.69,55.1249,-2.761,1
CAL-R00200,STD8,124.7179,117.3343,-5.92,1
CAL-R00201,STD1,2.0,2.1101,5.505,1
CAL-R00201,STD2,4.4,4.567,3.795,1
CAL-R00201,STD3,9.68,10.1626,4.986,1
CAL-R00201,STD4,21.296,23.4047,9.902,1
CAL-R00201,STD5,46.8512,51.1616,9.2,1
CAL-R00201,STD6,103.0726,105.8967,2.74,1
CAL-R00201,STD7,226.7598,235.4458,3.83,1
CAL-R00201,STD8,498.8716,525.767,5.391,1
CAL-R00202,STD1,1.0,1.0131,1.308,1
CAL-R00202,STD2,2.2,2.3247,5.666,1
CAL-R00202,STD3,4.84,4.982,2.933,1
CAL-R00202,STD4,10.648,10.8164,1.582,1
CAL-R00202,STD5,23.4256,22.4328,-4.238,1
CAL-R00202,STD6,51.5363,50.4175,-2.171,1
CAL-R00202,STD7,113.3799,111.1721,-1.947,1
CAL-R00202,STD8,249.4358,249.7001,0.106,1
CAL-R00203,STD1,0.5,0.5051,1.02,1
CAL-R00203,STD2,1.1,1.1021,0.194,1
CAL-R00203,STD3,2.42,2.3791,-1.688,1
CAL-R00203,STD4,5.324,5.6224,5.604,1
CAL-R00203,STD5,11.7128,11.6979,-0.127,1
CAL-R00203,STD6,25.7682,26.3288,2.176,1
CAL-R00203,STD7,56.69,58.538,3.26,1
CAL-R00203,STD8,124.7179,124.1383,-0.465,1
CAL-R00204,STD1,2.0,2.0789,3.947,1
CAL-R00204,STD2,4.4,4.38,-0.454,1
CAL-R00204,STD3,9.68,10.4013,7.451,1
CAL-R00204,STD4,21.296,22.8169,7.142,1
CAL-R00204,STD5,46.8512,48.0332,2.523,1
CAL-R00204,STD6,103.0726,108.323,5.094,1
CAL-R00204,STD7,226.7598,243.8537,7.538,1
CAL-R00204,STD8,498.8716,551.58,10.566,1
CAL-R00205,STD1,1.0,1.0158,1.576,1
CAL-R00205,STD2,2.2,2.1709,-1.323,1
CAL-R00205,STD3,4.84,4.5918,-5.127,1
CAL-R00205,STD4,10.648,10.5941,-0.506,1
CAL-R00205,STD5,23.4256,22.5812,-3.604,1
CAL-R00205,STD6,51.5363,52.3362,1.552,1
CAL-R00205,STD7,113.3799,115.3549,1.742,1
CAL-R00205,STD8,249.4358,235.7967,-5.468,1
CAL-R00206,STD1,0.5,0.5216,4.322,1
CAL-R00206,STD2,1.1,1.1604,5.493,1
CAL-R00206,STD3,2.42,2.2095,-8.699,1
CAL-R00206,STD4,5.324,5.4544,2.448,1
CAL-R00206,STD5,11.7128,11.7522,0.336,1
CAL-R00206,STD6,25.7682,25.8168,0.189,1
CAL-R00206,STD7,56.69,54.734,-3.45,1
CAL-R00206,STD8,124.7179,118.4244,-5.046,1
CAL-R00207,STD1,2.0,2.0328,1.64,1
CAL-R00207,STD2,4.4,4.5122,2.55,1
CAL-R00207,STD3,9.68,10.0113,3.422,1
CAL-R00207,STD4,21.296,21.6759,1.784,1
CAL-R00207,STD5,46.8512,49.7328,6.15,1
CAL-R00207,STD6,103.0726,110.3352,7.046,1
CAL-R00207,STD7,226.7598,236.4548,4.275,1
CAL-R00207,STD8,498.8716,548.1548,9.879,1
CAL-R00208,STD1,1.0,0.9646,-3.541,1
CAL-R00208,STD2,2.2,2.2334,1.519,1
CAL-R00208,STD3,4.84,4.845,0.104,1
CAL-R00208,STD4,10.648,11.0973,4.219,1
CAL-R00208,STD5,23.4256,22.5374,-3.792,1
CAL-R00208,STD6,51.5363,52.5483,1.964,1
CAL-R00208,STD7,113.3799,115.349,1.737,1
CAL-R00208,STD8,249.4358,264.8526,6.181,1
CAL-R00209,STD1,0.5,0.4744,-5.129,1
CAL-R00209,STD2,1.1,1.0438,-5.112,1
CAL-R00209,STD3,2.42,2.2441,-7.268,1
CAL-R00209,STD4,5.324,5.2026,-2.28,1
CAL-R00209,STD5,11.7128,10.9818,-6.241,1
CAL-R00209,STD6,25.7682,23.9597,-7.018,1
CAL-R00209,STD7,56.69,52.6559,-7.116,1
CAL-R00209,STD8,124.7179,117.9219,-5.449,1
CAL-R00210,STD1,2.0,2.1034,5.171,1
CAL-R00210,STD2,4.4,4.7817,8.675,1
CAL-R00210,STD3,9.68,10.5664,9.157,1
CAL-R00210,STD4,21.296,23.5864,10.755,1
CAL-R00210,STD5,46.8512,50.6351,8.076,1
CAL-R00210,STD6,103.0726,110.3628,7.073,1
CAL-R00210,STD7,226.7598,235.4828,3.847,1
CAL-R00210,STD8,498.8716,549.2618,10.101,1
CAL-R00211,STD1,1.0,0.9712,-2.883,1
CAL-R00211,STD2,2.2,2.1114,-4.025,1
CAL-R00211,STD3,4.84,4.8817,0.861,1
CAL-R00211,STD4,10.648,10.6398,-0.077,1
CAL-R00211,STD5,23.4256,23.0885,-1.439,1
CAL-R00211,STD6,51.5363,49.938,-3.101,1
CAL-R00211,STD7,113.3799,116.1289,2.425,1
CAL-R00211,STD8,249.4358,260.9527,4.617,1
CAL-R00212,STD1,0.5,0.4993,-0.133,1
CAL-R00212,STD2,1.1,1.0919,-0.74,1
CAL-R00212,STD3,2.42,2.4044,-0.645,1
CAL-R00212,STD4,5.324,4.9674,-6.699,1
CAL-R00212,STD5,11.7128,11.7104,-0.02,1
CAL-R00212,STD6,25.7682,25.9655,0.766,1
CAL-R00212,STD7,56.69,55.1928,-2.641,1
CAL-R00212,STD8,124.7179,128.5033,3.035,1
CAL-R00213,STD1,2.0,2.1612,8.061,1
CAL-R00213,STD2,4.4,4.7331,7.569,1
CAL-R00213,STD3,9.68,10.107,4.411,1
CAL-R00213,STD4,21.296,23.0173,8.083,1
CAL-R00213,STD5,46.8512,50.3271,7.419,1
CAL-R00213,STD6,103.0726,105.5284,2.383,1
CAL-R00213,STD7,226.7598,237.6802,4.816,1
CAL-R00213,STD8,498.8716,524.1565,5.068,1
CAL-R00214,STD1,1.0,1.0155,1.547,1
CAL-R00214,STD2,2.2,2.2146,0.662,1
CAL-R00214,STD3,4.84,4.9875,3.048,1
CAL-R00214,STD4,10.648,10.9785,3.104,1
CAL-R00214,STD5,23.4256,23.4926,0.286,1
CAL-R00214,STD6,51.5363,52.4272,1.729,1
CAL-R00214,STD7,113.3799,115.4344,1.812,1
CAL-R00214,STD8,249.4358,238.1036,-4.543,1
CAL-R00215,STD1,0.5,0.4904,-1.922,1
CAL-R00215,STD2,1.1,1.0561,-3.993,1
CAL-R00215,STD3,2.42,2.4539,1.399,1
CAL-R00215,STD4,5.324,5.1244,-3.749,1
CAL-R00215,STD5,11.7128,12.2029,4.184,1
CAL-R00215,STD6,25.7682,25.5756,-0.747,1
CAL-R00215,STD7,56.69,53.5074,-5.614,1
CAL-R00215,STD8,124.7179,126.6015,1.51,1
CAL-R00216,STD1,2.0,2.1936,9.679,1
CAL-R00216,STD2,4.4,4.4987,2.242,1
CAL-R00216,STD3,9.68,10.4231,7.677,1
CAL-R00216,STD4,21.296,21.807,2.399,1
CAL-R00216,STD5,46.8512,49.4167,5.476,1
CAL-R00216,STD6,103.0726,107.584,4.377,1
CAL-R00216,STD7,226.7598,236.9653,4.501,1
CAL-R00216,STD8,498.8716,525.6642,5.371,1
CAL-R00217,STD1,1.0,1.0047,0.466,1
CAL-R00217,STD2,2.2,2.3122,5.1,1
CAL-R00217,STD3,4.84,4.7275,-2.325,1
CAL-R00217,STD4,10.648,10.9099,2.46,1
CAL-R00217,STD5,23.4256,23.1072,-1.359,1
CAL-R00217,STD6,51.5363,52.2529,1.39,1
CAL-R00217,STD7,113.3799,114.176,0.702,1
CAL-R00217,STD8,249.4358,256.8101,2.956,1
CAL-R00218,STD1,0.5,0.4789,-4.227,1
CAL-R00218,STD2,1.1,1.013,-7.905,1
CAL-R00218,STD3,2.42,2.2624,-6.514,1
CAL-R00218,STD4,5.324,4.8759,-8.416,1
CAL-R00218,STD5,11.7128,11.0665,-5.518,1
CAL-R00218,STD6,25.7682,25.7254,-0.166,1
CAL-R00218,STD7,56.69,53.6067,-5.439,1
CAL-R00218,STD8,124.7179,115.3853,-7.483,1
CAL-R00219,STD1,2.0,2.0123,0.615,1
CAL-R00219,STD2,4.4,4.8116,9.355,1
CAL-R00219,STD3,9.68,11.4453,18.236,0
CAL-R00219,STD4,21.296,21.8127,2.426,1
CAL-R00219,STD5,46.8512,52.6769,12.434,1
CAL-R00219,STD6,103.0726,109.6477,6.379,1
CAL-R00219,STD7,226.7598,231.421,2.056,1
CAL-R00219,STD8,498.8716,468.7127,-6.045,1
CAL-R00220,STD1,1.0,0.9616,-3.836,1
CAL-R00220,STD2,2.2,2.1598,-1.827,1
CAL-R00220,STD3,4.84,4.8661,0.539,1
CAL-R00220,STD4,10.648,10.4687,-1.684,1
CAL-R00220,STD5,23.4256,23.7765,1.498,1
CAL-R00220,STD6,51.5363,52.1638,1.217,1
CAL-R00220,STD7,113.3799,115.6077,1.965,1
CAL-R00220,STD8,249.4358,257.7846,3.347,1
CAL-R00221,STD1,0.5,0.4987,-0.255,1
CAL-R00221,STD2,1.1,1.0992,-0.072,1
CAL-R00221,STD3,2.42,2.4863,2.741,1
CAL-R00221,STD4,5.324,5.3534,0.553,1
CAL-R00221,STD5,11.7128,11.74,0.233,1
CAL-R00221,STD6,25.7682,24.2826,-5.765,1
CAL-R00221,STD7,56.69,58.1385,2.555,1
CAL-R00221,STD8,124.7179,127.605,2.315,1
CAL-R00222,STD1,2.0,2.1171,5.857,1
CAL-R00222,STD2,4.4,4.5402,3.187,1
CAL-R00222,STD3,9.68,10.3149,6.559,1
CAL-R00222,STD4,21.296,22.2275,4.374,1
CAL-R00222,STD5,46.8512,49.1762,4.963,1
CAL-R00222,STD6,103.0726,110.4834,7.19,1
CAL-R00222,STD7,226.7598,238.6169,5.229,1
CAL-R00222,STD8,498.8716,530.3812,6.316,1
CAL-R00223,STD1,1.0,0.9947,-0.526,1
CAL-R00223,STD2,2.2,2.1347,-2.968,1
CAL-R00223,STD3,4.84,5.0255,3.833,1
CAL-R00223,STD4,10.648,10.5909,-0.537,1
CAL-R00223,STD5,23.4256,23.0149,-1.753,1
CAL-R00223,STD6,51.5363,51.5505,0.027,1
CAL-R00223,STD7,113.3799,115.2886,1.683,1
CAL-R00223,STD8,249.4358,241.5556,-3.159,1
CAL-R00224,STD1,0.5,0.5003,0.066,1
CAL-R00224,STD2,1.1,1.0846,-1.401,1
CAL-R00224,STD3,2.42,2.3518,-2.816,1
CAL-R00224,STD4,5.324,5.2423,-1.534,1
CAL-R00224,STD5,11.7128,11.4176,-2.521,1
CAL-R00224,STD6,25.7682,25.4729,-1.146,1
CAL-R00224,STD7,56.69,56.7166,0.047,1
CAL-R00224,STD8,124.7179,121.4726,-2.602,1
CAL-R00225,STD1,2.0,2.1362,6.808,1
CAL-R00225,STD2,4.4,4.7618,8.223,1
CAL-R00225,STD3,9.68,10.0876,4.21,1
CAL-R00225,STD4,21.296,22.3014,4.721,1
CAL-R00225,STD5,46.8512,49.9368,6.586,1
CAL-R00225,STD6,103.0726,108.3914,5.16,1
CAL-R00225,STD7,226.7598,250.6535,10.537,1
CAL-R00225,STD8,498.8716,499.6299,0.152,1
CAL-R00226,STD1,1.0,1.0472,4.72,1
CAL-R00226,STD2,2.2,2.2398,1.81,1
CAL-R00226,STD3,4.84,4.7427,-2.01,1
CAL-R00226,STD4,10.648,10.9391,2.734,1
CAL-R00226,STD5,23.4256,23.3641,-0.262,1
CAL-R00226,STD6,51.5363,50.9837,-1.072,1
CAL-R00226,STD7,113.3799,111.2451,-1.883,1
CAL-R00226,STD8,249.4358,255.6912,2.508,1
CAL-R00227,STD1,0.5,0.5013,0.263,1
CAL-R00227,STD2,1.1,1.0126,-7.95,1
CAL-R00227,STD3,2.42,2.3643,-2.301,1
CAL-R00227,STD4,5.324,5.0005,-6.077,1
CAL-R00227,STD5,11.7128,10.7375,-8.327,1
CAL-R00227,STD6,25.7682,23.521,-8.721,1
CAL-R00227,STD7,56.69,53.6534,-5.356,1
CAL-R00227,STD8,124.7179,119.4504,-4.224,1
CAL-R00228,STD1,2.0,2.0441,2.203,1
CAL-R00228,STD2,4.4,4.9329,12.112,1
CAL-R00228,STD3,9.68,9.7795,1.028,1
CAL-R00228,STD4,21.296,23.0431,8.204,1
CAL-R00228,STD5,46.8512,54.2023,15.69,0
CAL-R00228,STD6,103.0726,104.429,1.316,1
CAL-R00228,STD7,226.7598,249.6309,10.086,1
CAL-R00228,STD8,498.8716,548.2274,9.893,1
CAL-R00229,STD1,1.0,1.0191,1.913,1
CAL-R00229,STD2,2.2,2.1351,-2.951,1
CAL-R00229,STD3,4.84,4.8433,0.069,1
CAL-R00229,STD4,10.648,10.3963,-2.364,1
CAL-R00229,STD5,23.4256,23.7532,1.398,1
CAL-R00229,STD6,51.5363,50.0933,-2.8,1
CAL-R00229,STD7,113.3799,114.0016,0.548,1
CAL-R00229,STD8,249.4358,262.6149,5.284,1
CAL-R00230,STD1,0.5,0.4672,-6.566,1
CAL-R00230,STD2,1.1,1.1175,1.595,1
CAL-R00230,STD3,2.42,2.4414,0.886,1
CAL-R00230,STD4,5.324,5.2037,-2.259,1
CAL-R00230,STD5,11.7128,11.8098,0.828,1
CAL-R00230,STD6,25.7682,26.6091,3.263,1
CAL-R00230,STD7,56.69,57.8623,2.068,1
CAL-R00230,STD8,124.7179,125.7337,0.814,1
CAL-R00231,STD1,2.0,2.134,6.7,1
CAL-R00231,STD2,4.4,4.7054,6.941,1
CAL-R00231,STD3,9.68,10.3468,6.888,1
CAL-R00231,STD4,21.296,22.453,5.433,1
CAL-R00231,STD5,46.8512,51.7207,10.393,1
CAL-R00231,STD6,103.0726,114.1692,10.766,1
CAL-R00231,STD7,226.7598,241.1108,6.329,1
CAL-R00231,STD8,498.8716,527.2276,5.684,1
CAL-R00232,STD1,1.0,1.0217,2.175,1
CAL-R00232,STD2,2.2,2.1913,-0.395,1
CAL-R00232,STD3,4.84,4.6763,-3.383,1
CAL-R00232,STD4,10.648,11.0798,4.055,1
CAL-R00232,STD5,23.4256,24.432,4.296,1
CAL-R00232,STD6,51.5363,51.1191,-0.81,1
CAL-R00232,STD7,113.3799,114.5346,1.018,1
CAL-R00232,STD8,249.4358,256.1905,2.708,1
CAL-R00233,STD1,0.5,0.4916,-1.683,1
CAL-R00233,STD2,1.1,1.1227,2.066,1
CAL-R00233,STD3,2.42,2.5756,6.429,1
CAL-R00233,STD4,5.324,5.2564,-1.27,1
CAL-R00233,STD5,11.7128,12.0393,2.788,1
CAL-R00233,STD6,25.7682,24.9607,-3.133,1
CAL-R00233,STD7,56.69,57.5207,1.465,1
CAL-R00233,STD8,124.7179,128.1031,2.714,1
CAL-R00234,STD1,2.0,2.1861,9.303,1
CAL-R00234,STD2,4.4,4.7785,8.602,1
CAL-R00234,STD3,9.68,10.273,6.126,1
CAL-R00234,STD4,21.296,22.7176,6.676,1
CAL-R00234,STD5,46.8512,50.8411,8.516,1
CAL-R00234,STD6,103.0726,111.9663,8.629,1
CAL-R00234,STD7,226.7598,247.8757,9.312,1
CAL-R00234,STD8,498.8716,568.3405,13.925,1
CAL-R00235,STD1,1.0,1.0265,2.651,1
CAL-R00235,STD2,2.2,2.0751,-5.678,1
CAL-R00235,STD3,4.84,4.991,3.119,1
CAL-R00235,STD4,10.648,10.7165,0.643,1
CAL-R00235,STD5,23.4256,24.2162,3.375,1
CAL-R00235,STD6,51.5363,52.2256,1.337,1
CAL-R00235,STD7,113.3799,112.8536,-0.464,1
CAL-R00235,STD8,249.4358,237.0821,-4.953,1
CAL-R00236,STD1,0.5,0.4577,-8.465,1
CAL-R00236,STD2,1.1,1.0933,-0.611,1
CAL-R00236,STD3,2.42,2.3235,-3.988,1
CAL-R00236,STD4,5.324,4.9356,-7.296,1
CAL-R00236,STD5,11.7128,10.7021,-8.629,1
CAL-R00236,STD6,25.7682,24.8815,-3.441,1
CAL-R00236,STD7,56.69,52.3827,-7.598,1
CAL-R00236,STD8,124.7179,114.5233,-8.174,1
CAL-R00237,STD1,2.0,1.9919,-0.407,1
CAL-R00237,STD2,4.4,4.6757,6.265,1
CAL-R00237,STD3,9.68,10.1662,5.023,1
CAL-R00237,STD4,21.296,23.879,12.129,1
CAL-R00237,STD5,46.8512,48.219,2.92,1
CAL-R00237,STD6,103.0726,110.2844,6.997,1
CAL-R00237,STD7,226.7598,239.5594,5.645,1
CAL-R00237,STD8,498.8716,512.5945,2.751,1
CAL-R00238,STD1,1.0,0.9929,-0.711,1
CAL-R00238,STD2,2.2,2.2902,4.098,1
CAL-R00238,STD3,4.84,4.8193,-0.427,1
CAL-R00238,STD4,10.648,10.9371,2.715,1
CAL-R00238,STD5,23.4256,23.5854,0.682,1
CAL-R00238,STD6,51.5363,48.8309,-5.249,1
CAL-R00238,STD7,113.3799,108.7796,-4.057,1
CAL-R00238,STD8,249.4358,248.3793,-0.424,1
CAL-R00239,STD1,0.5,0.503,0.596,1
CAL-R00239,STD2,1.1,1.0656,-3.124,1
CAL-R00239,STD3,2.42,2.4058,-0.585,1
CAL-R00239,STD4,5.324,5.275,-0.919,1
CAL-R00239,STD5,11.7128,11.4353,-2.369,1
CAL-R00239,STD6,25.7682,23.5698,-8.531,1
CAL-R00239,STD7,56.69,56.7392,0.087,1
CAL-R00239,STD8,124.7179,124.9033,0.149,1
CAL-R00240,STD1,2.0,1.9598,-2.008,1
CAL-R00240,STD2,4.4,4.4668,1.519,1
CAL-R00240,STD3,9.68,9.9074,2.35,1
CAL-R00240,STD4,21.296,22.2322,4.396,1
CAL-R00240,STD5,46.8512,50.1112,6.958,1
CAL-R00240,STD6,103.0726,107.1957,4.0,1
CAL-R00240,STD7,226.7598,233.9909,3.189,1
CAL-R00240,STD8,498.8716,508.6908,1.968,1
CAL-R00241,STD1,1.0,0.9683,-3.174,1
CAL-R00241,STD2,2.2,2.3195,5.433,1
CAL-R00241,STD3,4.84,4.8299,-0.21,1
CAL-R00241,STD4,10.648,10.2343,-3.885,1
CAL-R00241,STD5,23.4256,23.6458,0.94,1
CAL-R00241,STD6,51.5363,51.2549,-0.546,1
CAL-R00241,STD7,113.3799,115.8517,2.18,1
CAL-R00241,STD8,249.4358,260.196,4.314,1
CAL-R00242,STD1,0.5,0.508,1.608,1
CAL-R00242,STD2,1.1,1.1058,0.53,1
CAL-R00242,STD3,2.42,2.2906,-5.348,1
CAL-R00242,STD4,5.324,5.2803,-0.82,1
CAL-R00242,STD5,11.7128,11.1975,-4.4,1
CAL-R00242,STD6,25.7682,24.714,-4.091,1
CAL-R00242,STD7,56.69,54.2218,-4.354,1
CAL-R00242,STD8,124.7179,123.5004,-0.976,1
CAL-R00243,STD1,2.0,2.0912,4.562,1
CAL-R00243,STD2,4.4,4.6649,6.02,1
CAL-R00243,STD3,9.68,10.2878,6.279,1
CAL-R00243,STD4,21.296,23.6657,11.127,1
CAL-R00243,STD5,46.8512,46.9545,0.22,1
CAL-R00243,STD6,103.0726,109.3654,6.105,1
CAL-R00243,STD7,226.7598,240.5184,6.067,1
CAL-R00243,STD8,498.8716,523.8897,5.015,1
CAL-R00244,STD1,1.0,1.0059,0.592,1
CAL-R00244,STD2,2.2,2.2296,1.348,1
CAL-R00244,STD3,4.84,4.7718,-1.409,1
CAL-R00244,STD4,10.648,10.5664,-0.767,1
CAL-R00244,STD5,23.4256,23.4622,0.156,1
CAL-R00244,STD6,51.5363,52.5808,2.027,1
CAL-R00244,STD7,113.3799,115.1075,1.524,1
CAL-R00244,STD8,249.4358,242.9537,-2.599,1
CAL-R00245,STD1,0.5,0.4492,-10.16,1
CAL-R00245,STD2,1.1,1.0197,-7.296,1
CAL-R00245,STD3,2.42,2.1791,-9.956,1
CAL-R00245,STD4,5.324,4.9776,-6.507,1
CAL-R00245,STD5,11.7128,10.9103,-6.852,1
CAL-R00245,STD6,25.7682,23.3675,-9.316,1
CAL-R00245,STD7,56.69,52.4488,-7.481,1
CAL-R00245,STD8,124.7179,116.9508,-6.228,1
CAL-R00246,STD1,2.0,2.0603,3.014,1
CAL-R00246,STD2,4.4,4.7401,7.729,1
CAL-R00246,STD3,9.68,11.1819,15.516,0
CAL-R00246,STD4,21.296,24.8477,16.678,0
CAL-R00246,STD5,46.8512,54.2689,15.833,0
CAL-R00246,STD6,103.0726,118.3992,14.87,1
CAL-R00246,STD7,226.7598,275.2194,21.37,0
CAL-R00246,STD8,498.8716,553.4598,10.942,1
CAL-R00247,STD1,1.0,0.9878,-1.215,1
CAL-R00247,STD2,2.2,2.1915,-0.388,1
CAL-R00247,STD3,4.84,4.9388,2.042,1
CAL-R00247,STD4,10.648,10.4645,-1.724,1
CAL-R00247,STD5,23.4256,23.6426,0.926,1
CAL-R00247,STD6,51.5363,52.1356,1.163,1
CAL-R00247,STD7,113.3799,112.7353,-0.569,1
CAL-R00247,STD8,249.4358,241.0115,-3.377,1
CAL-R00248,STD1,0.5,0.5143,2.864,1
CAL-R00248,STD2,1.1,1.0248,-6.839,1
CAL-R00248,STD3,2.42,2.4503,1.25,1
CAL-R00248,STD4,5.324,5.1999,-2.33,1
CAL-R00248,STD5,11.7128,11.3837,-2.81,1
CAL-R00248,STD6,25.7682,25.3148,-1.759,1
CAL-R00248,STD7,56.69,59.5411,5.029,1
CAL-R00248,STD8,124.7179,121.2716,-2.763,1
CAL-R00249,STD1,2.0,2.1958,9.789,1
CAL-R00249,STD2,4.4,4.3847,-0.347,1
CAL-R00249,STD3,9.68,10.7648,11.207,1
CAL-R00249,STD4,21.296,22.064,3.606,1
CAL-R00249,STD5,46.8512,49.3853,5.409,1
CAL-R00249,STD6,103.0726,105.312,2.173,1
CAL-R00249,STD7,226.7598,242.597,6.984,1
CAL-R00249,STD8,498.8716,535.9703,7.437,1
CAL-R00250,STD1,1.0,0.95,-5.002,1
CAL-R00250,STD2,2.2,2.2602,2.739,1
CAL-R00250,STD3,4.84,4.809,-0.641,1
CAL-R00250,STD4,10.648,10.3355,-2.934,1
CAL-R00250,STD5,23.4256,23.301,-0.532,1
CAL-R00250,STD6,51.5363,50.7781,-1.471,1
CAL-R00250,STD7,113.3799,109.6704,-3.272,1
CAL-R00250,STD8,249.4358,235.009,-5.784,1
CAL-R00251,STD1,0.5,0.5046,0.928,1
CAL-R00251,STD2,1.1,1.0968,-0.286,1
CAL-R00251,STD3,2.42,2.3382,-3.379,1
CAL-R00251,STD4,5.324,5.335,0.206,1
CAL-R00251,STD5,11.7128,11.9399,1.939,1
CAL-R00251,STD6,25.7682,25.3864,-1.481,1
CAL-R00251,STD7,56.69,56.6881,-0.003,1
CAL-R00251,STD8,124.7179,128.2476,2.83,1
CAL-R00252,STD1,2.0,2.048,2.401,1
CAL-R00252,STD2,4.4,4.6233,5.075,1
CAL-R00252,STD3,9.68,9.7935,1.172,1
CAL-R00252,STD4,21.296,21.8962,2.818,1
CAL-R00252,STD5,46.8512,52.4024,11.848,1
CAL-R00252,STD6,103.0726,108.3654,5.135,1
CAL-R00252,STD7,226.7598,244.4816,7.815,1
CAL-R00252,STD8,498.8716,561.3429,12.523,1
CAL-R00253,STD1,1.0,0.9782,-2.18,1
CAL-R00253,STD2,2.2,2.2846,3.847,1
CAL-R00253,STD3,4.84,4.7153,-2.576,1
CAL-R00253,STD4,10.648,10.5869,-0.574,1
CAL-R00253,STD5,23.4256,23.4334,0.033,1
CAL-R00253,STD6,51.5363,51.5878,0.1,1
CAL-R00253,STD7,113.3799,114.3278,0.836,1
CAL-R00253,STD8,249.4358,245.7502,-1.478,1
CAL-R00254,STD1,0.5,0.4526,-9.471,1
CAL-R00254,STD2,1.1,0.9678,-12.019,1
CAL-R00254,STD3,2.42,2.2512,-6.976,1
CAL-R00254,STD4,5.324,4.8127,-9.605,1
CAL-R00254,STD5,11.7128,10.5151,-10.226,1
CAL-R00254,STD6,25.7682,24.0567,-6.642,1
CAL-R00254,STD7,56.69,51.2213,-9.647,1
CAL-R00254,STD8,124.7179,114.7265,-8.011,1
CAL-R00255,STD1,2.0,2.2309,11.544,1
CAL-R00255,STD2,4.4,4.5192,2.709,1
CAL-R00255,STD3,9.68,9.9802,3.101,1
CAL-R00255,STD4,21.296,20.6576,-2.998,1
CAL-R00255,STD5,46.8512,52.3381,11.711,1
CAL-R00255,STD6,103.0726,108.9915,5.742,1
CAL-R00255,STD7,226.7598,258.3319,13.923,1
CAL-R00255,STD8,498.8716,512.8201,2.796,1
CAL-R00256,STD1,1.0,1.0037,0.366,1
CAL-R00256,STD2,2.2,2.202,0.09,1
CAL-R00256,STD3,4.84,4.5749,-5.477,1
CAL-R00256,STD4,10.648,10.7085,0.568,1
CAL-R00256,STD5,23.4256,24.087,2.824,1
CAL-R00256,STD6,51.5363,50.0,-2.981,1
CAL-R00256,STD7,113.3799,110.7643,-2.307,1
CAL-R00256,STD8,249.4358,248.94,-0.199,1
CAL-R00257,STD1,0.5,0.5232,4.64,1
CAL-R00257,STD2,1.1,1.0521,-4.353,1
CAL-R00257,STD3,2.42,2.4545,1.425,1
CAL-R00257,STD4,5.324,5.4162,1.732,1
CAL-R00257,STD5,11.7128,12.1285,3.549,1
CAL-R00257,STD6,25.7682,27.2937,5.92,1
CAL-R00257,STD7,56.69,54.904,-3.15,1
CAL-R00257,STD8,124.7179,130.2849,4.464,1
CAL-R00258,STD1,2.0,2.1439,7.196,1
CAL-R00258,STD2,4.4,4.5879,4.27,1
CAL-R00258,STD3,9.68,10.5219,8.697,1
CAL-R00258,STD4,21.296,20.991,-1.432,1
CAL-R00258,STD5,46.8512,47.2089,0.764,1
CAL-R00258,STD6,103.0726,106.73,3.548,1
CAL-R00258,STD7,226.7598,249.2606,9.923,1
CAL-R00258,STD8,498.8716,561.4446,12.543,1
CAL-R00259,STD1,1.0,0.9803,-1.97,1
CAL-R00259,STD2,2.2,2.2136,0.617,1
CAL-R00259,STD3,4.84,4.7958,-0.913,1
CAL-R00259,STD4,10.648,10.3907,-2.416,1
CAL-R00259,STD5,23.4256,23.2905,-0.577,1
CAL-R00259,STD6,51.5363,50.9262,-1.184,1
CAL-R00259,STD7,113.3799,113.6046,0.198,1
CAL-R00259,STD8,249.4358,245.1852,-1.704,1
CAL-R00260,STD1,0.5,0.5212,4.24,1
CAL-R00260,STD2,1.1,1.0624,-3.421,1
CAL-R00260,STD3,2.42,2.4289,0.368,1
CAL-R00260,STD4,5.324,5.4242,1.882,1
CAL-R00260,STD5,11.7128,11.3842,-2.806,1
CAL-R00260,STD6,25.7682,25.9983,0.893,1
CAL-R00260,STD7,56.69,57.4153,1.279,1
CAL-R00260,STD8,124.7179,120.8661,-3.088,1
CAL-R00261,STD1,2.0,2.1741,8.704,1
CAL-R00261,STD2,4.4,4.86,10.454,1
CAL-R00261,STD3,9.68,10.5523,9.012,1
CAL-R00261,STD4,21.296,22.3024,4.726,1
CAL-R00261,STD5,46.8512,51.5592,10.049,1
CAL-R00261,STD6,103.0726,110.7886,7.486,1
CAL-R00261,STD7,226.7598,247.8446,9.298,1
CAL-R00261,STD8,498.8716,538.1985,7.883,1
CAL-R00262,STD1,1.0,0.9432,-5.684,1
CAL-R00262,STD2,2.2,2.2261,1.188,1
CAL-R00262,STD3,4.84,4.6605,-3.708,1
CAL-R00262,STD4,10.648,10.7183,0.66,1
CAL-R00262,STD5,23.4256,23.5688,0.611,1
CAL-R00262,STD6,51.5363,54.4154,5.587,1
CAL-R00262,STD7,113.3799,112.1955,-1.045,1
CAL-R00262,STD8,249.4358,258.714,3.72,1
CAL-R00263,STD1,0.5,0.4402,-11.964,1
CAL-R00263,STD2,1.1,1.0671,-2.989,1
CAL-R00263,STD3,2.42,2.2249,-8.061,1
CAL-R00263,STD4,5.324,5.08,-4.582,1
CAL-R00263,STD5,11.7128,10.6907,-8.727,1
CAL-R00263,STD6,25.7682,23.6176,-8.346,1
CAL-R00263,STD7,56.69,52.8359,-6.799,1
CAL-R00263,STD8,124.7179,118.5136,-4.975,1
CAL-R00264,STD1,2.0,2.1746,8.73,1
CAL-R00264,STD2,4.4,4.4466,1.058,1
CAL-R00264,STD3,9.68,11.1294,14.973,1
CAL-R00264,STD4,21.296,22.0942,3.748,1
CAL-R00264,STD5,46.8512,45.9452,-1.934,1
CAL-R00264,STD6,103.0726,121.1093,17.499,0
CAL-R00264,STD7,226.7598,232.1598,2.381,1
CAL-R00264,STD8,498.8716,540.6837,8.381,1
CAL-R00265,STD1,1.0,0.9852,-1.476,1
CAL-R00265,STD2,2.2,2.2842,3.825,1
CAL-R00265,STD3,4.84,5.0244,3.81,1
CAL-R00265,STD4,10.648,10.6827,0.326,1
CAL-R00265,STD5,23.4256,22.2048,-5.211,1
CAL-R00265,STD6,51.5363,51.9288,0.761,1
CAL-R00265,STD7,113.3799,118.117,4.178,1
CAL-R00265,STD8,249.4358,250.4757,0.417,1
CAL-R00266,STD1,0.5,0.4396,-12.088,1
CAL-R00266,STD2,1.1,1.0701,-2.719,1
CAL-R00266,STD3,2.42,2.372,-1.982,1
CAL-R00266,STD4,5.324,5.2211,-1.933,1
CAL-R00266,STD5,11.7128,11.688,-0.212,1
CAL-R00266,STD6,25.7682,26.1512,1.487,1
CAL-R00266,STD7,56.69,57.589,1.586,1
CAL-R00266,STD8,124.7179,119.8435,-3.908,1
CAL-R00267,STD1,2.0,2.139,6.952,1
CAL-R00267,STD2,4.4,4.6055,4.671,1
CAL-R00267,STD3,9.68,10.223,5.609,1
CAL-R00267,STD4,21.296,23.0961,8.453,1
CAL-R00267,STD5,46.8512,50.7704,8.365,1
CAL-R00267,STD6,103.0726,108.7908,5.548,1
CAL-R00267,STD7,226.7598,241.4906,6.496,1
CAL-R00267,STD8,498.8716,538.1433,7.872,1
CAL-R00268,STD1,1.0,1.0177,1.772,1
CAL-R00268,STD2,2.2,2.2255,1.159,1
CAL-R00268,STD3,4.84,4.53,-6.405,1
CAL-R00268,STD4,10.648,10.9506,2.841,1
CAL-R00268,STD5,23.4256,24.94,6.465,1
CAL-R00268,STD6,51.5363,51.5114,-0.048,1
CAL-R00268,STD7,113.3799,117.6815,3.794,1
CAL-R00268,STD8,249.4358,260.9994,4.636,1
CAL-R00269,STD1,0.5,0.5059,1.18,1
CAL-R00269,STD2,1.1,1.0941,-0.536,1
CAL-R00269,STD3,2.42,2.454,1.406,1
CAL-R00269,STD4,5.324,5.4682,2.708,1
CAL-R00269,STD5,11.7128,11.5774,-1.156,1
CAL-R00269,STD6,25.7682,26.1575,1.511,1
CAL-R00269,STD7,56.69,56.694,0.007,1
CAL-R00269,STD8,124.7179,123.5748,-0.917,1
CAL-R00270,STD1,2.0,2.1463,7.315,1
CAL-R00270,STD2,4.4,4.9173,11.756,1
CAL-R00270,STD3,9.68,9.9572,2.864,1
CAL-R00270,STD4,21.296,22.9559,7.794,1
CAL-R00270,STD5,46.8512,50.2655,7.288,1
CAL-R00270,STD6,103.0726,111.8278,8.494,1
CAL-R00270,STD7,226.7598,238.2983,5.088,1
CAL-R00270,STD8,498.8716,540.9995,8.445,1
CAL-R00271,STD1,1.0,0.9965,-0.354,1
CAL-R00271,STD2,2.2,2.2653,2.968,1
CAL-R00271,STD3,4.84,4.935,1.962,1
CAL-R00271,STD4,10.648,10.4544,-1.818,1
CAL-R00271,STD5,23.4256,23.886,1.965,1
CAL-R00271,STD6,51.5363,51.5021,-0.066,1
CAL-R00271,STD7,113.3799,112.6287,-0.663,1
CAL-R00271,STD8,249.4358,254.0519,1.851,1
CAL-R00272,STD1,0.5,0.4365,-12.701,1
CAL-R00272,STD2,1.1,0.9776,-11.125,1
CAL-R00272,STD3,2.42,2.0657,-14.639,1
CAL-R00272,STD4,5.324,4.6177,-13.267,1
CAL-R00272,STD5,11.7128,9.8488,-15.915,0
CAL-R00272,STD6,25.7682,23.3739,-9.292,1
CAL-R00272,STD7,56.69,49.5611,-12.575,1
CAL-R00272,STD8,124.7179,115.4223,-7.453,1
CAL-R00273,STD1,2.0,2.3422,17.11,0
CAL-R00273,STD2,4.4,5.2903,20.235,0
CAL-R00273,STD3,9.68,10.1205,4.551,1
CAL-R00273,STD4,21.296,21.9194,2.927,1
CAL-R00273,STD5,46.8512,53.983,15.222,0
CAL-R00273,STD6,103.0726,106.7479,3.566,1
CAL-R00273,STD7,226.7598,286.535,26.361,0
CAL-R00273,STD8,498.8716,562.6142,12.777,1
CAL-R00274,STD1,1.0,1.0262,2.616,1
CAL-R00274,STD2,2.2,2.1198,-3.644,1
CAL-R00274,STD3,4.84,4.855,0.31,1
CAL-R00274,STD4,10.648,10.8171,1.588,1
CAL-R00274,STD5,23.4256,23.5207,0.406,1
CAL-R00274,STD6,51.5363,52.8953,2.637,1
CAL-R00274,STD7,113.3799,103.08,-9.084,1
CAL-R00274,STD8,249.4358,253.6407,1.686,1
CAL-R00275,STD1,0.5,0.4944,-1.13,1
CAL-R00275,STD2,1.1,1.0584,-3.78,1
CAL-R00275,STD3,2.42,2.4506,1.262,1
CAL-R00275,STD4,5.324,5.4638,2.625,1
CAL-R00275,STD5,11.7128,11.6083,-0.892,1
CAL-R00275,STD6,25.7682,25.7663,-0.007,1
CAL-R00275,STD7,56.69,58.301,2.842,1
CAL-R00275,STD8,124.7179,127.651,2.352,1
CAL-R00276,STD1,2.0,2.1394,6.972,1
CAL-R00276,STD2,4.4,4.6613,5.939,1
CAL-R00276,STD3,9.68,10.456,8.017,1
CAL-R00276,STD4,21.296,21.81,2.413,1
CAL-R00276,STD5,46.8512,48.5499,3.626,1
CAL-R00276,STD6,103.0726,110.4767,7.183,1
CAL-R00276,STD7,226.7598,240.9274,6.248,1
CAL-R00276,STD8,498.8716,533.7879,6.999,1
CAL-R00277,STD1,1.0,0.9821,-1.791,1
CAL-R00277,STD2,2.2,2.0881,-5.086,1
CAL-R00277,STD3,4.84,4.7479,-1.903,1
CAL-R00277,STD4,10.648,10.8434,1.835,1
CAL-R00277,STD5,23.4256,23.5457,0.513,1
CAL-R00277,STD6,51.5363,52.246,1.377,1
CAL-R00277,STD7,113.3799,115.3279,1.718,1
CAL-R00277,STD8,249.4358,256.7883,2.948,1
CAL-R00278,STD1,0.5,0.4731,-5.372,1
CAL-R00278,STD2,1.1,1.0347,-5.932,1
CAL-R00278,STD3,2.42,2.221,-8.222,1
CAL-R00278,STD4,5.324,5.3921,1.28,1
CAL-R00278,STD5,11.7128,11.1174,-5.083,1
CAL-R00278,STD6,25.7682,25.9072,0.54,1
CAL-R00278,STD7,56.69,57.3197,1.111,1
CAL-R00278,STD8,124.7179,122.8162,-1.525,1
CAL-R00279,STD1,2.0,2.1953,9.766,1
CAL-R00279,STD2,4.4,4.6422,5.504,1
CAL-R00279,STD3,9.68,10.3937,7.372,1
CAL-R00279,STD4,21.296,22.651,6.363,1
CAL-R00279,STD5,46.8512,50.4142,7.605,1
CAL-R00279,STD6,103.0726,106.8213,3.637,1
CAL-R00279,STD7,226.7598,246.7346,8.809,1
CAL-R00279,STD8,498.8716,528.2386,5.887,1
CAL-R00280,STD1,1.0,1.0072,0.72,1
CAL-R00280,STD2,2.2,2.2112,0.507,1
CAL-R00280,STD3,4.84,4.9448,2.165,1
CAL-R00280,STD4,10.648,10.0976,-5.169,1
CAL-R00280,STD5,23.4256,22.5283,-3.831,1
CAL-R00280,STD6,51.5363,52.2428,1.371,1
CAL-R00280,STD7,113.3799,105.0361,-7.359,1
CAL-R00280,STD8,249.4358,244.5183,-1.971,1
CAL-R00281,STD1,0.5,0.4554,-8.919,1
CAL-R00281,STD2,1.1,0.9275,-15.678,0
CAL-R00281,STD3,2.42,2.2481,-7.102,1
CAL-R00281,STD4,5.324,4.9189,-7.608,1
CAL-R00281,STD5,11.7128,10.5897,-9.589,1
CAL-R00281,STD6,25.7682,23.5367,-8.66,1
CAL-R00281,STD7,56.69,50.2135,-11.424,1
CAL-R00281,STD8,124.7179,110.5162,-11.387,1
CAL-R00282,STD1,2.0,2.105,5.25,1
CAL-R00282,STD2,4.4,4.8352,9.891,1
CAL-R00282,STD3,9.68,10.6793,10.324,1
CAL-R00282,STD4,21.296,20.642,-3.071,1
CAL-R00282,STD5,46.8512,47.9323,2.307,1
CAL-R00282,STD6,103.0726,109.4135,6.152,1
CAL-R00282,STD7,226.7598,230.7934,1.779,1
CAL-R00282,STD8,498.8716,571.5115,14.561,1
CAL-R00283,STD1,1.0,1.0304,3.039,1
CAL-R00283,STD2,2.2,2.1509,-2.232,1
CAL-R00283,STD3,4.84,4.9602,2.483,1
CAL-R00283,STD4,10.648,10.3457,-2.839,1
CAL-R00283,STD5,23.4256,22.569,-3.657,1
CAL-R00283,STD6,51.5363,51.7874,0.487,1
CAL-R00283,STD7,113.3799,118.5139,4.528,1
CAL-R00283,STD8,249.4358,250.8346,0.561,1
CAL-R00284,STD1,0.5,0.4708,-5.832,1
CAL-R00284,STD2,1.1,1.1798,7.254,1
CAL-R00284,STD3,2.42,2.445,1.032,1
CAL-R00284,STD4,5.324,5.1409,-3.44,1
CAL-R00284,STD5,11.7128,12.077,3.11,1
CAL-R00284,STD6,25.7682,24.9665,-3.111,1
CAL-R00284,STD7,56.69,56.4776,-0.375,1
CAL-R00284,STD8,124.7179,124.5638,-0.124,1
CAL-R00285,STD1,2.0,2.1372,6.858,1
CAL-R00285,STD2,4.4,4.8062,9.232,1
CAL-R00285,STD3,9.68,10.2086,5.461,1
CAL-R00285,STD4,21.296,21.9331,2.992,1
CAL-R00285,STD5,46.8512,50.1402,7.02,1
CAL-R00285,STD6,103.0726,107.9343,4.717,1
CAL-R00285,STD7,226.7598,237.3688,4.679,1
CAL-R00285,STD8,498.8716,525.6778,5.373,1
CAL-R00286,STD1,1.0,1.0211,2.107,1
CAL-R00286,STD2,2.2,2.3187,5.393,1
CAL-R00286,STD3,4.84,4.9496,2.264,1
CAL-R00286,STD4,10.648,10.2204,-4.016,1
CAL-R00286,STD5,23.4256,23.8396,1.767,1
CAL-R00286,STD6,51.5363,50.2543,-2.488,1
CAL-R00286,STD7,113.3799,114.6202,1.094,1
CAL-R00286,STD8,249.4358,256.0511,2.652,1
CAL-R00287,STD1,0.5,0.5144,2.875,1
CAL-R00287,STD2,1.1,1.0693,-2.793,1
CAL-R00287,STD3,2.42,2.5251,4.342,1
CAL-R00287,STD4,5.324,5.194,-2.441,1
CAL-R00287,STD5,11.7128,11.5009,-1.809,1
CAL-R00287,STD6,25.7682,24.3284,-5.587,1
CAL-R00287,STD7,56.69,54.9883,-3.002,1
CAL-R00287,STD8,124.7179,129.0849,3.502,1
CAL-R00288,STD1,2.0,2.1108,5.54,1
CAL-R00288,STD2,4.4,4.8141,9.411,1
CAL-R00288,STD3,9.68,10.5864,9.364,1
CAL-R00288,STD4,21.296,23.3616,9.7,1
CAL-R00288,STD5,46.8512,49.3089,5.246,1
CAL-R00288,STD6,103.0726,113.2318,9.856,1
CAL-R00288,STD7,226.7598,237.4622,4.72,1
CAL-R00288,STD8,498.8716,558.3128,11.915,1
CAL-R00289,STD1,1.0,1.024,2.399,1
CAL-R00289,STD2,2.2,2.2498,2.262,1
CAL-R00289,STD3,4.84,4.971,2.706,1
CAL-R00289,STD4,10.648,10.4258,-2.087,1
CAL-R00289,STD5,23.4256,23.1684,-1.098,1
CAL-R00289,STD6,51.5363,49.9495,-3.079,1
CAL-R00289,STD7,113.3799,110.4309,-2.601,1
CAL-R00289,STD8,249.4358,240.0828,-3.75,1
CAL-R00290,STD1,0.5,0.475,-4.996,1
CAL-R00290,STD2,1.1,1.0428,-5.198,1
CAL-R00290,STD3,2.42,2.134,-11.819,1
CAL-R00290,STD4,5.324,4.8156,-9.55,1
CAL-R00290,STD5,11.7128,10.8658,-7.232,1
CAL-R00290,STD6,25.7682,22.8754,-11.226,1
CAL-R00290,STD7,56.69,49.5742,-12.552,1
CAL-R00290,STD8,124.7179,118.3135,-5.135,1
CAL-R00291,STD1,2.0,2.0259,1.297,1
CAL-R00291,STD2,4.4,4.6747,6.242,1
CAL-R00291,STD3,9.68,10.4534,7.99,1
CAL-R00291,STD4,21.296,24.5666,15.358,0
CAL-R00291,STD5,46.8512,50.1208,6.979,1
CAL-R00291,STD6,103.0726,97.559,-5.349,1
CAL-R00291,STD7,226.7598,259.483,14.431,1
CAL-R00291,STD8,498.8716,551.5591,10.561,1
CAL-R00292,STD1,1.0,0.9958,-0.423,1
CAL-R00292,STD2,2.2,2.2055,0.248,1
CAL-R00292,STD3,4.84,4.9368,2.0,1
CAL-R00292,STD4,10.648,10.6293,-0.175,1
CAL-R00292,STD5,23.4256,22.3419,-4.626,1
CAL-R00292,STD6,51.5363,51.7699,0.453,1
CAL-R00292,STD7,113.3799,111.4114,-1.736,1
CAL-R00292,STD8,249.4358,260.726,4.526,1
CAL-R00293,STD1,0.5,0.4906,-1.879,1
CAL-R00293,STD2,1.1,1.1186,1.695,1
CAL-R00293,STD3,2.42,2.4507,1.269,1
CAL-R00293,STD4,5.324,5.3011,-0.43,1
CAL-R00293,STD5,11.7128,11.9876,2.346,1
CAL-R00293,STD6,25.7682,26.6258,3.328,1
CAL-R00293,STD7,56.69,56.2234,-0.823,1
CAL-R00293,STD8,124.7179,126.5629,1.479,1
CAL-R00294,STD1,2.0,2.1776,8.882,1
CAL-R00294,STD2,4.4,4.7399,7.724,1
CAL-R00294,STD3,9.68,10.3789,7.22,1
CAL-R00294,STD4,21.296,22.6086,6.164,1
CAL-R00294,STD5,46.8512,51.9818,10.951,1
CAL-R00294,STD6,103.0726,113.0774,9.707,1
CAL-R00294,STD7,226.7598,257.3254,13.479,1
CAL-R00294,STD8,498.8716,557.5465,11.762,1
CAL-R00295,STD1,1.0,0.9739,-2.61,1
CAL-R00295,STD2,2.2,2.0975,-4.658,1
CAL-R00295,STD3,4.84,4.572,-5.537,1
CAL-R00295,STD4,10.648,10.6462,-0.017,1
CAL-R00295,STD5,23.4256,24.3317,3.868,1
CAL-R00295,STD6,51.5363,50.1838,-2.624,1
CAL-R00295,STD7,113.3799,113.5532,0.153,1
CAL-R00295,STD8,249.4358,263.8908,5.795,1
CAL-R00296,STD1,0.5,0.4878,-2.434,1
CAL-R00296,STD2,1.1,1.0742,-2.348,1
CAL-R00296,STD3,2.42,2.4033,-0.688,1
CAL-R00296,STD4,5.324,5.3194,-0.086,1
CAL-R00296,STD5,11.7128,12.1172,3.453,1
CAL-R00296,STD6,25.7682,25.6737,-0.367,1
CAL-R00296,STD7,56.69,57.1992,0.898,1
CAL-R00296,STD8,124.7179,117.812,-5.537,1
CAL-R00297,STD1,2.0,2.1895,9.474,1
CAL-R00297,STD2,4.4,4.7731,8.48,1
CAL-R00297,STD3,9.68,10.2931,6.333,1
CAL-R00297,STD4,21.296,21.9988,3.3,1
CAL-R00297,STD5,46.8512,48.2355,2.955,1
CAL-R00297,STD6,103.0726,113.1371,9.764,1
CAL-R00297,STD7,226.7598,241.2125,6.374,1
CAL-R00297,STD8,498.8716,506.8565,1.601,1
CAL-R00298,STD1,1.0,0.9837,-1.627,1
CAL-R00298,STD2,2.2,2.1833,-0.757,1
CAL-R00298,STD3,4.84,4.708,-2.728,1
CAL-R00298,STD4,10.648,10.3622,-2.684,1
CAL-R00298,STD5,23.4256,24.2449,3.497,1
CAL-R00298,STD6,51.5363,51.6049,0.133,1
CAL-R00298,STD7,113.3799,117.2689,3.43,1
CAL-R00298,STD8,249.4358,246.3164,-1.251,1
CAL-R00299,STD1,0.5,0.4269,-14.616,1
CAL-R00299,STD2,1.1,1.0006,-9.037,1
CAL-R00299,STD3,2.42,2.1199,-12.4,1
CAL-R00299,STD4,5.324,4.6819,-12.06,1
CAL-R00299,STD5,11.7128,10.6603,-8.986,1
CAL-R00299,STD6,25.7682,21.6561,-15.958,0
CAL-R00299,STD7,56.69,49.9915,-11.816,1
CAL-R00299,STD8,124.7179,111.9297,-10.254,1
CAL-R00300,STD1,2.0,2.5943,29.715,0
CAL-R00300,STD2,4.4,4.3887,-0.258,1
CAL-R00300,STD3,9.68,8.8133,-8.953,1
CAL-R00300,STD4,21.296,18.7367,-12.018,1
CAL-R00300,STD5,46.8512,47.5073,1.4,1
CAL-R00300,STD6,103.0726,99.4095,-3.554,1
CAL-R00300,STD7,226.7598,226.0011,-0.335,1
CAL-R00300,STD8,498.8716,581.6162,16.586,0
CAL-R00301,STD1,1.0,0.9987,-0.129,1
CAL-R00301,STD2,2.2,2.2289,1.315,1
CAL-R00301,STD3,4.84,4.7724,-1.397,1
CAL-R00301,STD4,10.648,10.5701,-0.732,1
CAL-R00301,STD5,23.4256,22.2771,-4.903,1
CAL-R00301,STD6,51.5363,51.8684,0.644,1
CAL-R00301,STD7,113.3799,116.5533,2.799,1
CAL-R00301,STD8,249.4358,254.0882,1.865,1
CAL-R00302,STD1,0.5,0.4622,-7.566,1
CAL-R00302,STD2,1.1,1.0966,-0.305,1
CAL-R00302,STD3,2.42,2.3053,-4.741,1
CAL-R00302,STD4,5.324,5.2176,-1.999,1
CAL-R00302,STD5,11.7128,11.3295,-3.273,1
CAL-R00302,STD6,25.7682,25.8174,0.191,1
CAL-R00302,STD7,56.69,55.0274,-2.933,1
CAL-R00302,STD8,124.7179,124.0848,-0.508,1
CAL-R00303,STD1,2.0,2.1328,6.638,1
CAL-R00303,STD2,4.4,4.4807,1.833,1
CAL-R00303,STD3,9.68,9.7221,0.435,1
CAL-R00303,STD4,21.296,23.818,11.843,1
CAL-R00303,STD5,46.8512,48.3221,3.139,1
CAL-R00303,STD6,103.0726,110.2152,6.93,1
CAL-R00303,STD7,226.7598,250.011,10.254,1
CAL-R00303,STD8,498.8716,539.6043,8.165,1
CAL-R00304,STD1,1.0,1.0149,1.486,1
CAL-R00304,STD2,2.2,2.2223,1.012,1
CAL-R00304,STD3,4.84,4.7268,-2.339,1
CAL-R00304,STD4,10.648,10.754,0.996,1
CAL-R00304,STD5,23.4256,23.1294,-1.264,1
CAL-R00304,STD6,51.5363,54.1579,5.087,1
CAL-R00304,STD7,113.3799,110.0902,-2.901,1
CAL-R00304,STD8,249.4358,247.1738,-0.907,1
CAL-R00305,STD1,0.5,0.5047,0.936,1
CAL-R00305,STD2,1.1,1.1101,0.922,1
CAL-R00305,STD3,2.42,2.3871,-1.361,1
CAL-R00305,STD4,5.324,5.1525,-3.222,1
CAL-R00305,STD5,11.7128,11.9361,1.907,1
CAL-R00305,STD6,25.7682,25.6891,-0.307,1
CAL-R00305,STD7,56.69,55.2911,-2.468,1
CAL-R00305,STD8,124.7179,128.0642,2.683,1
CAL-R00306,STD1,2.0,1.9973,-0.135,1
CAL-R00306,STD2,4.4,4.6872,6.528,1
CAL-R00306,STD3,9.68,9.8665,1.927,1
CAL-R00306,STD4,21.296,22.5791,6.025,1
CAL-R00306,STD5,46.8512,51.1083,9.086,1
CAL-R00306,STD6,103.0726,111.2987,7.981,1
CAL-R00306,STD7,226.7598,240.6109,6.108,1
CAL-R00306,STD8,498.8716,534.8681,7.216,1
CAL-R00307,STD1,1.0,0.9924,-0.764,1
CAL-R00307,STD2,2.2,2.0476,-6.927,1
CAL-R00307,STD3,4.84,4.747,-1.921,1
CAL-R00307,STD4,10.648,10.4035,-2.296,1
CAL-R00307,STD5,23.4256,24.0713,2.756,1
CAL-R00307,STD6,51.5363,48.0902,-6.687,1
CAL-R00307,STD7,113.3799,111.4452,-1.706,1
CAL-R00307,STD8,249.4358,246.6251,-1.127,1
CAL-R00308,STD1,0.5,0.4318,-13.647,1
CAL-R00308,STD2,1.1,0.9898,-10.021,1
CAL-R00308,STD3,2.42,2.1721,-10.242,1
CAL-R00308,STD4,5.324,4.8061,-9.727,1
CAL-R00308,STD5,11.7128,10.6912,-8.722,1
CAL-R00308,STD6,25.7682,22.0347,-14.489,1
CAL-R00308,STD7,56.69,52.0043,-8.265,1
CAL-R00308,STD8,124.7179,106.8908,-14.294,1
CAL-R00309,STD1,2.0,2.3337,16.687,0
CAL-R00309,STD2,4.4,4.6292,5.208,1
CAL-R00309,STD3,9.68,10.2741,6.138,1
CAL-R00309,STD4,21.296,23.0826,8.389,1
CAL-R00309,STD5,46.8512,41.765,-10.856,1
CAL-R00309,STD6,103.0726,96.7726,-6.112,1
CAL-R00309,STD7,226.7598,235.6777,3.933,1
CAL-R00309,STD8,498.8716,522.6241,4.761,1
CAL-R00310,STD1,1.0,1.0005,0.053,1
CAL-R00310,STD2,2.2,2.1149,-3.868,1
CAL-R00310,STD3,4.84,4.7352,-2.166,1
CAL-R00310,STD4,10.648,10.6926,0.419,1
CAL-R00310,STD5,23.4256,24.4467,4.359,1
CAL-R00310,STD6,51.5363,50.4691,-2.071,1
CAL-R00310,STD7,113.3799,105.6147,-6.849,1
CAL-R00310,STD8,249.4358,249.4089,-0.011,1
CAL-R00311,STD1,0.5,0.4875,-2.497,1
CAL-R00311,STD2,1.1,1.0754,-2.234,1
CAL-R00311,STD3,2.42,2.457,1.529,1
CAL-R00311,STD4,5.324,5.1107,-4.007,1
CAL-R00311,STD5,11.7128,11.889,1.505,1
CAL-R00311,STD6,25.7682,26.7235,3.707,1
CAL-R00311,STD7,56.69,55.4817,-2.131,1
CAL-R00311,STD8,124.7179,127.3358,2.099,1
CAL-R00312,STD1,2.0,2.1001,5.007,1
CAL-R00312,STD2,4.4,4.7479,7.906,1
CAL-R00312,STD3,9.68,10.0998,4.337,1
CAL-R00312,STD4,21.296,21.9028,2.849,1
CAL-R00312,STD5,46.8512,52.4842,12.023,1
CAL-R00312,STD6,103.0726,106.444,3.271,1
CAL-R00312,STD7,226.7598,243.1124,7.211,1
CAL-R00312,STD8,498.8716,538.6131,7.966,1
CAL-R00313,STD1,1.0,1.0105,1.047,1
CAL-R00313,STD2,2.2,2.2942,4.283,1
CAL-R00313,STD3,4.84,4.6538,-3.848,1
CAL-R00313,STD4,10.648,10.8106,1.527,1
CAL-R00313,STD5,23.4256,23.5946,0.721,1
CAL-R00313,STD6,51.5363,51.6644,0.249,1
CAL-R00313,STD7,113.3799,112.929,-0.398,1
CAL-R00313,STD8,249.4358,239.6392,-3.928,1
CAL-R00314,STD1,0.5,0.5202,4.031,1
CAL-R00314,STD2,1.1,1.0927,-0.664,1
CAL-R00314,STD3,2.42,2.4591,1.615,1
CAL-R00314,STD4,5.324,5.3592,0.661,1
CAL-R00314,STD5,11.7128,11.2879,-3.627,1
CAL-R00314,STD6,25.7682,25.9846,0.84,1
CAL-R00314,STD7,56.69,54.4102,-4.021,1
CAL-R00314,STD8,124.7179,122.3526,-1.897,1
CAL-R00315,STD1,2.0,2.16,7.998,1
CAL-R00315,STD2,4.4,4.7974,9.031,1
CAL-R00315,STD3,9.68,10.2176,5.553,1
CAL-R00315,STD4,21.296,22.1885,4.191,1
CAL-R00315,STD5,46.8512,50.6232,8.051,1
CAL-R00315,STD6,103.0726,115.266,11.83,1
CAL-R00315,STD7,226.7598,243.0979,7.205,1
CAL-R00315,STD8,498.8716,530.3035,6.301,1
CAL-R00316,STD1,1.0,0.9453,-5.47,1
CAL-R00316,STD2,2.2,2.2539,2.452,1
CAL-R00316,STD3,4.84,4.8108,-0.604,1
CAL-R00316,STD4,10.648,10.1407,-4.764,1
CAL-R00316,STD5,23.4256,23.4237,-0.008,1
CAL-R00316,STD6,51.5363,54.3859,5.529,1
CAL-R00316,STD7,113.3799,112.9172,-0.408,1
CAL-R00316,STD8,249.4358,257.5629,3.258,1
CAL-R00317,STD1,0.5,0.4521,-9.588,1
CAL-R00317,STD2,1.1,0.9552,-13.159,1
CAL-R00317,STD3,2.42,2.176,-10.081,1
CAL-R00317,STD4,5.324,4.7679,-10.445,1
CAL-R00317,STD5,11.7128,10.0968,-13.797,1
CAL-R00317,STD6,25.7682,22.5162,-12.62,1
CAL-R00317,STD7,56.69,50.6443,-10.664,1
CAL-R00317,STD8,124.7179,108.3826,-13.098,1
CAL-R00318,STD1,2.0,2.179,8.952,1
CAL-R00318,STD2,4.4,5.1368,16.745,0
CAL-R00318,STD3,9.68,10.7392,10.942,1
CAL-R00318,STD4,21.296,22.0307,3.45,1
CAL-R00318,STD5,46.8512,48.4255,3.36,1
CAL-R00318,STD6,103.0726,105.0912,1.958,1
CAL-R00318,STD7,226.7598,252.5024,11.352,1
CAL-R00318,STD8,498.8716,478.8453,-4.014,1
CAL-R00319,STD1,1.0,1.0604,6.036,1
CAL-R00319,STD2,2.2,2.1446,-2.518,1
CAL-R00319,STD3,4.84,4.7421,-2.023,1
CAL-R00319,STD4,10.648,10.9496,2.833,1
CAL-R00319,STD5,23.4256,22.7748,-2.778,1
CAL-R00319,STD6,51.5363,52.0737,1.043,1
CAL-R00319,STD7,113.3799,111.6457,-1.53,1
CAL-R00319,STD8,249.4358,252.7848,1.343,1
CAL-R00320,STD1,0.5,0.4792,-4.155,1
CAL-R00320,STD2,1.1,1.071,-2.64,1
CAL-R00320,STD3,2.42,2.4099,-0.419,1
CAL-R00320,STD4,5.324,5.3902,1.243,1
CAL-R00320,STD5,11.7128,11.8431,1.112,1
CAL-R00320,STD6,25.7682,26.5868,3.177,1
CAL-R00320,STD7,56.69,56.5425,-0.26,1
CAL-R00320,STD8,124.7179,128.0659,2.684,1
CAL-R00321,STD1,2.0,2.165,8.249,1
CAL-R00321,STD2,4.4,4.7974,9.031,1
CAL-R00321,STD3,9.68,10.0673,4.001,1
CAL-R00321,STD4,21.296,23.0224,8.107,1
CAL-R00321,STD5,46.8512,50.0327,6.791,1
CAL-R00321,STD6,103.0726,110.5134,7.219,1
CAL-R00321,STD7,226.7598,236.9435,4.491,1
CAL-R00321,STD8,498.8716,546.1915,9.485,1
CAL-R00322,STD1,1.0,0.972,-2.796,1
CAL-R00322,STD2,2.2,2.2682,3.099,1
CAL-R00322,STD3,4.84,4.8469,0.142,1
CAL-R00322,STD4,10.648,10.5378,-1.035,1
CAL-R00322,STD5,23.4256,23.9457,2.22,1
CAL-R00322,STD6,51.5363,49.6706,-3.62,1
CAL-R00322,STD7,113.3799,109.0665,-3.804,1
CAL-R00322,STD8,249.4358,259.8125,4.16,1
CAL-R00323,STD1,0.5,0.4924,-1.52,1
CAL-R00323,STD2,1.1,1.1467,4.244,1
CAL-R00323,STD3,2.42,2.3836,-1.505,1
CAL-R00323,STD4,5.324,5.2375,-1.624,1
CAL-R00323,STD5,11.7128,11.7828,0.598,1
CAL-R00323,STD6,25.7682,25.4901,-1.079,1
CAL-R00323,STD7,56.69,58.5511,3.283,1
CAL-R00323,STD8,124.7179,131.0425,5.071,1
CAL-R00324,STD1,2.0,1.9985,-0.076,1
CAL-R00324,STD2,4.4,4.5308,2.974,1
CAL-R00324,STD3,9.68,10.309,6.498,1
CAL-R00324,STD4,21.296,22.2604,4.529,1
CAL-R00324,STD5,46.8512,48.1699,2.815,1
CAL-R00324,STD6,103.0726,109.2461,5.989,1
CAL-R00324,STD7,226.7598,237.4138,4.698,1
CAL-R00324,STD8,498.8716,537.2011,7.683,1
