run_id,qc_level,evaluation_type,nominal_value,measured_value,units,percent_bias,replicate_number,injection_index,analyte_area,is_area,area_ratio,retention_time,manual_integration,pass_fail,acceptance_limit_lower,acceptance_limit_upper,ingest_id,source_row
R00001,low_qc,quantitative,3.0,3.0987,ng/mL,3.291,1,1,155800.0,150835.9,1.03291,4.22,0,pass,-15.0,15.0,,synthetic:R00001:low_qc:1
R00001,low_qc,quantitative,3.0,2.831,ng/mL,-5.6321,2,2,147833.9,156657.1,0.94368,4.203,0,pass,-15.0,15.0,,synthetic:R00001:low_qc:2
R00001,mid_qc,quantitative,30.0,29.7125,ng/mL,-0.9582,1,3,149286.4,150730.7,0.99042,4.226,0,pass,-15.0,15.0,,synthetic:R00001:mid_qc:1
R00001,mid_qc,quantitative,30.0,30.8038,ng/mL,2.6793,2,4,155688.2,151625.7,1.02679,4.212,0,pass,-15.0,15.0,,synthetic:R00001:mid_qc:2
R00001,high_qc,quantitative,80.0,84.376,ng/mL,5.4701,1,5,159688.6,151406.6,1.0547,4.2,0,pass,-15.0,15.0,,synthetic:R00001:high_qc:1
R00001,high_qc,quantitative,80.0,82.7846,ng/mL,3.4807,2,6,151785.9,146680.3,1.03481,4.213,0,pass,-15.0,15.0,,synthetic:R00001:high_qc:2
R00002,low_qc,quantitative,1.5,1.5875,ng/mL,5.8362,1,1,164477.7,155407.8,1.05836,4.232,0,pass,-15.0,15.0,,synthetic:R00002:low_qc:1
R00002,low_qc,quantitative,1.5,1.614,ng/mL,7.6026,2,2,160286.3,148961.4,1.07603,4.188,0,pass,-15.0,15.0,,synthetic:R00002:low_qc:2
R00002,mid_qc,quantitative,75.0,78.0515,ng/mL,4.0687,1,3,145104.5,139431.5,1.04069,4.223,0,pass,-15.0,15.0,,synthetic:R00002:mid_qc:1
R00002,mid_qc,quantitative,75.0,79.6509,ng/mL,6.2012,2,4,154585.1,145558.6,1.06201,4.189,0,pass,-15.0,15.0,,synthetic:R00002:mid_qc:2
R00002,high_qc,quantitative,200.0,208.8563,ng/mL,4.4281,1,5,147340.1,141092.3,1.04428,4.229,0,pass,-15.0,15.0,,synthetic:R00002:high_qc:1
R00002,high_qc,quantitative,200.0,206.2303,ng/mL,3.1152,2,6,145404.6,141011.8,1.03115,4.213,0,pass,-15.0,15.0,,synthetic:R00002:high_qc:2
R00003,low_qc,quantitative,6.0,5.9616,ng/mL,-0.6404,1,1,148365.9,149322.1,0.9936,4.194,0,pass,-15.0,15.0,,synthetic:R00003:low_qc:1
R00003,low_qc,quantitative,6.0,5.7938,ng/mL,-3.4365,2,2,150075.6,155416.5,0.96563,4.254,0,pass,-15.0,15.0,,synthetic:R00003:low_qc:2
R00003,mid_qc,quantitative,150.0,145.4908,ng/mL,-3.0062,1,3,151384.5,156076.4,0.96994,4.229,0,pass,-15.0,15.0,,synthetic:R00003:mid_qc:1
R00003,mid_qc,quantitative,150.0,148.3324,ng/mL,-1.1118,2,4,145392.1,147026.7,0.98888,4.199,0,pass,-15.0,15.0,,synthetic:R00003:mid_qc:2
R00003,high_qc,quantitative,400.0,387.4609,ng/mL,-3.1348,1,5,139520.8,144036.0,0.96865,4.214,0,pass,-15.0,15.0,,synthetic:R00003:high_qc:1
R00003,high_qc,quantitative,400.0,401.1397,ng/mL,0.2849,2,6,149439.1,149014.5,1.00285,4.203,0,pass,-15.0,15.0,,synthetic:R00003:high_qc:2
R00004,low_qc,quantitative,3.0,2.9864,ng/mL,-0.4545,1,1,149345.9,150027.7,0.99545,4.22,0,pass,-15.0,15.0,,synthetic:R00004:low_qc:1
R00004,low_qc,quantitative,3.0,2.7912,ng/mL,-6.9613,2,2,134543.2,144609.9,0.93039,4.237,0,pass,-15.0,15.0,,synthetic:R00004:low_qc:2
R00004,mid_qc,quantitative,30.0,30.7601,ng/mL,2.5337,1,3,155384.5,151544.9,1.02534,4.186,0,pass,-15.0,15.0,,synthetic:R00004:mid_qc:1
R00004,mid_qc,quantitative,30.0,29.8976,ng/mL,-0.3413,2,4,147708.1,148214.0,0.99659,4.236,0,pass,-15.0,15.0,,synthetic:R00004:mid_qc:2
R00004,high_qc,quantitative,80.0,82.3386,ng/mL,2.9232,1,5,155658.1,151237.1,1.02923,4.19,0,pass,-15.0,15.0,,synthetic:R00004:high_qc:1
R00004,high_qc,quantitative,80.0,81.2199,ng/mL,1.5248,2,6,145080.8,142901.8,1.01525,4.196,0,pass,-15.0,15.0,,synthetic:R00004:high_qc:2
R00005,low_qc,quantitative,1.5,1.4498,ng/mL,-3.3447,1,1,127861.3,132285.8,0.96655,4.224,0,pass,-15.0,15.0,,synthetic:R00005:low_qc:1
R00005,low_qc,quantitative,1.5,1.43,ng/mL,-4.6653,2,2,144189.4,151245.4,0.95335,4.217,0,pass,-15.0,15.0,,synthetic:R00005:low_qc:2
R00005,mid_qc,quantitative,75.0,72.7351,ng/mL,-3.0199,1,3,143588.4,148059.7,0.9698,4.222,0,pass,-15.0,15.0,,synthetic:R00005:mid_qc:1
R00005,mid_qc,quantitative,75.0,73.1536,ng/mL,-2.4619,2,4,144600.3,148250.0,0.97538,4.216,0,pass,-15.0,15.0,,synthetic:R00005:mid_qc:2
R00005,high_qc,quantitative,200.0,193.3926,ng/mL,-3.3037,1,5,158955.5,164386.4,0.96696,4.21,0,pass,-15.0,15.0,,synthetic:R00005:high_qc:1
R00005,high_qc,quantitative,200.0,190.5833,ng/mL,-4.7083,2,6,149724.9,157122.8,0.95292,4.227,0,pass,-15.0,15.0,,synthetic:R00005:high_qc:2
R00006,low_qc,quantitative,6.0,5.7681,ng/mL,-3.8647,1,1,139545.9,145155.8,0.96135,4.219,0,pass,-15.0,15.0,,synthetic:R00006:low_qc:1
R00006,low_qc,quantitative,6.0,5.5864,ng/mL,-6.894,2,2,142308.3,152845.5,0.93106,4.254,0,pass,-15.0,15.0,,synthetic:R00006:low_qc:2
R00006,mid_qc,quantitative,150.0,144.4934,ng/mL,-3.6711,1,3,142262.2,147683.8,0.96329,4.193,0,pass,-15.0,15.0,,synthetic:R00006:mid_qc:1
R00006,mid_qc,quantitative,150.0,138.6053,ng/mL,-7.5965,2,4,134328.4,145371.5,0.92404,4.188,0,pass,-15.0,15.0,,synthetic:R00006:mid_qc:2
R00006,high_qc,quantitative,400.0,383.5444,ng/mL,-4.1139,1,5,139001.6,144965.3,0.95886,4.201,0,pass,-15.0,15.0,,synthetic:R00006:high_qc:1
R00006,high_qc,quantitative,400.0,381.0173,ng/mL,-4.7457,2,6,149000.9,156424.3,0.95254,4.202,0,pass,-15.0,15.0,,synthetic:R00006:high_qc:2
R00007,low_qc,quantitative,3.0,3.0849,ng/mL,2.8284,1,1,155332.6,151060.1,1.02828,4.219,0,pass,-15.0,15.0,,synthetic:R00007:low_qc:1
R00007,low_qc,quantitative,3.0,3.1029,ng/mL,3.4311,2,2,165803.8,160303.6,1.03431,4.209,0,pass,-15.0,15.0,,synthetic:R00007:low_qc:2
R00007,mid_qc,quantitative,30.0,31.0398,ng/mL,3.466,1,3,143816.7,138999.0,1.03466,4.2,0,pass,-15.0,15.0,,synthetic:R00007:mid_qc:1
R00007,mid_qc,quantitative,30.0,29.714,ng/mL,-0.9535,2,4,152544.4,154012.8,0.99047,4.217,0,pass,-15.0,15.0,,synthetic:R00007:mid_qc:2
R00007,high_qc,quantitative,80.0,84.1296,ng/mL,5.162,1,5,156402.8,148725.6,1.05162,4.2,0,pass,-15.0,15.0,,synthetic:R00007:high_qc:1
R00007,high_qc,quantitative,80.0,80.1368,ng/mL,0.1709,2,6,156486.1,156219.0,1.00171,4.183,0,pass,-15.0,15.0,,synthetic:R00007:high_qc:2
R00008,low_qc,quantitative,1.5,1.5586,ng/mL,3.9097,1,1,161468.5,155393.1,1.0391,4.209,0,pass,-15.0,15.0,,synthetic:R00008:low_qc:1
R00008,low_qc,quantitative,1.5,1.5582,ng/mL,3.8769,2,2,149169.9,143602.6,1.03877,4.25,0,pass,-15.0,15.0,,synthetic:R00008:low_qc:2
R00008,mid_qc,quantitative,75.0,78.5742,ng/mL,4.7655,1,3,159150.0,151910.7,1.04766,4.197,0,pass,-15.0,15.0,,synthetic:R00008:mid_qc:1
R00008,mid_qc,quantitative,75.0,76.5031,ng/mL,2.0042,2,4,149939.6,146993.6,1.02004,4.266,0,pass,-15.0,15.0,,synthetic:R00008:mid_qc:2
R00008,high_qc,quantitative,200.0,207.3716,ng/mL,3.6858,1,5,161006.0,155282.5,1.03686,4.185,0,pass,-15.0,15.0,,synthetic:R00008:high_qc:1
R00008,high_qc,quantitative,200.0,206.2106,ng/mL,3.1053,2,6,153281.1,148664.7,1.03105,4.212,0,pass,-15.0,15.0,,synthetic:R00008:high_qc:2
R00009,low_qc,quantitative,6.0,5.9739,ng/mL,-0.4348,1,1,150631.1,151288.9,0.99565,4.191,0,pass,-15.0,15.0,,synthetic:R00009:low_qc:1
R00009,low_qc,quantitative,6.0,6.0019,ng/mL,0.0321,2,2,159029.7,158978.6,1.00032,4.187,0,pass,-15.0,15.0,,synthetic:R00009:low_qc:2
R00009,mid_qc,quantitative,150.0,148.5478,ng/mL,-0.9681,1,3,158943.4,160497.2,0.99032,4.238,0,pass,-15.0,15.0,,synthetic:R00009:mid_qc:1
R00009,mid_qc,quantitative,150.0,144.987,ng/mL,-3.342,2,4,138421.2,143207.2,0.96658,4.229,0,pass,-15.0,15.0,,synthetic:R00009:mid_qc:2
R00009,high_qc,quantitative,400.0,388.7377,ng/mL,-2.8156,1,5,144567.2,148755.5,0.97184,4.228,0,pass,-15.0,15.0,,synthetic:R00009:high_qc:1
R00009,high_qc,quantitative,400.0,397.1241,ng/mL,-0.719,2,6,149314.8,150396.1,0.99281,4.175,0,pass,-15.0,15.0,,synthetic:R00009:high_qc:2
R00010,low_qc,quantitative,3.0,2.7907,ng/mL,-6.9763,1,1,141971.8,152619.0,0.93024,4.256,0,pass,-15.0,15.0,,synthetic:R00010:low_qc:1
R00010,low_qc,quantitative,3.0,3.1198,ng/mL,3.9938,2,2,165692.6,159329.3,1.03994,4.229,0,pass,-15.0,15.0,,synthetic:R00010:low_qc:2
R00010,mid_qc,quantitative,30.0,30.6012,ng/mL,2.004,1,3,149725.2,146783.7,1.02004,4.194,0,pass,-15.0,15.0,,synthetic:R00010:mid_qc:1
R00010,mid_qc,quantitative,30.0,29.5737,ng/mL,-1.4209,2,4,142359.7,144411.6,0.98579,4.198,0,pass,-15.0,15.0,,synthetic:R00010:mid_qc:2
R00010,high_qc,quantitative,80.0,73.7986,ng/mL,-7.7517,1,5,147064.1,159422.0,0.92248,4.235,0,pass,-15.0,15.0,,synthetic:R00010:high_qc:1
R00010,high_qc,quantitative,80.0,75.1337,ng/mL,-6.0828,2,6,138051.7,146993.0,0.93917,4.205,0,pass,-15.0,15.0,,synthetic:R00010:high_qc:2
R00011,low_qc,quantitative,1.5,1.6022,ng/mL,6.8152,1,1,166531.7,155906.5,1.06815,4.227,0,pass,-15.0,15.0,,synthetic:R00011:low_qc:1
R00011,low_qc,quantitative,1.5,1.4883,ng/mL,-0.7803,2,2,147307.7,148466.2,0.9922,4.198,0,pass,-15.0,15.0,,synthetic:R00011:low_qc:2
R00011,mid_qc,quantitative,75.0,76.6272,ng/mL,2.1696,1,3,145482.8,142393.4,1.0217,4.23,0,pass,-15.0,15.0,,synthetic:R00011:mid_qc:1
R00011,mid_qc,quantitative,75.0,76.1111,ng/mL,1.4814,2,4,153097.4,150862.5,1.01481,4.207,0,pass,-15.0,15.0,,synthetic:R00011:mid_qc:2
R00011,high_qc,quantitative,200.0,201.3674,ng/mL,0.6837,1,5,146418.5,145424.3,1.00684,4.19,0,pass,-15.0,15.0,,synthetic:R00011:high_qc:1
R00011,high_qc,quantitative,200.0,217.835,ng/mL,8.9175,2,6,160977.6,147797.8,1.08917,4.245,0,pass,-15.0,15.0,,synthetic:R00011:high_qc:2
R00012,low_qc,quantitative,6.0,5.6469,ng/mL,-5.8843,1,1,145442.8,154536.2,0.94116,4.193,0,pass,-15.0,15.0,,synthetic:R00012:low_qc:1
R00012,low_qc,quantitative,6.0,5.8392,ng/mL,-2.6801,2,2,154302.3,158551.6,0.9732,4.2,0,pass,-15.0,15.0,,synthetic:R00012:low_qc:2
R00012,mid_qc,quantitative,150.0,155.7374,ng/mL,3.825,1,3,154860.2,149155.1,1.03825,4.226,0,pass,-15.0,15.0,,synthetic:R00012:mid_qc:1
R00012,mid_qc,quantitative,150.0,149.1656,ng/mL,-0.5563,2,4,138848.3,139625.0,0.99444,4.238,0,pass,-15.0,15.0,,synthetic:R00012:mid_qc:2
R00012,high_qc,quantitative,400.0,377.0562,ng/mL,-5.7359,1,5,147777.5,156769.7,0.94264,4.233,0,pass,-15.0,15.0,,synthetic:R00012:high_qc:1
R00012,high_qc,quantitative,400.0,386.795,ng/mL,-3.3012,2,6,157123.3,162487.4,0.96699,4.228,0,pass,-15.0,15.0,,synthetic:R00012:high_qc:2
R00013,low_qc,quantitative,3.0,2.9911,ng/mL,-0.2968,1,1,148395.4,148837.1,0.99703,4.208,0,pass,-15.0,15.0,,synthetic:R00013:low_qc:1
R00013,low_qc,quantitative,3.0,2.8626,ng/mL,-4.5793,2,2,142848.3,149703.7,0.95421,4.214,0,pass,-15.0,15.0,,synthetic:R00013:low_qc:2
R00013,mid_qc,quantitative,30.0,29.738,ng/mL,-0.8735,1,3,140837.6,142078.6,0.99127,4.201,0,pass,-15.0,15.0,,synthetic:R00013:mid_qc:1
R00013,mid_qc,quantitative,30.0,30.3192,ng/mL,1.064,2,4,144592.7,143070.5,1.01064,4.211,0,pass,-15.0,15.0,,synthetic:R00013:mid_qc:2
R00013,high_qc,quantitative,80.0,85.2417,ng/mL,6.5521,1,5,155525.4,145961.8,1.06552,4.196,0,pass,-15.0,15.0,,synthetic:R00013:high_qc:1
R00013,high_qc,quantitative,80.0,84.7894,ng/mL,5.9867,2,6,157766.4,148854.9,1.05987,4.207,0,pass,-15.0,15.0,,synthetic:R00013:high_qc:2
R00014,low_qc,quantitative,1.5,1.5589,ng/mL,3.9282,1,1,162920.7,156762.8,1.03928,4.194,0,pass,-15.0,15.0,,synthetic:R00014:low_qc:1
R00014,low_qc,quantitative,1.5,1.5201,ng/mL,1.3407,2,2,163154.0,160995.5,1.01341,4.209,0,pass,-15.0,15.0,,synthetic:R00014:low_qc:2
R00014,mid_qc,quantitative,75.0,72.9052,ng/mL,-2.7931,1,3,152085.7,156455.6,0.97207,4.214,0,pass,-15.0,15.0,,synthetic:R00014:mid_qc:1
R00014,mid_qc,quantitative,75.0,74.964,ng/mL,-0.048,2,4,164084.1,164162.9,0.99952,4.214,0,pass,-15.0,15.0,,synthetic:R00014:mid_qc:2
R00014,high_qc,quantitative,200.0,202.8467,ng/mL,1.4233,1,5,150219.6,148111.5,1.01423,4.229,0,pass,-15.0,15.0,,synthetic:R00014:high_qc:1
R00014,high_qc,quantitative,200.0,193.9194,ng/mL,-3.0403,2,6,143123.2,147611.0,0.9696,4.212,0,pass,-15.0,15.0,,synthetic:R00014:high_qc:2
R00015,low_qc,quantitative,6.0,6.0696,ng/mL,1.1592,1,1,150232.6,148511.1,1.01159,4.222,0,pass,-15.0,15.0,,synthetic:R00015:low_qc:1
R00015,low_qc,quantitative,6.0,6.0283,ng/mL,0.4713,2,2,144281.2,143604.4,1.00471,4.24,0,pass,-15.0,15.0,,synthetic:R00015:low_qc:2
R00015,mid_qc,quantitative,150.0,143.0756,ng/mL,-4.6162,1,3,145751.2,152805.1,0.95384,4.228,0,pass,-15.0,15.0,,synthetic:R00015:mid_qc:1
R00015,mid_qc,quantitative,150.0,147.5107,ng/mL,-1.6595,2,4,139838.6,142198.4,0.9834,4.201,0,pass,-15.0,15.0,,synthetic:R00015:mid_qc:2
R00015,high_qc,quantitative,400.0,423.3559,ng/mL,5.839,1,5,149856.4,141589.0,1.05839,4.237,0,pass,-15.0,15.0,,synthetic:R00015:high_qc:1
R00015,high_qc,quantitative,400.0,384.1379,ng/mL,-3.9655,2,6,145205.0,151200.9,0.96034,4.231,0,pass,-15.0,15.0,,synthetic:R00015:high_qc:2
R00016,low_qc,quantitative,3.0,2.9739,ng/mL,-0.8706,1,1,155159.9,156522.5,0.99129,4.218,0,pass,-15.0,15.0,,synthetic:R00016:low_qc:1
R00016,low_qc,quantitative,3.0,3.1797,ng/mL,5.9913,2,2,151597.0,143027.7,1.05991,4.204,0,pass,-15.0,15.0,,synthetic:R00016:low_qc:2
R00016,mid_qc,quantitative,30.0,30.4137,ng/mL,1.3791,1,3,142461.2,140523.2,1.01379,4.203,0,pass,-15.0,15.0,,synthetic:R00016:mid_qc:1
R00016,mid_qc,quantitative,30.0,29.7656,ng/mL,-0.7813,2,4,140606.9,141714.1,0.99219,4.187,0,pass,-15.0,15.0,,synthetic:R00016:mid_qc:2
R00016,high_qc,quantitative,80.0,83.722,ng/mL,4.6525,1,5,151966.9,145211.1,1.04652,4.223,0,pass,-15.0,15.0,,synthetic:R00016:high_qc:1
R00016,high_qc,quantitative,80.0,81.4395,ng/mL,1.7994,2,6,162982.4,160101.5,1.01799,4.249,0,pass,-15.0,15.0,,synthetic:R00016:high_qc:2
R00017,low_qc,quantitative,1.5,1.521,ng/mL,1.397,1,1,158486.9,156303.4,1.01397,4.216,0,pass,-15.0,15.0,,synthetic:R00017:low_qc:1
R00017,low_qc,quantitative,1.5,1.4446,ng/mL,-3.6952,2,2,145801.8,151396.2,0.96305,4.193,0,pass,-15.0,15.0,,synthetic:R00017:low_qc:2
R00017,mid_qc,quantitative,75.0,79.8806,ng/mL,6.5075,1,3,159503.3,149757.8,1.06508,4.209,0,pass,-15.0,15.0,,synthetic:R00017:mid_qc:1
R00017,mid_qc,quantitative,75.0,76.09,ng/mL,1.4534,2,4,152252.4,150071.3,1.01453,4.198,0,pass,-15.0,15.0,,synthetic:R00017:mid_qc:2
R00017,high_qc,quantitative,200.0,196.9808,ng/mL,-1.5096,1,5,152944.0,155288.2,0.9849,4.225,0,pass,-15.0,15.0,,synthetic:R00017:high_qc:1
R00017,high_qc,quantitative,200.0,205.3468,ng/mL,2.6734,2,6,154033.0,150022.3,1.02673,4.171,0,pass,-15.0,15.0,,synthetic:R00017:high_qc:2
R00018,low_qc,quantitative,6.0,6.3929,ng/mL,6.548,1,1,166807.4,156556.1,1.06548,4.184,0,pass,-15.0,15.0,,synthetic:R00018:low_qc:1
R00018,low_qc,quantitative,6.0,5.7785,ng/mL,-3.6917,2,2,145818.9,151408.5,0.96308,4.208,0,pass,-15.0,15.0,,synthetic:R00018:low_qc:2
R00018,mid_qc,quantitative,150.0,152.7791,ng/mL,1.8527,1,3,152995.8,150212.8,1.01853,4.179,0,pass,-15.0,15.0,,synthetic:R00018:mid_qc:1
R00018,mid_qc,quantitative,150.0,146.5636,ng/mL,-2.2909,2,4,137584.1,140809.9,0.97709,4.237,0,pass,-15.0,15.0,,synthetic:R00018:mid_qc:2
R00018,high_qc,quantitative,400.0,393.3681,ng/mL,-1.658,1,5,148991.9,151503.8,0.98342,4.211,0,pass,-15.0,15.0,,synthetic:R00018:high_qc:1
R00018,high_qc,quantitative,400.0,400.419,ng/mL,0.1047,2,6,150418.9,150261.5,1.00105,4.212,0,pass,-15.0,15.0,,synthetic:R00018:high_qc:2
R00019,low_qc,quantitative,3.0,3.1346,ng/mL,4.4851,1,1,152372.6,145831.9,1.04485,4.241,0,pass,-15.0,15.0,,synthetic:R00019:low_qc:1
R00019,low_qc,quantitative,3.0,3.0702,ng/mL,2.3408,2,2,166811.5,162996.1,1.02341,4.208,0,pass,-15.0,15.0,,synthetic:R00019:low_qc:2
R00019,mid_qc,quantitative,30.0,29.6541,ng/mL,-1.1531,1,3,154807.2,156613.1,0.98847,4.201,0,pass,-15.0,15.0,,synthetic:R00019:mid_qc:1
R00019,mid_qc,quantitative,30.0,31.6752,ng/mL,5.584,2,4,148705.8,140841.3,1.05584,4.216,0,pass,-15.0,15.0,,synthetic:R00019:mid_qc:2
R00019,high_qc,quantitative,80.0,79.2718,ng/mL,-0.9102,1,5,151728.8,153122.5,0.9909,4.2,0,pass,-15.0,15.0,,synthetic:R00019:high_qc:1
R00019,high_qc,quantitative,80.0,81.1265,ng/mL,1.4081,2,6,157318.2,155133.8,1.01408,4.209,0,pass,-15.0,15.0,,synthetic:R00019:high_qc:2
R00020,low_qc,quantitative,1.5,1.5645,ng/mL,4.2981,1,1,157813.4,151310.0,1.04298,4.23,0,pass,-15.0,15.0,,synthetic:R00020:low_qc:1
R00020,low_qc,quantitative,1.5,1.5008,ng/mL,0.0518,2,2,152754.9,152675.8,1.00052,4.222,0,pass,-15.0,15.0,,synthetic:R00020:low_qc:2
R00020,mid_qc,quantitative,75.0,75.8569,ng/mL,1.1426,1,3,141222.2,139626.9,1.01143,4.18,0,pass,-15.0,15.0,,synthetic:R00020:mid_qc:1
R00020,mid_qc,quantitative,75.0,71.1257,ng/mL,-5.1657,2,4,149448.9,157589.6,0.94834,4.194,0,pass,-15.0,15.0,,synthetic:R00020:mid_qc:2
R00020,high_qc,quantitative,200.0,198.0453,ng/mL,-0.9774,1,5,139738.2,141117.5,0.99023,4.193,0,pass,-15.0,15.0,,synthetic:R00020:high_qc:1
R00020,high_qc,quantitative,200.0,205.1984,ng/mL,2.5992,2,6,148871.9,145100.5,1.02599,4.232,0,pass,-15.0,15.0,,synthetic:R00020:high_qc:2
R00021,low_qc,quantitative,6.0,5.9021,ng/mL,-1.6318,1,1,139678.3,141995.5,0.98368,4.208,0,pass,-15.0,15.0,,synthetic:R00021:low_qc:1
R00021,low_qc,quantitative,6.0,5.9049,ng/mL,-1.5858,2,2,138686.5,140921.3,0.98414,4.2,0,pass,-15.0,15.0,,synthetic:R00021:low_qc:2
R00021,mid_qc,quantitative,150.0,148.1257,ng/mL,-1.2495,1,3,143642.8,145460.3,0.9875,4.232,0,pass,-15.0,15.0,,synthetic:R00021:mid_qc:1
R00021,mid_qc,quantitative,150.0,145.4904,ng/mL,-3.0064,2,4,142398.7,146812.4,0.96994,4.218,0,pass,-15.0,15.0,,synthetic:R00021:mid_qc:2
R00021,high_qc,quantitative,400.0,419.6387,ng/mL,4.9097,1,5,165558.5,157810.6,1.0491,4.219,0,pass,-15.0,15.0,,synthetic:R00021:high_qc:1
R00021,high_qc,quantitative,400.0,381.1849,ng/mL,-4.7038,2,6,139010.2,145871.7,0.95296,4.221,0,pass,-15.0,15.0,,synthetic:R00021:high_qc:2
R00022,low_qc,quantitative,3.0,3.0558,ng/mL,1.8605,1,1,148757.7,146040.6,1.0186,4.184,0,pass,-15.0,15.0,,synthetic:R00022:low_qc:1
R00022,low_qc,quantitative,3.0,2.9375,ng/mL,-2.0833,2,2,144242.8,147311.8,0.97917,4.233,0,pass,-15.0,15.0,,synthetic:R00022:low_qc:2
R00022,mid_qc,quantitative,30.0,30.7036,ng/mL,2.3454,1,3,164749.5,160974.1,1.02345,4.229,0,pass,-15.0,15.0,,synthetic:R00022:mid_qc:1
R00022,mid_qc,quantitative,30.0,30.395,ng/mL,1.3167,2,4,156899.9,154860.9,1.01317,4.197,0,pass,-15.0,15.0,,synthetic:R00022:mid_qc:2
R00022,high_qc,quantitative,80.0,75.4855,ng/mL,-5.6432,1,5,145627.1,154336.5,0.94357,4.198,0,pass,-15.0,15.0,,synthetic:R00022:high_qc:1
R00022,high_qc,quantitative,80.0,79.7646,ng/mL,-0.2942,2,6,144700.7,145127.6,0.99706,4.235,0,pass,-15.0,15.0,,synthetic:R00022:high_qc:2
R00023,low_qc,quantitative,1.5,1.4514,ng/mL,-3.2422,1,1,146554.0,151464.8,0.96758,4.221,0,pass,-15.0,15.0,,synthetic:R00023:low_qc:1
R00023,low_qc,quantitative,1.5,1.4522,ng/mL,-3.1846,2,2,145045.6,149816.7,0.96815,4.212,0,pass,-15.0,15.0,,synthetic:R00023:low_qc:2
R00023,mid_qc,quantitative,75.0,79.1454,ng/mL,5.5272,1,3,165305.7,156647.5,1.05527,4.242,0,pass,-15.0,15.0,,synthetic:R00023:mid_qc:1
R00023,mid_qc,quantitative,75.0,79.0301,ng/mL,5.3734,2,4,153862.9,146016.8,1.05373,4.211,0,pass,-15.0,15.0,,synthetic:R00023:mid_qc:2
R00023,high_qc,quantitative,200.0,202.3837,ng/mL,1.1918,1,5,146973.4,145242.3,1.01192,4.216,0,pass,-15.0,15.0,,synthetic:R00023:high_qc:1
R00023,high_qc,quantitative,200.0,198.4584,ng/mL,-0.7708,2,6,142066.1,143169.7,0.99229,4.215,0,pass,-15.0,15.0,,synthetic:R00023:high_qc:2
R00024,low_qc,quantitative,6.0,6.2446,ng/mL,4.077,1,1,167516.1,160954.0,1.04077,4.239,0,pass,-15.0,15.0,,synthetic:R00024:low_qc:1
R00024,low_qc,quantitative,6.0,6.0411,ng/mL,0.6844,2,2,151802.3,150770.5,1.00684,4.236,0,pass,-15.0,15.0,,synthetic:R00024:low_qc:2
R00024,mid_qc,quantitative,150.0,148.6049,ng/mL,-0.9301,1,3,145376.7,146741.5,0.9907,4.205,0,pass,-15.0,15.0,,synthetic:R00024:mid_qc:1
R00024,mid_qc,quantitative,150.0,159.2737,ng/mL,6.1824,2,4,161782.5,152362.8,1.06182,4.16,0,pass,-15.0,15.0,,synthetic:R00024:mid_qc:2
R00024,high_qc,quantitative,400.0,402.4341,ng/mL,0.6085,1,5,148983.5,148082.4,1.00609,4.216,0,pass,-15.0,15.0,,synthetic:R00024:high_qc:1
R00024,high_qc,quantitative,400.0,394.2521,ng/mL,-1.437,2,6,141056.9,143113.4,0.98563,4.2,0,pass,-15.0,15.0,,synthetic:R00024:high_qc:2
R00025,low_qc,quantitative,3.0,2.9285,ng/mL,-2.3841,1,1,146073.0,149640.6,0.97616,4.203,0,pass,-15.0,15.0,,synthetic:R00025:low_qc:1
R00025,low_qc,quantitative,3.0,3.1985,ng/mL,6.6156,2,2,154101.0,144538.8,1.06616,4.2,0,pass,-15.0,15.0,,synthetic:R00025:low_qc:2
R00025,mid_qc,quantitative,30.0,29.761,ng/mL,-0.7967,1,3,146148.9,147322.6,0.99203,4.206,0,pass,-15.0,15.0,,synthetic:R00025:mid_qc:1
R00025,mid_qc,quantitative,30.0,30.6192,ng/mL,2.064,2,4,158485.5,155280.6,1.02064,4.214,0,pass,-15.0,15.0,,synthetic:R00025:mid_qc:2
R00025,high_qc,quantitative,80.0,74.8954,ng/mL,-6.3808,1,5,153086.6,163520.5,0.93619,4.195,0,pass,-15.0,15.0,,synthetic:R00025:high_qc:1
R00025,high_qc,quantitative,80.0,80.5939,ng/mL,0.7423,2,6,155892.6,154743.8,1.00742,4.205,0,pass,-15.0,15.0,,synthetic:R00025:high_qc:2
R00026,low_qc,quantitative,1.5,1.4991,ng/mL,-0.0578,1,1,155318.5,155408.3,0.99942,4.226,0,pass,-15.0,15.0,,synthetic:R00026:low_qc:1
R00026,low_qc,quantitative,1.5,1.4647,ng/mL,-2.3525,2,2,145393.3,148896.0,0.97648,4.234,0,pass,-15.0,15.0,,synthetic:R00026:low_qc:2
R00026,mid_qc,quantitative,75.0,69.6095,ng/mL,-7.1873,1,3,139594.5,150404.5,0.92813,4.216,0,pass,-15.0,15.0,,synthetic:R00026:mid_qc:1
R00026,mid_qc,quantitative,75.0,76.9874,ng/mL,2.6499,2,4,143690.4,139981.1,1.0265,4.216,0,pass,-15.0,15.0,,synthetic:R00026:mid_qc:2
R00026,high_qc,quantitative,200.0,199.2949,ng/mL,-0.3525,1,5,152447.1,152986.5,0.99647,4.226,0,pass,-15.0,15.0,,synthetic:R00026:high_qc:1
R00026,high_qc,quantitative,200.0,191.4541,ng/mL,-4.2729,2,6,141673.1,147996.9,0.95727,4.238,0,pass,-15.0,15.0,,synthetic:R00026:high_qc:2
R00027,low_qc,quantitative,6.0,6.1354,ng/mL,2.2565,1,1,153133.5,149754.3,1.02257,4.198,0,pass,-15.0,15.0,,synthetic:R00027:low_qc:1
R00027,low_qc,quantitative,6.0,5.9435,ng/mL,-0.9415,2,2,146920.8,148317.2,0.99059,4.143,0,pass,-15.0,15.0,,synthetic:R00027:low_qc:2
R00027,mid_qc,quantitative,150.0,148.1547,ng/mL,-1.2302,1,3,149224.6,151083.2,0.9877,4.264,0,pass,-15.0,15.0,,synthetic:R00027:mid_qc:1
R00027,mid_qc,quantitative,150.0,141.7963,ng/mL,-5.4691,2,4,131860.9,139489.7,0.94531,4.21,0,pass,-15.0,15.0,,synthetic:R00027:mid_qc:2
R00027,high_qc,quantitative,400.0,401.0031,ng/mL,0.2508,1,5,155452.1,155063.2,1.00251,4.218,0,pass,-15.0,15.0,,synthetic:R00027:high_qc:1
R00027,high_qc,quantitative,400.0,379.0354,ng/mL,-5.2411,2,6,136733.7,144296.5,0.94759,4.217,0,pass,-15.0,15.0,,synthetic:R00027:high_qc:2
R00028,low_qc,quantitative,3.0,2.9558,ng/mL,-1.4722,1,1,155208.8,157527.9,0.98528,4.247,0,pass,-15.0,15.0,,synthetic:R00028:low_qc:1
R00028,low_qc,quantitative,3.0,3.1117,ng/mL,3.7247,2,2,151830.3,146378.2,1.03725,4.194,0,pass,-15.0,15.0,,synthetic:R00028:low_qc:2
R00028,mid_qc,quantitative,30.0,30.3276,ng/mL,1.092,1,3,151996.6,150354.7,1.01092,4.208,0,pass,-15.0,15.0,,synthetic:R00028:mid_qc:1
R00028,mid_qc,quantitative,30.0,30.4449,ng/mL,1.483,2,4,155598.4,153324.6,1.01483,4.234,0,pass,-15.0,15.0,,synthetic:R00028:mid_qc:2
R00028,high_qc,quantitative,80.0,82.5606,ng/mL,3.2007,1,5,136181.5,131957.9,1.03201,4.188,0,pass,-15.0,15.0,,synthetic:R00028:high_qc:1
R00028,high_qc,quantitative,80.0,81.7327,ng/mL,2.1658,2,6,152733.1,149495.3,1.02166,4.209,0,pass,-15.0,15.0,,synthetic:R00028:high_qc:2
R00029,low_qc,quantitative,1.5,1.5161,ng/mL,1.0767,1,1,152190.6,150569.5,1.01077,4.221,0,pass,-15.0,15.0,,synthetic:R00029:low_qc:1
R00029,low_qc,quantitative,1.5,1.5629,ng/mL,4.1957,2,2,155899.3,149621.5,1.04196,4.199,0,pass,-15.0,15.0,,synthetic:R00029:low_qc:2
R00029,mid_qc,quantitative,75.0,79.5429,ng/mL,6.0572,1,3,150478.5,141884.3,1.06057,4.212,0,pass,-15.0,15.0,,synthetic:R00029:mid_qc:1
R00029,mid_qc,quantitative,75.0,82.2239,ng/mL,9.6319,2,4,163968.9,149563.1,1.09632,4.21,0,pass,-15.0,15.0,,synthetic:R00029:mid_qc:2
R00029,high_qc,quantitative,200.0,208.1067,ng/mL,4.0533,1,5,158831.9,152644.7,1.04053,4.232,0,pass,-15.0,15.0,,synthetic:R00029:high_qc:1
R00029,high_qc,quantitative,200.0,215.1998,ng/mL,7.5999,2,6,159507.9,148241.7,1.076,4.206,0,pass,-15.0,15.0,,synthetic:R00029:high_qc:2
R00030,low_qc,quantitative,6.0,5.9014,ng/mL,-1.6434,1,1,147115.4,149573.5,0.98357,4.176,0,pass,-15.0,15.0,,synthetic:R00030:low_qc:1
R00030,low_qc,quantitative,6.0,5.9956,ng/mL,-0.0737,2,2,148763.2,148873.0,0.99926,4.228,0,pass,-15.0,15.0,,synthetic:R00030:low_qc:2
R00030,mid_qc,quantitative,150.0,154.3502,ng/mL,2.9001,1,3,148222.9,144045.3,1.029,4.212,0,pass,-15.0,15.0,,synthetic:R00030:mid_qc:1
R00030,mid_qc,quantitative,150.0,144.2461,ng/mL,-3.836,2,4,144876.2,150655.3,0.96164,4.207,0,pass,-15.0,15.0,,synthetic:R00030:mid_qc:2
R00030,high_qc,quantitative,400.0,409.2586,ng/mL,2.3146,1,5,155264.0,151751.5,1.02315,4.199,0,pass,-15.0,15.0,,synthetic:R00030:high_qc:1
R00030,high_qc,quantitative,400.0,387.323,ng/mL,-3.1692,2,6,153362.3,158381.8,0.96831,4.166,0,pass,-15.0,15.0,,synthetic:R00030:high_qc:2
R00031,low_qc,quantitative,3.0,3.0939,ng/mL,3.1297,1,1,156396.6,151650.4,1.0313,4.19,0,pass,-15.0,15.0,,synthetic:R00031:low_qc:1
R00031,low_qc,quantitative,3.0,3.1018,ng/mL,3.3946,2,2,148997.9,144106.0,1.03395,4.232,0,pass,-15.0,15.0,,synthetic:R00031:low_qc:2
R00031,mid_qc,quantitative,30.0,29.647,ng/mL,-1.1766,1,3,154944.6,156789.5,0.98823,4.164,0,pass,-15.0,15.0,,synthetic:R00031:mid_qc:1
R00031,mid_qc,quantitative,30.0,30.7292,ng/mL,2.4306,2,4,151872.8,148268.9,1.02431,4.196,0,pass,-15.0,15.0,,synthetic:R00031:mid_qc:2
R00031,high_qc,quantitative,80.0,79.3656,ng/mL,-0.793,1,5,165879.2,167205.3,0.99207,4.211,0,pass,-15.0,15.0,,synthetic:R00031:high_qc:1
R00031,high_qc,quantitative,80.0,83.3526,ng/mL,4.1908,2,6,141923.6,136215.1,1.04191,4.221,0,pass,-15.0,15.0,,synthetic:R00031:high_qc:2
R00032,low_qc,quantitative,1.5,1.5682,ng/mL,4.548,1,1,143132.5,136906.0,1.04548,4.22,0,pass,-15.0,15.0,,synthetic:R00032:low_qc:1
R00032,low_qc,quantitative,1.5,1.575,ng/mL,4.997,2,2,161872.9,154169.0,1.04997,4.202,0,pass,-15.0,15.0,,synthetic:R00032:low_qc:2
R00032,mid_qc,quantitative,75.0,79.2502,ng/mL,5.667,1,3,158286.5,149797.5,1.05667,4.187,0,pass,-15.0,15.0,,synthetic:R00032:mid_qc:1
R00032,mid_qc,quantitative,75.0,74.6417,ng/mL,-0.4778,2,4,144974.4,145670.3,0.99522,4.198,0,pass,-15.0,15.0,,synthetic:R00032:mid_qc:2
R00032,high_qc,quantitative,200.0,211.5583,ng/mL,5.7792,1,5,149159.9,141010.7,1.05779,4.214,0,pass,-15.0,15.0,,synthetic:R00032:high_qc:1
R00032,high_qc,quantitative,200.0,210.7344,ng/mL,5.3672,2,6,150236.0,142583.3,1.05367,4.205,0,pass,-15.0,15.0,,synthetic:R00032:high_qc:2
R00033,low_qc,quantitative,6.0,5.7122,ng/mL,-4.7961,1,1,133223.6,139935.0,0.95204,4.216,0,pass,-15.0,15.0,,synthetic:R00033:low_qc:1
R00033,low_qc,quantitative,6.0,6.2095,ng/mL,3.492,2,2,147716.5,142732.2,1.03492,4.192,0,pass,-15.0,15.0,,synthetic:R00033:low_qc:2
R00033,mid_qc,quantitative,150.0,146.7625,ng/mL,-2.1583,1,3,152324.5,155684.7,0.97842,4.2,0,pass,-15.0,15.0,,synthetic:R00033:mid_qc:1
R00033,mid_qc,quantitative,150.0,152.1642,ng/mL,1.4428,2,4,141813.0,139796.1,1.01443,4.192,0,pass,-15.0,15.0,,synthetic:R00033:mid_qc:2
R00033,high_qc,quantitative,400.0,402.9441,ng/mL,0.736,1,5,139373.1,138354.8,1.00736,4.211,0,pass,-15.0,15.0,,synthetic:R00033:high_qc:1
R00033,high_qc,quantitative,400.0,402.835,ng/mL,0.7088,2,6,141849.3,140851.0,1.00709,4.211,0,pass,-15.0,15.0,,synthetic:R00033:high_qc:2
R00034,low_qc,quantitative,3.0,3.1395,ng/mL,4.6494,1,1,145487.1,139023.3,1.04649,4.24,0,pass,-15.0,15.0,,synthetic:R00034:low_qc:1
R00034,low_qc,quantitative,3.0,3.0092,ng/mL,0.3068,2,2,158556.7,158071.8,1.00307,4.19,0,pass,-15.0,15.0,,synthetic:R00034:low_qc:2
R00034,mid_qc,quantitative,30.0,29.9762,ng/mL,-0.0792,1,3,146235.6,146351.5,0.99921,4.23,0,pass,-15.0,15.0,,synthetic:R00034:mid_qc:1
R00034,mid_qc,quantitative,30.0,29.9075,ng/mL,-0.3082,2,4,146122.8,146574.5,0.99692,4.218,0,pass,-15.0,15.0,,synthetic:R00034:mid_qc:2
R00034,high_qc,quantitative,80.0,77.4179,ng/mL,-3.2276,1,5,135976.0,140511.2,0.96772,4.224,0,pass,-15.0,15.0,,synthetic:R00034:high_qc:1
R00034,high_qc,quantitative,80.0,79.3345,ng/mL,-0.8319,2,6,148799.3,150047.5,0.99168,4.221,0,pass,-15.0,15.0,,synthetic:R00034:high_qc:2
R00035,low_qc,quantitative,1.5,1.5086,ng/mL,0.5737,1,1,147838.9,146995.5,1.00574,4.181,0,pass,-15.0,15.0,,synthetic:R00035:low_qc:1
R00035,low_qc,quantitative,1.5,1.4184,ng/mL,-5.4431,2,2,143273.5,151521.0,0.94557,4.231,0,pass,-15.0,15.0,,synthetic:R00035:low_qc:2
R00035,mid_qc,quantitative,75.0,75.4818,ng/mL,0.6424,1,3,145320.0,144392.3,1.00642,4.208,0,pass,-15.0,15.0,,synthetic:R00035:mid_qc:1
R00035,mid_qc,quantitative,75.0,76.3038,ng/mL,1.7384,2,4,150060.6,147496.6,1.01738,4.243,0,pass,-15.0,15.0,,synthetic:R00035:mid_qc:2
R00035,high_qc,quantitative,200.0,200.7213,ng/mL,0.3607,1,5,142107.0,141596.3,1.00361,4.21,0,pass,-15.0,15.0,,synthetic:R00035:high_qc:1
R00035,high_qc,quantitative,200.0,197.3478,ng/mL,-1.3261,2,6,135808.3,137633.4,0.98674,4.179,0,pass,-15.0,15.0,,synthetic:R00035:high_qc:2
R00036,low_qc,quantitative,6.0,5.7965,ng/mL,-3.3913,1,1,142921.8,147938.9,0.96609,4.217,0,pass,-15.0,15.0,,synthetic:R00036:low_qc:1
R00036,low_qc,quantitative,6.0,5.9983,ng/mL,-0.0283,2,2,143527.6,143568.3,0.99972,4.19,0,pass,-15.0,15.0,,synthetic:R00036:low_qc:2
R00036,mid_qc,quantitative,150.0,157.1633,ng/mL,4.7755,1,3,163149.6,155713.5,1.04776,4.222,0,pass,-15.0,15.0,,synthetic:R00036:mid_qc:1
R00036,mid_qc,quantitative,150.0,148.7539,ng/mL,-0.8307,2,4,151396.8,152665.0,0.99169,4.183,0,pass,-15.0,15.0,,synthetic:R00036:mid_qc:2
R00036,high_qc,quantitative,400.0,398.8065,ng/mL,-0.2984,1,5,153364.9,153823.9,0.99702,4.214,0,pass,-15.0,15.0,,synthetic:R00036:high_qc:1
R00036,high_qc,quantitative,400.0,391.0049,ng/mL,-2.2488,2,6,152535.4,156044.5,0.97751,4.201,0,pass,-15.0,15.0,,synthetic:R00036:high_qc:2
R00037,low_qc,quantitative,3.0,3.105,ng/mL,3.5009,1,1,153912.3,148706.2,1.03501,4.228,0,pass,-15.0,15.0,,synthetic:R00037:low_qc:1
R00037,low_qc,quantitative,3.0,3.1117,ng/mL,3.7248,2,2,165765.9,159813.1,1.03725,4.206,0,pass,-15.0,15.0,,synthetic:R00037:low_qc:2
R00037,mid_qc,quantitative,30.0,31.3251,ng/mL,4.417,1,3,159418.1,152674.6,1.04417,4.199,0,pass,-15.0,15.0,,synthetic:R00037:mid_qc:1
R00037,mid_qc,quantitative,30.0,31.2016,ng/mL,4.0053,2,4,154189.7,148251.7,1.04005,4.215,0,pass,-15.0,15.0,,synthetic:R00037:mid_qc:2
R00037,high_qc,quantitative,80.0,84.2152,ng/mL,5.269,1,5,153651.4,145960.8,1.05269,4.167,0,pass,-15.0,15.0,,synthetic:R00037:high_qc:1
R00037,high_qc,quantitative,80.0,83.1644,ng/mL,3.9555,2,6,155217.8,149311.8,1.03955,4.223,0,pass,-15.0,15.0,,synthetic:R00037:high_qc:2
R00038,low_qc,quantitative,1.5,1.5101,ng/mL,0.6759,1,1,153316.9,152287.6,1.00676,4.222,0,pass,-15.0,15.0,,synthetic:R00038:low_qc:1
R00038,low_qc,quantitative,1.5,1.4504,ng/mL,-3.3046,2,2,139019.4,143770.4,0.96695,4.199,0,pass,-15.0,15.0,,synthetic:R00038:low_qc:2
R00038,mid_qc,quantitative,75.0,75.8305,ng/mL,1.1073,1,3,151864.2,150201.1,1.01107,4.194,0,pass,-15.0,15.0,,synthetic:R00038:mid_qc:1
R00038,mid_qc,quantitative,75.0,69.937,ng/mL,-6.7507,2,4,146695.7,157315.5,0.93249,4.183,0,pass,-15.0,15.0,,synthetic:R00038:mid_qc:2
R00038,high_qc,quantitative,200.0,194.8286,ng/mL,-2.5857,1,5,140310.5,144034.7,0.97414,4.216,0,pass,-15.0,15.0,,synthetic:R00038:high_qc:1
R00038,high_qc,quantitative,200.0,151.9609,ng/mL,-24.0195,2,6,117712.1,154924.1,0.7598,4.207,0,fail,-15.0,15.0,,synthetic:R00038:high_qc:2
R00039,low_qc,quantitative,6.0,6.3544,ng/mL,5.9066,1,1,161689.4,152671.7,1.05907,4.223,0,pass,-15.0,15.0,,synthetic:R00039:low_qc:1
R00039,low_qc,quantitative,6.0,5.9736,ng/mL,-0.4399,2,2,155914.2,156603.0,0.9956,4.224,0,pass,-15.0,15.0,,synthetic:R00039:low_qc:2
R00039,mid_qc,quantitative,150.0,155.2184,ng/mL,3.479,1,3,157164.1,151880.2,1.03479,4.214,0,pass,-15.0,15.0,,synthetic:R00039:mid_qc:1
R00039,mid_qc,quantitative,150.0,149.4097,ng/mL,-0.3935,2,4,142646.3,143209.8,0.99606,4.207,0,pass,-15.0,15.0,,synthetic:R00039:mid_qc:2
R00039,high_qc,quantitative,400.0,402.3714,ng/mL,0.5929,1,5,144841.2,143987.6,1.00593,4.22,0,pass,-15.0,15.0,,synthetic:R00039:high_qc:1
R00039,high_qc,quantitative,400.0,392.6159,ng/mL,-1.846,2,6,150891.0,153728.9,0.98154,4.201,0,pass,-15.0,15.0,,synthetic:R00039:high_qc:2
R00040,low_qc,quantitative,3.0,3.168,ng/mL,5.5999,1,1,166280.8,157463.0,1.056,4.196,0,pass,-15.0,15.0,,synthetic:R00040:low_qc:1
R00040,low_qc,quantitative,3.0,3.0714,ng/mL,2.3789,2,2,149576.3,146100.7,1.02379,4.196,0,pass,-15.0,15.0,,synthetic:R00040:low_qc:2
R00040,mid_qc,quantitative,30.0,30.1745,ng/mL,0.5817,1,3,148629.7,147770.2,1.00582,4.201,0,pass,-15.0,15.0,,synthetic:R00040:mid_qc:1
R00040,mid_qc,quantitative,30.0,31.0513,ng/mL,3.5043,2,4,163442.4,157908.8,1.03504,4.178,0,pass,-15.0,15.0,,synthetic:R00040:mid_qc:2
R00040,high_qc,quantitative,80.0,82.7004,ng/mL,3.3755,1,5,151845.9,146887.7,1.03376,4.233,0,pass,-15.0,15.0,,synthetic:R00040:high_qc:1
R00040,high_qc,quantitative,80.0,79.9127,ng/mL,-0.1091,2,6,158132.7,158305.4,0.99891,4.24,0,pass,-15.0,15.0,,synthetic:R00040:high_qc:2
R00041,low_qc,quantitative,1.5,1.6362,ng/mL,9.0824,1,1,159758.9,146457.0,1.09082,4.219,0,pass,-15.0,15.0,,synthetic:R00041:low_qc:1
R00041,low_qc,quantitative,1.5,1.4651,ng/mL,-2.326,2,2,137896.8,141180.6,0.97674,4.17,0,pass,-15.0,15.0,,synthetic:R00041:low_qc:2
R00041,mid_qc,quantitative,75.0,80.8716,ng/mL,7.8288,1,3,158706.0,147183.2,1.07829,4.198,0,pass,-15.0,15.0,,synthetic:R00041:mid_qc:1
R00041,mid_qc,quantitative,75.0,79.8814,ng/mL,6.5086,2,4,159696.5,149937.7,1.06509,4.204,0,pass,-15.0,15.0,,synthetic:R00041:mid_qc:2
R00041,high_qc,quantitative,200.0,208.2111,ng/mL,4.1056,1,5,156978.6,150787.9,1.04106,4.211,0,pass,-15.0,15.0,,synthetic:R00041:high_qc:1
R00041,high_qc,quantitative,200.0,212.7187,ng/mL,6.3594,2,6,158820.8,149324.7,1.06359,4.171,0,pass,-15.0,15.0,,synthetic:R00041:high_qc:2
R00042,low_qc,quantitative,6.0,6.5005,ng/mL,8.342,1,1,170553.7,157421.6,1.08342,4.209,0,pass,-15.0,15.0,,synthetic:R00042:low_qc:1
R00042,low_qc,quantitative,6.0,6.004,ng/mL,0.0667,2,2,150493.7,150393.4,1.00067,4.21,0,pass,-15.0,15.0,,synthetic:R00042:low_qc:2
R00042,mid_qc,quantitative,150.0,157.0827,ng/mL,4.7218,1,3,152472.9,145598.1,1.04722,4.198,0,pass,-15.0,15.0,,synthetic:R00042:mid_qc:1
R00042,mid_qc,quantitative,150.0,157.6394,ng/mL,5.093,2,4,151922.1,144559.7,1.05093,4.208,0,pass,-15.0,15.0,,synthetic:R00042:mid_qc:2
R00042,high_qc,quantitative,400.0,407.6287,ng/mL,1.9072,1,5,146370.8,143631.5,1.01907,4.193,0,pass,-15.0,15.0,,synthetic:R00042:high_qc:1
R00042,high_qc,quantitative,400.0,406.5524,ng/mL,1.6381,2,6,155142.2,152641.7,1.01638,4.213,0,pass,-15.0,15.0,,synthetic:R00042:high_qc:2
R00043,low_qc,quantitative,3.0,2.9827,ng/mL,-0.575,1,1,158476.7,159393.3,0.99425,4.211,0,pass,-15.0,15.0,,synthetic:R00043:low_qc:1
R00043,low_qc,quantitative,3.0,3.0795,ng/mL,2.6505,2,2,155418.8,151405.8,1.02651,4.203,0,pass,-15.0,15.0,,synthetic:R00043:low_qc:2
R00043,mid_qc,quantitative,30.0,32.0368,ng/mL,6.7893,1,3,162691.6,152348.3,1.06789,4.217,0,pass,-15.0,15.0,,synthetic:R00043:mid_qc:1
R00043,mid_qc,quantitative,30.0,32.2371,ng/mL,7.4569,2,4,158752.9,147736.4,1.07457,4.196,0,pass,-15.0,15.0,,synthetic:R00043:mid_qc:2
R00043,high_qc,quantitative,80.0,82.6756,ng/mL,3.3445,1,5,151124.9,146234.0,1.03345,4.214,0,pass,-15.0,15.0,,synthetic:R00043:high_qc:1
R00043,high_qc,quantitative,80.0,82.6594,ng/mL,3.3243,2,6,157332.5,152270.6,1.03324,4.228,0,pass,-15.0,15.0,,synthetic:R00043:high_qc:2
R00044,low_qc,quantitative,1.5,1.4935,ng/mL,-0.4328,1,1,156251.7,156930.9,0.99567,4.225,0,pass,-15.0,15.0,,synthetic:R00044:low_qc:1
R00044,low_qc,quantitative,1.5,1.468,ng/mL,-2.1351,2,2,152612.0,155941.5,0.97865,4.199,0,pass,-15.0,15.0,,synthetic:R00044:low_qc:2
R00044,mid_qc,quantitative,75.0,77.3677,ng/mL,3.157,1,3,148407.3,143865.5,1.03157,4.217,0,pass,-15.0,15.0,,synthetic:R00044:mid_qc:1
R00044,mid_qc,quantitative,75.0,73.4456,ng/mL,-2.0725,2,4,149208.1,152365.9,0.97927,4.205,0,pass,-15.0,15.0,,synthetic:R00044:mid_qc:2
R00044,high_qc,quantitative,200.0,192.0749,ng/mL,-3.9625,1,5,141358.9,147191.4,0.96037,4.196,0,pass,-15.0,15.0,,synthetic:R00044:high_qc:1
R00044,high_qc,quantitative,200.0,195.5572,ng/mL,-2.2214,2,6,161131.2,164791.9,0.97779,4.213,0,pass,-15.0,15.0,,synthetic:R00044:high_qc:2
R00045,low_qc,quantitative,6.0,5.9074,ng/mL,-1.543,1,1,135816.4,137945.0,0.98457,4.206,0,pass,-15.0,15.0,,synthetic:R00045:low_qc:1
R00045,low_qc,quantitative,6.0,7.1835,ng/mL,19.7255,2,2,176718.9,147603.3,1.19726,4.225,0,fail,-15.0,15.0,,synthetic:R00045:low_qc:2
R00045,mid_qc,quantitative,150.0,148.4812,ng/mL,-1.0125,1,3,149731.2,151262.8,0.98987,4.246,0,pass,-15.0,15.0,,synthetic:R00045:mid_qc:1
R00045,mid_qc,quantitative,150.0,153.7702,ng/mL,2.5134,2,4,165342.3,161288.4,1.02513,4.213,0,pass,-15.0,15.0,,synthetic:R00045:mid_qc:2
R00045,high_qc,quantitative,400.0,400.3421,ng/mL,0.0855,1,5,150692.7,150563.9,1.00086,4.189,0,pass,-15.0,15.0,,synthetic:R00045:high_qc:1
R00045,high_qc,quantitative,400.0,390.7578,ng/mL,-2.3105,2,6,151096.6,154670.4,0.97689,4.235,0,pass,-15.0,15.0,,synthetic:R00045:high_qc:2
R00046,low_qc,quantitative,3.0,3.0361,ng/mL,1.2041,1,1,151722.3,149917.1,1.01204,4.2,0,pass,-15.0,15.0,,synthetic:R00046:low_qc:1
R00046,low_qc,quantitative,3.0,2.9792,ng/mL,-0.693,2,2,157365.5,158463.6,0.99307,4.262,0,pass,-15.0,15.0,,synthetic:R00046:low_qc:2
R00046,mid_qc,quantitative,30.0,30.2653,ng/mL,0.8842,1,3,146586.8,145302.0,1.00884,4.209,0,pass,-15.0,15.0,,synthetic:R00046:mid_qc:1
R00046,mid_qc,quantitative,30.0,30.7624,ng/mL,2.5414,2,4,148076.4,144406.4,1.02541,4.209,0,pass,-15.0,15.0,,synthetic:R00046:mid_qc:2
R00046,high_qc,quantitative,80.0,78.6891,ng/mL,-1.6387,1,5,147490.6,149947.8,0.98361,4.219,0,pass,-15.0,15.0,,synthetic:R00046:high_qc:1
R00046,high_qc,quantitative,80.0,80.7985,ng/mL,0.9981,2,6,147911.4,146449.6,1.00998,4.219,0,pass,-15.0,15.0,,synthetic:R00046:high_qc:2
R00047,low_qc,quantitative,1.5,1.4854,ng/mL,-0.9724,1,1,143794.8,145206.7,0.99028,4.233,0,pass,-15.0,15.0,,synthetic:R00047:low_qc:1
R00047,low_qc,quantitative,1.5,1.4548,ng/mL,-3.0164,2,2,137893.8,142182.7,0.96984,4.221,0,pass,-15.0,15.0,,synthetic:R00047:low_qc:2
R00047,mid_qc,quantitative,75.0,78.9683,ng/mL,5.291,1,3,157320.3,149414.8,1.05291,4.247,0,pass,-15.0,15.0,,synthetic:R00047:mid_qc:1
R00047,mid_qc,quantitative,75.0,78.4444,ng/mL,4.5926,2,4,149546.0,142979.5,1.04593,4.226,0,pass,-15.0,15.0,,synthetic:R00047:mid_qc:2
R00047,high_qc,quantitative,200.0,199.3636,ng/mL,-0.3182,1,5,157388.7,157891.1,0.99682,4.195,0,pass,-15.0,15.0,,synthetic:R00047:high_qc:1
R00047,high_qc,quantitative,200.0,198.5273,ng/mL,-0.7364,2,6,145112.8,146189.3,0.99264,4.191,0,pass,-15.0,15.0,,synthetic:R00047:high_qc:2
R00048,low_qc,quantitative,6.0,6.1968,ng/mL,3.28,1,1,145569.0,140945.9,1.0328,4.222,0,pass,-15.0,15.0,,synthetic:R00048:low_qc:1
R00048,low_qc,quantitative,6.0,6.0409,ng/mL,0.681,2,2,141950.3,140990.2,1.00681,4.221,0,pass,-15.0,15.0,,synthetic:R00048:low_qc:2
R00048,mid_qc,quantitative,150.0,157.6019,ng/mL,5.0679,1,3,155942.5,148420.6,1.05068,4.24,0,pass,-15.0,15.0,,synthetic:R00048:mid_qc:1
R00048,mid_qc,quantitative,150.0,152.6842,ng/mL,1.7895,2,4,162762.4,159901.0,1.01789,4.198,0,pass,-15.0,15.0,,synthetic:R00048:mid_qc:2
R00048,high_qc,quantitative,400.0,404.5305,ng/mL,1.1326,1,5,153913.0,152189.2,1.01133,4.205,0,pass,-15.0,15.0,,synthetic:R00048:high_qc:1
R00048,high_qc,quantitative,400.0,401.4564,ng/mL,0.3641,2,6,148541.6,148002.7,1.00364,4.226,0,pass,-15.0,15.0,,synthetic:R00048:high_qc:2
R00049,low_qc,quantitative,3.0,3.1354,ng/mL,4.5127,1,1,155615.9,148896.7,1.04513,4.192,0,pass,-15.0,15.0,,synthetic:R00049:low_qc:1
R00049,low_qc,quantitative,3.0,3.0676,ng/mL,2.2529,2,2,154954.7,151540.6,1.02253,4.209,0,pass,-15.0,15.0,,synthetic:R00049:low_qc:2
R00049,mid_qc,quantitative,30.0,28.806,ng/mL,-3.98,1,3,145521.3,151553.1,0.9602,4.222,0,pass,-15.0,15.0,,synthetic:R00049:mid_qc:1
R00049,mid_qc,quantitative,30.0,30.227,ng/mL,0.7566,2,4,145058.7,143969.5,1.00757,4.219,0,pass,-15.0,15.0,,synthetic:R00049:mid_qc:2
R00049,high_qc,quantitative,80.0,80.4102,ng/mL,0.5127,1,5,152535.5,151757.4,1.00513,4.235,0,pass,-15.0,15.0,,synthetic:R00049:high_qc:1
R00049,high_qc,quantitative,80.0,84.0386,ng/mL,5.0483,2,6,150712.2,143469.5,1.05048,4.222,0,pass,-15.0,15.0,,synthetic:R00049:high_qc:2
R00050,low_qc,quantitative,1.5,1.5545,ng/mL,3.6364,1,1,160262.5,154639.2,1.03636,4.241,0,pass,-15.0,15.0,,synthetic:R00050:low_qc:1
R00050,low_qc,quantitative,1.5,1.4949,ng/mL,-0.3432,2,2,149232.5,149746.4,0.99657,4.196,0,pass,-15.0,15.0,,synthetic:R00050:low_qc:2
R00050,mid_qc,quantitative,75.0,78.2459,ng/mL,4.3279,1,3,154076.2,147684.6,1.04328,4.218,0,pass,-15.0,15.0,,synthetic:R00050:mid_qc:1
R00050,mid_qc,quantitative,75.0,75.1522,ng/mL,0.203,2,4,147029.4,146731.6,1.00203,4.211,0,pass,-15.0,15.0,,synthetic:R00050:mid_qc:2
R00050,high_qc,quantitative,200.0,193.012,ng/mL,-3.494,1,5,140610.3,145701.1,0.96506,4.215,0,pass,-15.0,15.0,,synthetic:R00050:high_qc:1
R00050,high_qc,quantitative,200.0,199.8456,ng/mL,-0.0772,2,6,158026.4,158148.5,0.99923,4.178,0,pass,-15.0,15.0,,synthetic:R00050:high_qc:2
R00051,low_qc,quantitative,6.0,5.9464,ng/mL,-0.8941,1,1,143326.6,144619.6,0.99106,4.194,0,pass,-15.0,15.0,,synthetic:R00051:low_qc:1
R00051,low_qc,quantitative,6.0,5.6713,ng/mL,-5.4776,2,2,141629.3,149836.7,0.94522,4.212,0,pass,-15.0,15.0,,synthetic:R00051:low_qc:2
R00051,mid_qc,quantitative,150.0,145.407,ng/mL,-3.062,1,3,153971.8,158835.4,0.96938,4.187,0,pass,-15.0,15.0,,synthetic:R00051:mid_qc:1
R00051,mid_qc,quantitative,150.0,151.267,ng/mL,0.8447,2,4,157450.9,156132.1,1.00845,4.203,0,pass,-15.0,15.0,,synthetic:R00051:mid_qc:2
R00051,high_qc,quantitative,400.0,402.5398,ng/mL,0.635,1,5,153557.1,152588.2,1.00635,4.25,0,pass,-15.0,15.0,,synthetic:R00051:high_qc:1
R00051,high_qc,quantitative,400.0,398.7557,ng/mL,-0.3111,2,6,153892.7,154372.9,0.99689,4.207,0,pass,-15.0,15.0,,synthetic:R00051:high_qc:2
R00052,low_qc,quantitative,3.0,3.0363,ng/mL,1.2104,1,1,151141.0,149333.5,1.0121,4.242,0,pass,-15.0,15.0,,synthetic:R00052:low_qc:1
R00052,low_qc,quantitative,3.0,2.7938,ng/mL,-6.8722,2,2,131377.0,141071.7,0.93128,4.199,0,pass,-15.0,15.0,,synthetic:R00052:low_qc:2
R00052,mid_qc,quantitative,30.0,29.4328,ng/mL,-1.8907,1,3,157199.7,160229.2,0.98109,4.197,0,pass,-15.0,15.0,,synthetic:R00052:mid_qc:1
R00052,mid_qc,quantitative,30.0,30.3604,ng/mL,1.2015,2,4,150154.8,148372.1,1.01201,4.214,0,pass,-15.0,15.0,,synthetic:R00052:mid_qc:2
R00052,high_qc,quantitative,80.0,74.5845,ng/mL,-6.7694,1,5,148117.4,158872.1,0.93231,4.228,0,pass,-15.0,15.0,,synthetic:R00052:high_qc:1
R00052,high_qc,quantitative,80.0,77.5095,ng/mL,-3.1131,2,6,147063.2,151788.6,0.96887,4.182,0,pass,-15.0,15.0,,synthetic:R00052:high_qc:2
R00053,low_qc,quantitative,1.5,1.5488,ng/mL,3.2549,1,1,144689.2,140128.2,1.03255,4.221,0,pass,-15.0,15.0,,synthetic:R00053:low_qc:1
R00053,low_qc,quantitative,1.5,1.537,ng/mL,2.4664,2,2,156624.6,152854.7,1.02466,4.226,0,pass,-15.0,15.0,,synthetic:R00053:low_qc:2
R00053,mid_qc,quantitative,75.0,76.138,ng/mL,1.5173,1,3,158888.0,156513.3,1.01517,4.206,0,pass,-15.0,15.0,,synthetic:R00053:mid_qc:1
R00053,mid_qc,quantitative,75.0,72.6634,ng/mL,-3.1154,2,4,143012.7,147611.4,0.96885,4.213,0,pass,-15.0,15.0,,synthetic:R00053:mid_qc:2
R00053,high_qc,quantitative,200.0,199.6043,ng/mL,-0.1979,1,5,150803.0,151102.0,0.99802,4.216,0,pass,-15.0,15.0,,synthetic:R00053:high_qc:1
R00053,high_qc,quantitative,200.0,202.0999,ng/mL,1.05,2,6,155258.3,153645.1,1.0105,4.198,0,pass,-15.0,15.0,,synthetic:R00053:high_qc:2
R00054,low_qc,quantitative,6.0,5.6151,ng/mL,-6.4147,1,1,138885.4,148405.0,0.93585,4.208,0,pass,-15.0,15.0,,synthetic:R00054:low_qc:1
R00054,low_qc,quantitative,6.0,5.9386,ng/mL,-1.0225,2,2,148391.5,149924.5,0.98977,4.201,0,pass,-15.0,15.0,,synthetic:R00054:low_qc:2
R00054,mid_qc,quantitative,150.0,151.1708,ng/mL,0.7805,1,3,155810.4,154603.6,1.00781,4.229,0,pass,-15.0,15.0,,synthetic:R00054:mid_qc:1
R00054,mid_qc,quantitative,150.0,156.2947,ng/mL,4.1964,2,4,166491.3,159786.0,1.04196,4.2,0,pass,-15.0,15.0,,synthetic:R00054:mid_qc:2
R00054,high_qc,quantitative,400.0,410.6475,ng/mL,2.6619,1,5,149445.4,145570.5,1.02662,4.254,0,pass,-15.0,15.0,,synthetic:R00054:high_qc:1
R00054,high_qc,quantitative,400.0,404.8423,ng/mL,1.2106,2,6,159928.5,158015.6,1.01211,4.211,0,pass,-15.0,15.0,,synthetic:R00054:high_qc:2
R00055,low_qc,quantitative,3.0,2.9601,ng/mL,-1.3286,1,1,148336.3,150333.6,0.98671,4.229,0,pass,-15.0,15.0,,synthetic:R00055:low_qc:1
R00055,low_qc,quantitative,3.0,2.9833,ng/mL,-0.5555,2,2,145999.4,146815.0,0.99444,4.2,0,pass,-15.0,15.0,,synthetic:R00055:low_qc:2
R00055,mid_qc,quantitative,30.0,30.0354,ng/mL,0.1179,1,3,154073.9,153892.5,1.00118,4.232,0,pass,-15.0,15.0,,synthetic:R00055:mid_qc:1
R00055,mid_qc,quantitative,30.0,31.0794,ng/mL,3.5979,2,4,157428.1,151960.6,1.03598,4.196,0,pass,-15.0,15.0,,synthetic:R00055:mid_qc:2
R00055,high_qc,quantitative,80.0,81.6895,ng/mL,2.1118,1,5,149827.7,146729.0,1.02112,4.251,0,pass,-15.0,15.0,,synthetic:R00055:high_qc:1
R00055,high_qc,quantitative,80.0,82.2795,ng/mL,2.8494,2,6,160687.1,156235.4,1.02849,4.217,0,pass,-15.0,15.0,,synthetic:R00055:high_qc:2
R00056,low_qc,quantitative,1.5,1.598,ng/mL,6.5352,1,1,160531.4,150684.0,1.06535,4.21,0,pass,-15.0,15.0,,synthetic:R00056:low_qc:1
R00056,low_qc,quantitative,1.5,1.4491,ng/mL,-3.3924,2,2,146666.3,151816.5,0.96608,4.238,0,pass,-15.0,15.0,,synthetic:R00056:low_qc:2
R00056,mid_qc,quantitative,75.0,76.6714,ng/mL,2.2285,1,3,146037.5,142853.9,1.02229,4.214,0,pass,-15.0,15.0,,synthetic:R00056:mid_qc:1
R00056,mid_qc,quantitative,75.0,73.6281,ng/mL,-1.8291,2,4,143815.9,146495.5,0.98171,4.236,0,pass,-15.0,15.0,,synthetic:R00056:mid_qc:2
R00056,high_qc,quantitative,200.0,205.345,ng/mL,2.6725,1,5,153200.0,149212.2,1.02673,4.156,0,pass,-15.0,15.0,,synthetic:R00056:high_qc:1
R00056,high_qc,quantitative,200.0,203.6854,ng/mL,1.8427,2,6,145574.4,142940.4,1.01843,4.228,0,pass,-15.0,15.0,,synthetic:R00056:high_qc:2
R00057,low_qc,quantitative,6.0,6.0767,ng/mL,1.2782,1,1,152185.9,150265.2,1.01278,4.217,0,pass,-15.0,15.0,,synthetic:R00057:low_qc:1
R00057,low_qc,quantitative,6.0,6.2692,ng/mL,4.4873,2,2,150444.4,143983.5,1.04487,4.233,0,pass,-15.0,15.0,,synthetic:R00057:low_qc:2
R00057,mid_qc,quantitative,150.0,142.9429,ng/mL,-4.7047,1,3,142165.9,149184.6,0.95295,4.24,0,pass,-15.0,15.0,,synthetic:R00057:mid_qc:1
R00057,mid_qc,quantitative,150.0,149.7685,ng/mL,-0.1543,2,4,144063.4,144286.1,0.99846,4.214,0,pass,-15.0,15.0,,synthetic:R00057:mid_qc:2
R00057,high_qc,quantitative,400.0,383.5587,ng/mL,-4.1103,1,5,143795.7,149959.5,0.9589,4.219,0,pass,-15.0,15.0,,synthetic:R00057:high_qc:1
R00057,high_qc,quantitative,400.0,402.2648,ng/mL,0.5662,2,6,158670.1,157776.7,1.00566,4.194,0,pass,-15.0,15.0,,synthetic:R00057:high_qc:2
R00058,low_qc,quantitative,3.0,2.9581,ng/mL,-1.3952,1,1,142812.8,144833.4,0.98605,4.2,0,pass,-15.0,15.0,,synthetic:R00058:low_qc:1
R00058,low_qc,quantitative,3.0,2.9042,ng/mL,-3.1926,2,2,144253.4,149010.7,0.96807,4.188,0,pass,-15.0,15.0,,synthetic:R00058:low_qc:2
R00058,mid_qc,quantitative,30.0,30.9621,ng/mL,3.2071,1,3,153942.4,149158.8,1.03207,4.242,0,pass,-15.0,15.0,,synthetic:R00058:mid_qc:1
R00058,mid_qc,quantitative,30.0,30.4408,ng/mL,1.4694,2,4,159434.2,157125.5,1.01469,4.217,0,pass,-15.0,15.0,,synthetic:R00058:mid_qc:2
R00058,high_qc,quantitative,80.0,82.2922,ng/mL,2.8652,1,5,156956.8,152584.8,1.02865,4.197,0,pass,-15.0,15.0,,synthetic:R00058:high_qc:1
R00058,high_qc,quantitative,80.0,74.7742,ng/mL,-6.5322,2,6,143743.9,153789.7,0.93468,4.178,0,pass,-15.0,15.0,,synthetic:R00058:high_qc:2
R00059,low_qc,quantitative,1.5,1.5166,ng/mL,1.1046,1,1,159369.7,157628.6,1.01105,4.217,0,pass,-15.0,15.0,,synthetic:R00059:low_qc:1
R00059,low_qc,quantitative,1.5,1.409,ng/mL,-6.0685,2,2,152645.2,162506.9,0.93932,4.225,0,pass,-15.0,15.0,,synthetic:R00059:low_qc:2
R00059,mid_qc,quantitative,75.0,75.3071,ng/mL,0.4095,1,3,154587.8,153957.3,1.0041,4.186,0,pass,-15.0,15.0,,synthetic:R00059:mid_qc:1
R00059,mid_qc,quantitative,75.0,74.0879,ng/mL,-1.2162,2,4,155757.7,157675.3,0.98784,4.195,0,pass,-15.0,15.0,,synthetic:R00059:mid_qc:2
R00059,high_qc,quantitative,200.0,201.4757,ng/mL,0.7378,1,5,140591.1,139561.4,1.00738,4.206,0,pass,-15.0,15.0,,synthetic:R00059:high_qc:1
R00059,high_qc,quantitative,200.0,199.9611,ng/mL,-0.0194,2,6,145372.7,145400.9,0.99981,4.219,0,pass,-15.0,15.0,,synthetic:R00059:high_qc:2
R00060,low_qc,quantitative,6.0,5.8763,ng/mL,-2.0614,1,1,152070.8,155271.5,0.97939,4.218,0,pass,-15.0,15.0,,synthetic:R00060:low_qc:1
R00060,low_qc,quantitative,6.0,5.6178,ng/mL,-6.3697,2,2,137351.6,146695.7,0.9363,4.233,0,pass,-15.0,15.0,,synthetic:R00060:low_qc:2
R00060,mid_qc,quantitative,150.0,142.2093,ng/mL,-5.1938,1,3,138475.3,146061.5,0.94806,4.2,0,pass,-15.0,15.0,,synthetic:R00060:mid_qc:1
R00060,mid_qc,quantitative,150.0,147.5651,ng/mL,-1.6233,2,4,154612.4,157163.6,0.98377,4.239,0,pass,-15.0,15.0,,synthetic:R00060:mid_qc:2
R00060,high_qc,quantitative,400.0,381.5908,ng/mL,-4.6023,1,5,140531.1,147310.8,0.95398,4.265,0,pass,-15.0,15.0,,synthetic:R00060:high_qc:1
R00060,high_qc,quantitative,400.0,414.266,ng/mL,3.5665,2,6,155622.0,150262.8,1.03566,4.206,0,pass,-15.0,15.0,,synthetic:R00060:high_qc:2
R00061,low_qc,quantitative,3.0,3.219,ng/mL,7.301,1,1,158712.4,147913.2,1.07301,4.181,0,pass,-15.0,15.0,,synthetic:R00061:low_qc:1
R00061,low_qc,quantitative,3.0,3.2606,ng/mL,8.6862,2,2,147149.9,135389.7,1.08686,4.215,0,pass,-15.0,15.0,,synthetic:R00061:low_qc:2
R00061,mid_qc,quantitative,30.0,30.6479,ng/mL,2.1598,1,3,146201.8,143110.9,1.0216,4.186,0,pass,-15.0,15.0,,synthetic:R00061:mid_qc:1
R00061,mid_qc,quantitative,30.0,30.1652,ng/mL,0.5508,2,4,147572.2,146763.9,1.00551,4.212,0,pass,-15.0,15.0,,synthetic:R00061:mid_qc:2
R00061,high_qc,quantitative,80.0,81.7402,ng/mL,2.1752,1,5,154164.1,150882.1,1.02175,4.227,0,pass,-15.0,15.0,,synthetic:R00061:high_qc:1
R00061,high_qc,quantitative,80.0,80.2247,ng/mL,0.2809,2,6,145490.5,145082.9,1.00281,4.22,0,pass,-15.0,15.0,,synthetic:R00061:high_qc:2
R00062,low_qc,quantitative,1.5,1.5587,ng/mL,3.9119,1,1,151341.2,145643.7,1.03912,4.221,0,pass,-15.0,15.0,,synthetic:R00062:low_qc:1
R00062,low_qc,quantitative,1.5,1.464,ng/mL,-2.4016,2,2,162307.5,166301.3,0.97598,4.207,0,pass,-15.0,15.0,,synthetic:R00062:low_qc:2
R00062,mid_qc,quantitative,75.0,76.0874,ng/mL,1.4498,1,3,151622.3,149455.4,1.0145,4.208,0,pass,-15.0,15.0,,synthetic:R00062:mid_qc:1
R00062,mid_qc,quantitative,75.0,75.6792,ng/mL,0.9055,2,4,151401.4,150042.7,1.00906,4.19,0,pass,-15.0,15.0,,synthetic:R00062:mid_qc:2
R00062,high_qc,quantitative,200.0,236.3007,ng/mL,18.1504,1,5,180698.1,152939.1,1.1815,4.23,0,fail,-15.0,15.0,,synthetic:R00062:high_qc:1
R00062,high_qc,quantitative,200.0,204.1495,ng/mL,2.0747,2,6,148638.9,145617.7,1.02075,4.2,0,pass,-15.0,15.0,,synthetic:R00062:high_qc:2
R00063,low_qc,quantitative,6.0,5.8906,ng/mL,-1.8231,1,1,155296.2,158180.0,0.98177,4.235,0,pass,-15.0,15.0,,synthetic:R00063:low_qc:1
R00063,low_qc,quantitative,6.0,5.6446,ng/mL,-5.9241,2,2,136486.1,145080.8,0.94076,4.166,0,pass,-15.0,15.0,,synthetic:R00063:low_qc:2
R00063,mid_qc,quantitative,150.0,146.2676,ng/mL,-2.4883,1,3,160517.5,164613.5,0.97512,4.241,0,pass,-15.0,15.0,,synthetic:R00063:mid_qc:1
R00063,mid_qc,quantitative,150.0,144.2057,ng/mL,-3.8629,2,4,149302.5,155301.6,0.96137,4.232,0,pass,-15.0,15.0,,synthetic:R00063:mid_qc:2
R00063,high_qc,quantitative,400.0,374.254,ng/mL,-6.4365,1,5,132443.0,141554.2,0.93563,4.202,0,pass,-15.0,15.0,,synthetic:R00063:high_qc:1
R00063,high_qc,quantitative,400.0,398.9071,ng/mL,-0.2732,2,6,147224.6,147627.9,0.99727,4.222,0,pass,-15.0,15.0,,synthetic:R00063:high_qc:2
R00064,low_qc,quantitative,3.0,3.0839,ng/mL,2.7972,1,1,147740.8,143720.7,1.02797,4.252,0,pass,-15.0,15.0,,synthetic:R00064:low_qc:1
R00064,low_qc,quantitative,3.0,3.0667,ng/mL,2.2236,2,2,156997.8,153582.8,1.02224,4.226,0,pass,-15.0,15.0,,synthetic:R00064:low_qc:2
R00064,mid_qc,quantitative,30.0,29.7491,ng/mL,-0.8365,1,3,155980.8,157296.5,0.99164,4.214,0,pass,-15.0,15.0,,synthetic:R00064:mid_qc:1
R00064,mid_qc,quantitative,30.0,30.3356,ng/mL,1.1187,2,4,151592.8,149915.8,1.01119,4.219,0,pass,-15.0,15.0,,synthetic:R00064:mid_qc:2
R00064,high_qc,quantitative,80.0,93.2695,ng/mL,16.5869,1,5,174850.1,149974.1,1.16587,4.238,0,fail,-15.0,15.0,,synthetic:R00064:high_qc:1
R00064,high_qc,quantitative,80.0,85.7191,ng/mL,7.1489,2,6,160111.1,149428.6,1.07149,4.203,0,pass,-15.0,15.0,,synthetic:R00064:high_qc:2
R00065,low_qc,quantitative,1.5,1.493,ng/mL,-0.4676,1,1,157599.5,158340.0,0.99532,4.193,0,pass,-15.0,15.0,,synthetic:R00065:low_qc:1
R00065,low_qc,quantitative,1.5,1.5281,ng/mL,1.8718,2,2,145724.7,143047.1,1.01872,4.196,0,pass,-15.0,15.0,,synthetic:R00065:low_qc:2
R00065,mid_qc,quantitative,75.0,76.2677,ng/mL,1.6903,1,3,150222.4,147725.4,1.0169,4.233,0,pass,-15.0,15.0,,synthetic:R00065:mid_qc:1
R00065,mid_qc,quantitative,75.0,72.2596,ng/mL,-3.6539,2,4,152223.2,157996.2,0.96346,4.201,0,pass,-15.0,15.0,,synthetic:R00065:mid_qc:2
R00065,high_qc,quantitative,200.0,194.7229,ng/mL,-2.6386,1,5,146572.7,150545.0,0.97361,4.204,0,pass,-15.0,15.0,,synthetic:R00065:high_qc:1
R00065,high_qc,quantitative,200.0,197.2261,ng/mL,-1.3869,2,6,144055.1,146081.2,0.98613,4.226,0,pass,-15.0,15.0,,synthetic:R00065:high_qc:2
R00066,low_qc,quantitative,6.0,6.3986,ng/mL,6.6441,1,1,153626.8,144055.6,1.06644,4.213,0,pass,-15.0,15.0,,synthetic:R00066:low_qc:1
R00066,low_qc,quantitative,6.0,6.5886,ng/mL,9.8103,2,2,159265.7,145037.1,1.0981,4.216,0,pass,-15.0,15.0,,synthetic:R00066:low_qc:2
R00066,mid_qc,quantitative,150.0,148.9103,ng/mL,-0.7265,1,3,133911.6,134891.5,0.99274,4.204,0,pass,-15.0,15.0,,synthetic:R00066:mid_qc:1
R00066,mid_qc,quantitative,150.0,162.9067,ng/mL,8.6045,2,4,154563.1,142317.5,1.08604,4.221,0,pass,-15.0,15.0,,synthetic:R00066:mid_qc:2
R00066,high_qc,quantitative,400.0,412.1484,ng/mL,3.0371,1,5,145599.7,141308.0,1.03037,4.213,0,pass,-15.0,15.0,,synthetic:R00066:high_qc:1
R00066,high_qc,quantitative,400.0,418.5962,ng/mL,4.649,2,6,156652.3,149693.0,1.04649,4.232,0,pass,-15.0,15.0,,synthetic:R00066:high_qc:2
R00067,low_qc,quantitative,3.0,2.9334,ng/mL,-2.2204,1,1,152830.5,156301.1,0.9778,4.195,0,pass,-15.0,15.0,,synthetic:R00067:low_qc:1
R00067,low_qc,quantitative,3.0,3.034,ng/mL,1.134,2,2,149586.2,147908.9,1.01134,4.234,0,pass,-15.0,15.0,,synthetic:R00067:low_qc:2
R00067,mid_qc,quantitative,30.0,30.1744,ng/mL,0.5815,1,3,142419.9,141596.6,1.00581,4.193,0,pass,-15.0,15.0,,synthetic:R00067:mid_qc:1
R00067,mid_qc,quantitative,30.0,30.1979,ng/mL,0.6596,2,4,146533.4,145573.2,1.0066,4.19,0,pass,-15.0,15.0,,synthetic:R00067:mid_qc:2
R00067,high_qc,quantitative,80.0,81.555,ng/mL,1.9437,1,5,147985.2,145163.6,1.01944,4.214,0,pass,-15.0,15.0,,synthetic:R00067:high_qc:1
R00067,high_qc,quantitative,80.0,80.9882,ng/mL,1.2352,2,6,154997.0,153105.8,1.01235,4.174,0,pass,-15.0,15.0,,synthetic:R00067:high_qc:2
R00068,low_qc,quantitative,1.5,1.4353,ng/mL,-4.3105,1,1,153380.2,160289.4,0.9569,4.2,0,pass,-15.0,15.0,,synthetic:R00068:low_qc:1
R00068,low_qc,quantitative,1.5,1.5856,ng/mL,5.7073,2,2,169285.2,160145.2,1.05707,4.232,0,pass,-15.0,15.0,,synthetic:R00068:low_qc:2
R00068,mid_qc,quantitative,75.0,77.4038,ng/mL,3.205,1,3,168746.3,163505.9,1.03205,4.234,0,pass,-15.0,15.0,,synthetic:R00068:mid_qc:1
R00068,mid_qc,quantitative,75.0,74.8929,ng/mL,-0.1429,2,4,144305.9,144512.3,0.99857,4.194,0,pass,-15.0,15.0,,synthetic:R00068:mid_qc:2
R00068,high_qc,quantitative,200.0,195.0868,ng/mL,-2.4566,1,5,156092.4,160023.6,0.97543,4.224,0,pass,-15.0,15.0,,synthetic:R00068:high_qc:1
R00068,high_qc,quantitative,200.0,202.8552,ng/mL,1.4276,2,6,154968.4,152787.2,1.01428,4.197,0,pass,-15.0,15.0,,synthetic:R00068:high_qc:2
R00069,low_qc,quantitative,6.0,5.9519,ng/mL,-0.8022,1,1,158128.1,159406.8,0.99198,4.216,0,pass,-15.0,15.0,,synthetic:R00069:low_qc:1
R00069,low_qc,quantitative,6.0,6.2714,ng/mL,4.5233,2,2,158035.9,151196.8,1.04523,4.214,0,pass,-15.0,15.0,,synthetic:R00069:low_qc:2
R00069,mid_qc,quantitative,150.0,153.3144,ng/mL,2.2096,1,3,151496.2,148221.1,1.0221,4.22,0,pass,-15.0,15.0,,synthetic:R00069:mid_qc:1
R00069,mid_qc,quantitative,150.0,145.5362,ng/mL,-2.9759,2,4,144516.9,148949.4,0.97024,4.175,0,pass,-15.0,15.0,,synthetic:R00069:mid_qc:2
R00069,high_qc,quantitative,400.0,380.376,ng/mL,-4.906,1,5,144101.8,151536.2,0.95094,4.206,0,pass,-15.0,15.0,,synthetic:R00069:high_qc:1
R00069,high_qc,quantitative,400.0,401.8568,ng/mL,0.4642,2,6,146768.0,146089.8,1.00464,4.244,0,pass,-15.0,15.0,,synthetic:R00069:high_qc:2
R00070,low_qc,quantitative,3.0,3.0595,ng/mL,1.9822,1,1,151842.2,148890.9,1.01982,4.215,0,pass,-15.0,15.0,,synthetic:R00070:low_qc:1
R00070,low_qc,quantitative,3.0,2.898,ng/mL,-3.3994,2,2,146513.9,151669.8,0.96601,4.226,0,pass,-15.0,15.0,,synthetic:R00070:low_qc:2
R00070,mid_qc,quantitative,30.0,29.3987,ng/mL,-2.0044,1,3,153540.8,156681.3,0.97996,4.169,0,pass,-15.0,15.0,,synthetic:R00070:mid_qc:1
R00070,mid_qc,quantitative,30.0,31.1804,ng/mL,3.9348,2,4,151420.3,145687.7,1.03935,4.242,0,pass,-15.0,15.0,,synthetic:R00070:mid_qc:2
R00070,high_qc,quantitative,80.0,81.3321,ng/mL,1.6651,1,5,148800.7,146363.6,1.01665,4.25,0,pass,-15.0,15.0,,synthetic:R00070:high_qc:1
R00070,high_qc,quantitative,80.0,76.0709,ng/mL,-4.9114,2,6,155069.8,163079.2,0.95089,4.198,0,pass,-15.0,15.0,,synthetic:R00070:high_qc:2
R00071,low_qc,quantitative,1.5,1.4338,ng/mL,-4.4119,1,1,151257.6,158238.8,0.95588,4.213,0,pass,-15.0,15.0,,synthetic:R00071:low_qc:1
R00071,low_qc,quantitative,1.5,1.4855,ng/mL,-0.967,2,2,151620.9,153101.4,0.99033,4.211,0,pass,-15.0,15.0,,synthetic:R00071:low_qc:2
R00071,mid_qc,quantitative,75.0,70.801,ng/mL,-5.5986,1,3,147717.6,156478.2,0.94401,4.207,0,pass,-15.0,15.0,,synthetic:R00071:mid_qc:1
R00071,mid_qc,quantitative,75.0,69.4007,ng/mL,-7.4658,2,4,138590.1,149771.7,0.92534,4.206,0,pass,-15.0,15.0,,synthetic:R00071:mid_qc:2
R00071,high_qc,quantitative,200.0,186.4904,ng/mL,-6.7548,1,5,143072.3,153436.7,0.93245,4.228,0,pass,-15.0,15.0,,synthetic:R00071:high_qc:1
R00071,high_qc,quantitative,200.0,182.4351,ng/mL,-8.7824,2,6,134718.1,147688.8,0.91218,4.201,0,pass,-15.0,15.0,,synthetic:R00071:high_qc:2
R00072,low_qc,quantitative,6.0,6.0058,ng/mL,0.0973,1,1,144911.6,144770.6,1.00097,4.196,0,pass,-15.0,15.0,,synthetic:R00072:low_qc:1
R00072,low_qc,quantitative,6.0,6.1249,ng/mL,2.0822,2,2,147685.9,144673.5,1.02082,4.181,0,pass,-15.0,15.0,,synthetic:R00072:low_qc:2
R00072,mid_qc,quantitative,150.0,144.3433,ng/mL,-3.7711,1,3,134629.0,139905.0,0.96229,4.215,0,pass,-15.0,15.0,,synthetic:R00072:mid_qc:1
R00072,mid_qc,quantitative,150.0,152.2374,ng/mL,1.4916,2,4,144681.6,142555.2,1.01492,4.197,0,pass,-15.0,15.0,,synthetic:R00072:mid_qc:2
R00072,high_qc,quantitative,400.0,393.0722,ng/mL,-1.732,1,5,145643.1,148210.0,0.98268,4.187,0,pass,-15.0,15.0,,synthetic:R00072:high_qc:1
R00072,high_qc,quantitative,400.0,394.3159,ng/mL,-1.421,2,6,145708.4,147808.8,0.98579,4.214,0,pass,-15.0,15.0,,synthetic:R00072:high_qc:2
R00073,low_qc,quantitative,3.0,3.0489,ng/mL,1.6311,1,1,155156.3,152666.1,1.01631,4.171,0,pass,-15.0,15.0,,synthetic:R00073:low_qc:1
R00073,low_qc,quantitative,3.0,3.1144,ng/mL,3.8147,2,2,148318.8,142868.8,1.03815,4.198,0,pass,-15.0,15.0,,synthetic:R00073:low_qc:2
R00073,mid_qc,quantitative,30.0,30.0205,ng/mL,0.0684,1,3,153631.1,153526.1,1.00068,4.233,0,pass,-15.0,15.0,,synthetic:R00073:mid_qc:1
R00073,mid_qc,quantitative,30.0,30.2737,ng/mL,0.9122,2,4,150824.3,149461.0,1.00912,4.224,0,pass,-15.0,15.0,,synthetic:R00073:mid_qc:2
R00073,high_qc,quantitative,80.0,80.8302,ng/mL,1.0378,1,5,148938.0,147408.2,1.01038,4.232,0,pass,-15.0,15.0,,synthetic:R00073:high_qc:1
R00073,high_qc,quantitative,80.0,84.4797,ng/mL,5.5996,2,6,156897.4,148577.7,1.056,4.191,0,pass,-15.0,15.0,,synthetic:R00073:high_qc:2
R00074,low_qc,quantitative,1.5,1.549,ng/mL,3.2669,1,1,152237.7,147421.7,1.03267,4.216,0,pass,-15.0,15.0,,synthetic:R00074:low_qc:1
R00074,low_qc,quantitative,1.5,1.4821,ng/mL,-1.1922,2,2,143123.7,144850.6,0.98808,4.205,0,pass,-15.0,15.0,,synthetic:R00074:low_qc:2
R00074,mid_qc,quantitative,75.0,75.7172,ng/mL,0.9563,1,3,147320.7,145925.1,1.00956,4.182,0,pass,-15.0,15.0,,synthetic:R00074:mid_qc:1
R00074,mid_qc,quantitative,75.0,74.7332,ng/mL,-0.3558,2,4,155547.1,156102.5,0.99644,4.228,0,pass,-15.0,15.0,,synthetic:R00074:mid_qc:2
R00074,high_qc,quantitative,200.0,197.116,ng/mL,-1.442,1,5,138678.5,140707.5,0.98558,4.198,0,pass,-15.0,15.0,,synthetic:R00074:high_qc:1
R00074,high_qc,quantitative,200.0,204.1097,ng/mL,2.0548,2,6,139043.3,136243.8,1.02055,4.211,0,pass,-15.0,15.0,,synthetic:R00074:high_qc:2
R00075,low_qc,quantitative,6.0,6.2471,ng/mL,4.1177,1,1,149389.9,143481.7,1.04118,4.204,0,pass,-15.0,15.0,,synthetic:R00075:low_qc:1
R00075,low_qc,quantitative,6.0,5.9929,ng/mL,-0.1177,2,2,151042.3,151220.3,0.99882,4.227,0,pass,-15.0,15.0,,synthetic:R00075:low_qc:2
R00075,mid_qc,quantitative,150.0,141.982,ng/mL,-5.3453,1,3,143807.2,151928.3,0.94655,4.228,0,pass,-15.0,15.0,,synthetic:R00075:mid_qc:1
R00075,mid_qc,quantitative,150.0,148.0484,ng/mL,-1.3011,2,4,156320.1,158380.8,0.98699,4.208,0,pass,-15.0,15.0,,synthetic:R00075:mid_qc:2
R00075,high_qc,quantitative,400.0,408.5318,ng/mL,2.133,1,5,144525.0,141506.7,1.02133,4.212,0,pass,-15.0,15.0,,synthetic:R00075:high_qc:1
R00075,high_qc,quantitative,400.0,416.397,ng/mL,4.0992,2,6,145939.0,140192.2,1.04099,4.179,0,pass,-15.0,15.0,,synthetic:R00075:high_qc:2
R00076,low_qc,quantitative,3.0,2.8682,ng/mL,-4.3922,1,1,130725.3,136730.9,0.95608,4.242,0,pass,-15.0,15.0,,synthetic:R00076:low_qc:1
R00076,low_qc,quantitative,3.0,3.0941,ng/mL,3.1372,2,2,156019.7,151273.9,1.03137,4.196,0,pass,-15.0,15.0,,synthetic:R00076:low_qc:2
R00076,mid_qc,quantitative,30.0,29.7737,ng/mL,-0.7545,1,3,142526.9,143610.4,0.99246,4.194,0,pass,-15.0,15.0,,synthetic:R00076:mid_qc:1
R00076,mid_qc,quantitative,30.0,28.1376,ng/mL,-6.208,2,4,142361.8,151784.5,0.93792,4.212,0,pass,-15.0,15.0,,synthetic:R00076:mid_qc:2
R00076,high_qc,quantitative,80.0,79.9614,ng/mL,-0.0483,1,5,143336.0,143405.3,0.99952,4.222,0,pass,-15.0,15.0,,synthetic:R00076:high_qc:1
R00076,high_qc,quantitative,80.0,82.1115,ng/mL,2.6394,2,6,160864.3,156727.7,1.02639,4.225,0,pass,-15.0,15.0,,synthetic:R00076:high_qc:2
R00077,low_qc,quantitative,1.5,1.5178,ng/mL,1.1853,1,1,144900.0,143202.6,1.01185,4.226,0,pass,-15.0,15.0,,synthetic:R00077:low_qc:1
R00077,low_qc,quantitative,1.5,1.5367,ng/mL,2.4473,2,2,148486.1,144939.0,1.02447,4.193,0,pass,-15.0,15.0,,synthetic:R00077:low_qc:2
R00077,mid_qc,quantitative,75.0,74.5188,ng/mL,-0.6416,1,3,140736.9,141645.7,0.99358,4.192,0,pass,-15.0,15.0,,synthetic:R00077:mid_qc:1
R00077,mid_qc,quantitative,75.0,75.6917,ng/mL,0.9223,2,4,153454.4,152052.1,1.00922,4.223,0,pass,-15.0,15.0,,synthetic:R00077:mid_qc:2
R00077,high_qc,quantitative,200.0,208.8327,ng/mL,4.4163,1,5,165699.2,158690.9,1.04416,4.219,0,pass,-15.0,15.0,,synthetic:R00077:high_qc:1
R00077,high_qc,quantitative,200.0,201.4437,ng/mL,0.7219,2,6,157722.7,156592.3,1.00722,4.228,0,pass,-15.0,15.0,,synthetic:R00077:high_qc:2
R00078,low_qc,quantitative,6.0,5.7442,ng/mL,-4.2634,1,1,138893.7,145079.0,0.95737,4.206,0,pass,-15.0,15.0,,synthetic:R00078:low_qc:1
R00078,low_qc,quantitative,6.0,6.082,ng/mL,1.3674,2,2,149589.8,147572.0,1.01367,4.206,0,pass,-15.0,15.0,,synthetic:R00078:low_qc:2
R00078,mid_qc,quantitative,150.0,157.7762,ng/mL,5.1841,1,3,151746.2,144267.3,1.05184,4.222,0,pass,-15.0,15.0,,synthetic:R00078:mid_qc:1
R00078,mid_qc,quantitative,150.0,149.1013,ng/mL,-0.5991,2,4,145543.7,146420.9,0.99401,4.201,0,pass,-15.0,15.0,,synthetic:R00078:mid_qc:2
R00078,high_qc,quantitative,400.0,397.9355,ng/mL,-0.5161,1,5,141149.0,141881.3,0.99484,4.234,0,pass,-15.0,15.0,,synthetic:R00078:high_qc:1
R00078,high_qc,quantitative,400.0,406.1276,ng/mL,1.5319,2,6,149302.0,147049.3,1.01532,4.197,0,pass,-15.0,15.0,,synthetic:R00078:high_qc:2
R00079,low_qc,quantitative,3.0,3.8857,ng/mL,29.5237,1,1,184512.0,142454.3,1.29524,4.189,0,fail,-15.0,15.0,,synthetic:R00079:low_qc:1
R00079,low_qc,quantitative,3.0,3.1262,ng/mL,4.2072,2,2,157963.8,151586.3,1.04207,4.2,0,pass,-15.0,15.0,,synthetic:R00079:low_qc:2
R00079,mid_qc,quantitative,30.0,30.8575,ng/mL,2.8582,1,3,153949.3,149671.3,1.02858,4.216,0,pass,-15.0,15.0,,synthetic:R00079:mid_qc:1
R00079,mid_qc,quantitative,30.0,30.4196,ng/mL,1.3988,2,4,152173.8,150074.5,1.01399,4.179,0,pass,-15.0,15.0,,synthetic:R00079:mid_qc:2
R00079,high_qc,quantitative,80.0,79.4756,ng/mL,-0.6555,1,5,147276.9,148248.6,0.99345,4.162,0,pass,-15.0,15.0,,synthetic:R00079:high_qc:1
R00079,high_qc,quantitative,80.0,80.6197,ng/mL,0.7746,2,6,166586.3,165305.9,1.00775,4.23,0,pass,-15.0,15.0,,synthetic:R00079:high_qc:2
R00080,low_qc,quantitative,1.5,1.4913,ng/mL,-0.5798,1,1,143359.3,144195.4,0.9942,4.238,0,pass,-15.0,15.0,,synthetic:R00080:low_qc:1
R00080,low_qc,quantitative,1.5,1.5217,ng/mL,1.4484,2,2,156072.7,153844.4,1.01448,4.208,0,pass,-15.0,15.0,,synthetic:R00080:low_qc:2
R00080,mid_qc,quantitative,75.0,73.2452,ng/mL,-2.3397,1,3,145649.4,149138.8,0.9766,4.215,0,pass,-15.0,15.0,,synthetic:R00080:mid_qc:1
R00080,mid_qc,quantitative,75.0,71.6696,ng/mL,-4.4405,2,4,147233.7,154075.5,0.95559,4.215,0,pass,-15.0,15.0,,synthetic:R00080:mid_qc:2
R00080,high_qc,quantitative,200.0,199.1145,ng/mL,-0.4428,1,5,148392.6,149052.6,0.99557,4.213,0,pass,-15.0,15.0,,synthetic:R00080:high_qc:1
R00080,high_qc,quantitative,200.0,195.1899,ng/mL,-2.4051,2,6,144918.0,148489.3,0.97595,4.196,0,pass,-15.0,15.0,,synthetic:R00080:high_qc:2
R00081,low_qc,quantitative,6.0,6.0092,ng/mL,0.1525,1,1,148045.1,147819.6,1.00153,4.172,0,pass,-15.0,15.0,,synthetic:R00081:low_qc:1
R00081,low_qc,quantitative,6.0,6.0816,ng/mL,1.3608,2,2,159730.2,157585.8,1.01361,4.253,0,pass,-15.0,15.0,,synthetic:R00081:low_qc:2
R00081,mid_qc,quantitative,150.0,142.7819,ng/mL,-4.812,1,3,146246.2,153639.4,0.95188,4.239,0,pass,-15.0,15.0,,synthetic:R00081:mid_qc:1
R00081,mid_qc,quantitative,150.0,147.7644,ng/mL,-1.4904,2,4,142275.5,144428.1,0.9851,4.192,0,pass,-15.0,15.0,,synthetic:R00081:mid_qc:2
R00081,high_qc,quantitative,400.0,364.4113,ng/mL,-8.8972,1,5,131971.7,144860.1,0.91103,4.181,0,pass,-15.0,15.0,,synthetic:R00081:high_qc:1
R00081,high_qc,quantitative,400.0,394.763,ng/mL,-1.3092,2,6,145507.5,147437.8,0.98691,4.181,0,pass,-15.0,15.0,,synthetic:R00081:high_qc:2
R00082,low_qc,quantitative,3.0,3.0155,ng/mL,0.5174,1,1,145428.3,144679.7,1.00517,4.235,0,pass,-15.0,15.0,,synthetic:R00082:low_qc:1
R00082,low_qc,quantitative,3.0,3.1241,ng/mL,4.1374,2,2,149111.5,143187.3,1.04137,4.215,0,pass,-15.0,15.0,,synthetic:R00082:low_qc:2
R00082,mid_qc,quantitative,30.0,29.5258,ng/mL,-1.5806,1,3,156576.5,159091.2,0.98419,4.2,0,pass,-15.0,15.0,,synthetic:R00082:mid_qc:1
R00082,mid_qc,quantitative,30.0,29.4097,ng/mL,-1.9676,2,4,141176.2,144009.8,0.98032,4.189,0,pass,-15.0,15.0,,synthetic:R00082:mid_qc:2
R00082,high_qc,quantitative,80.0,83.2434,ng/mL,4.0543,1,5,149297.0,143479.9,1.04054,4.205,0,pass,-15.0,15.0,,synthetic:R00082:high_qc:1
R00082,high_qc,quantitative,80.0,82.833,ng/mL,3.5413,2,6,168058.7,162310.8,1.03541,4.243,0,pass,-15.0,15.0,,synthetic:R00082:high_qc:2
R00083,low_qc,quantitative,1.5,1.5568,ng/mL,3.7879,1,1,153953.4,148334.6,1.03788,4.181,0,pass,-15.0,15.0,,synthetic:R00083:low_qc:1
R00083,low_qc,quantitative,1.5,1.5337,ng/mL,2.2472,2,2,157754.8,154287.6,1.02247,4.186,0,pass,-15.0,15.0,,synthetic:R00083:low_qc:2
R00083,mid_qc,quantitative,75.0,75.4735,ng/mL,0.6314,1,3,141413.8,140526.5,1.00631,4.164,0,pass,-15.0,15.0,,synthetic:R00083:mid_qc:1
R00083,mid_qc,quantitative,75.0,76.0039,ng/mL,1.3386,2,4,141403.3,139535.5,1.01339,4.182,0,pass,-15.0,15.0,,synthetic:R00083:mid_qc:2
R00083,high_qc,quantitative,200.0,206.5706,ng/mL,3.2853,1,5,153458.2,148577.0,1.03285,4.207,0,pass,-15.0,15.0,,synthetic:R00083:high_qc:1
R00083,high_qc,quantitative,200.0,201.0354,ng/mL,0.5177,2,6,148513.2,147748.4,1.00518,4.221,0,pass,-15.0,15.0,,synthetic:R00083:high_qc:2
R00084,low_qc,quantitative,6.0,6.1799,ng/mL,2.998,1,1,159532.0,154888.5,1.02998,4.214,0,pass,-15.0,15.0,,synthetic:R00084:low_qc:1
R00084,low_qc,quantitative,6.0,6.2262,ng/mL,3.7707,2,2,154990.3,149358.4,1.03771,4.235,0,pass,-15.0,15.0,,synthetic:R00084:low_qc:2
R00084,mid_qc,quantitative,150.0,154.5558,ng/mL,3.0372,1,3,149594.1,145184.5,1.03037,4.221,0,pass,-15.0,15.0,,synthetic:R00084:mid_qc:1
R00084,mid_qc,quantitative,150.0,151.0592,ng/mL,0.7061,2,4,150688.8,149632.2,1.00706,4.22,0,pass,-15.0,15.0,,synthetic:R00084:mid_qc:2
R00084,high_qc,quantitative,400.0,408.5462,ng/mL,2.1365,1,5,164225.1,160789.7,1.02137,4.188,0,pass,-15.0,15.0,,synthetic:R00084:high_qc:1
R00084,high_qc,quantitative,400.0,411.9151,ng/mL,2.9788,2,6,161459.5,156789.1,1.02979,4.21,0,pass,-15.0,15.0,,synthetic:R00084:high_qc:2
R00085,low_qc,quantitative,3.0,2.8697,ng/mL,-4.3448,1,1,151578.4,158463.3,0.95655,4.191,0,pass,-15.0,15.0,,synthetic:R00085:low_qc:1
R00085,low_qc,quantitative,3.0,2.9593,ng/mL,-1.3551,2,2,153927.1,156041.7,0.98645,4.186,0,pass,-15.0,15.0,,synthetic:R00085:low_qc:2
R00085,mid_qc,quantitative,30.0,29.871,ng/mL,-0.4299,1,3,151824.9,152480.5,0.9957,4.213,0,pass,-15.0,15.0,,synthetic:R00085:mid_qc:1
R00085,mid_qc,quantitative,30.0,29.6926,ng/mL,-1.0248,2,4,147552.6,149080.4,0.98975,4.204,0,pass,-15.0,15.0,,synthetic:R00085:mid_qc:2
R00085,high_qc,quantitative,80.0,78.4559,ng/mL,-1.9302,1,5,148445.1,151366.7,0.9807,4.205,0,pass,-15.0,15.0,,synthetic:R00085:high_qc:1
R00085,high_qc,quantitative,80.0,77.7426,ng/mL,-2.8217,2,6,149957.9,154312.2,0.97178,4.19,0,pass,-15.0,15.0,,synthetic:R00085:high_qc:2
R00086,low_qc,quantitative,1.5,1.4831,ng/mL,-1.1288,1,1,134512.2,136048.0,0.98871,4.22,0,pass,-15.0,15.0,,synthetic:R00086:low_qc:1
R00086,low_qc,quantitative,1.5,1.4491,ng/mL,-3.3961,2,2,144748.2,149836.8,0.96604,4.234,0,pass,-15.0,15.0,,synthetic:R00086:low_qc:2
R00086,mid_qc,quantitative,75.0,71.6328,ng/mL,-4.4895,1,3,142407.2,149101.1,0.9551,4.21,0,pass,-15.0,15.0,,synthetic:R00086:mid_qc:1
R00086,mid_qc,quantitative,75.0,69.7243,ng/mL,-7.0343,2,4,134139.8,144289.5,0.92966,4.221,0,pass,-15.0,15.0,,synthetic:R00086:mid_qc:2
R00086,high_qc,quantitative,200.0,198.7667,ng/mL,-0.6167,1,5,151064.6,152002.0,0.99383,4.199,0,pass,-15.0,15.0,,synthetic:R00086:high_qc:1
R00086,high_qc,quantitative,200.0,199.9933,ng/mL,-0.0034,2,6,146978.4,146983.3,0.99997,4.205,0,pass,-15.0,15.0,,synthetic:R00086:high_qc:2
R00087,low_qc,quantitative,6.0,6.1692,ng/mL,2.8205,1,1,143923.8,139975.8,1.02821,4.191,0,pass,-15.0,15.0,,synthetic:R00087:low_qc:1
R00087,low_qc,quantitative,6.0,5.8554,ng/mL,-2.4102,2,2,140835.7,144314.0,0.9759,4.227,0,pass,-15.0,15.0,,synthetic:R00087:low_qc:2
R00087,mid_qc,quantitative,150.0,153.5318,ng/mL,2.3545,1,3,153209.9,149685.6,1.02355,4.202,0,pass,-15.0,15.0,,synthetic:R00087:mid_qc:1
R00087,mid_qc,quantitative,150.0,143.5146,ng/mL,-4.3236,2,4,146765.7,153398.0,0.95676,4.216,0,pass,-15.0,15.0,,synthetic:R00087:mid_qc:2
R00087,high_qc,quantitative,400.0,389.0065,ng/mL,-2.7484,1,5,157873.8,162335.4,0.97252,4.198,0,pass,-15.0,15.0,,synthetic:R00087:high_qc:1
R00087,high_qc,quantitative,400.0,392.7415,ng/mL,-1.8146,2,6,149038.9,151793.4,0.98185,4.171,0,pass,-15.0,15.0,,synthetic:R00087:high_qc:2
R00088,low_qc,quantitative,3.0,3.0162,ng/mL,0.5393,1,1,140495.5,139741.9,1.00539,4.191,0,pass,-15.0,15.0,,synthetic:R00088:low_qc:1
R00088,low_qc,quantitative,3.0,2.9511,ng/mL,-1.6301,2,2,157615.1,160227.0,0.9837,4.196,0,pass,-15.0,15.0,,synthetic:R00088:low_qc:2
R00088,mid_qc,quantitative,30.0,30.7233,ng/mL,2.4109,1,3,154155.6,150526.6,1.02411,4.181,0,pass,-15.0,15.0,,synthetic:R00088:mid_qc:1
R00088,mid_qc,quantitative,30.0,37.1024,ng/mL,23.6747,2,4,189900.3,153548.2,1.23675,4.204,0,fail,-15.0,15.0,,synthetic:R00088:mid_qc:2
R00088,high_qc,quantitative,80.0,81.0735,ng/mL,1.3418,1,5,148408.7,146443.6,1.01342,4.222,0,pass,-15.0,15.0,,synthetic:R00088:high_qc:1
R00088,high_qc,quantitative,80.0,83.7156,ng/mL,4.6445,2,6,158738.3,151693.0,1.04644,4.22,0,pass,-15.0,15.0,,synthetic:R00088:high_qc:2
R00089,low_qc,quantitative,1.5,1.5513,ng/mL,3.4181,1,1,153258.5,148193.1,1.03418,4.187,0,pass,-15.0,15.0,,synthetic:R00089:low_qc:1
R00089,low_qc,quantitative,1.5,1.4906,ng/mL,-0.628,2,2,156531.8,157521.0,0.99372,4.206,0,pass,-15.0,15.0,,synthetic:R00089:low_qc:2
R00089,mid_qc,quantitative,75.0,78.2391,ng/mL,4.3188,1,3,164207.2,157409.1,1.04319,4.203,0,pass,-15.0,15.0,,synthetic:R00089:mid_qc:1
R00089,mid_qc,quantitative,75.0,80.8843,ng/mL,7.8458,2,4,161114.5,149393.4,1.07846,4.193,0,pass,-15.0,15.0,,synthetic:R00089:mid_qc:2
R00089,high_qc,quantitative,200.0,207.2381,ng/mL,3.6191,1,5,161237.1,155605.7,1.03619,4.22,0,pass,-15.0,15.0,,synthetic:R00089:high_qc:1
R00089,high_qc,quantitative,200.0,204.6863,ng/mL,2.3432,2,6,150398.9,146955.5,1.02343,4.199,0,pass,-15.0,15.0,,synthetic:R00089:high_qc:2
R00090,low_qc,quantitative,6.0,5.7692,ng/mL,-3.8461,1,1,147734.4,153643.6,0.96154,4.207,0,pass,-15.0,15.0,,synthetic:R00090:low_qc:1
R00090,low_qc,quantitative,6.0,6.0874,ng/mL,1.4566,2,2,153081.6,150883.7,1.01457,4.205,0,pass,-15.0,15.0,,synthetic:R00090:low_qc:2
R00090,mid_qc,quantitative,150.0,156.3953,ng/mL,4.2635,1,3,164384.7,157662.8,1.04264,4.199,0,pass,-15.0,15.0,,synthetic:R00090:mid_qc:1
R00090,mid_qc,quantitative,150.0,145.3552,ng/mL,-3.0966,2,4,142607.8,147164.9,0.96903,4.22,0,pass,-15.0,15.0,,synthetic:R00090:mid_qc:2
R00090,high_qc,quantitative,400.0,410.68,ng/mL,2.67,1,5,152214.1,148255.6,1.0267,4.213,0,pass,-15.0,15.0,,synthetic:R00090:high_qc:1
R00090,high_qc,quantitative,400.0,399.8793,ng/mL,-0.0302,2,6,152171.8,152217.8,0.9997,4.203,0,pass,-15.0,15.0,,synthetic:R00090:high_qc:2
R00091,low_qc,quantitative,3.0,3.1414,ng/mL,4.7144,1,1,160814.7,153574.7,1.04714,4.197,0,pass,-15.0,15.0,,synthetic:R00091:low_qc:1
R00091,low_qc,quantitative,3.0,3.0704,ng/mL,2.3464,2,2,151325.1,147855.7,1.02346,4.191,0,pass,-15.0,15.0,,synthetic:R00091:low_qc:2
R00091,mid_qc,quantitative,30.0,28.9451,ng/mL,-3.5165,1,3,136890.4,141879.6,0.96484,4.183,0,pass,-15.0,15.0,,synthetic:R00091:mid_qc:1
R00091,mid_qc,quantitative,30.0,30.6597,ng/mL,2.1989,2,4,154362.1,151040.9,1.02199,4.21,0,pass,-15.0,15.0,,synthetic:R00091:mid_qc:2
R00091,high_qc,quantitative,80.0,96.5481,ng/mL,20.6851,1,5,187908.2,155701.3,1.20685,4.195,0,fail,-15.0,15.0,,synthetic:R00091:high_qc:1
R00091,high_qc,quantitative,80.0,80.0531,ng/mL,0.0664,2,6,147922.5,147824.4,1.00066,4.229,0,pass,-15.0,15.0,,synthetic:R00091:high_qc:2
R00092,low_qc,quantitative,1.5,1.5437,ng/mL,2.91,1,1,159488.3,154978.3,1.0291,4.233,0,pass,-15.0,15.0,,synthetic:R00092:low_qc:1
R00092,low_qc,quantitative,1.5,1.5075,ng/mL,0.4992,2,2,146957.9,146228.0,1.00499,4.194,0,pass,-15.0,15.0,,synthetic:R00092:low_qc:2
R00092,mid_qc,quantitative,75.0,77.7132,ng/mL,3.6176,1,3,155115.6,149700.0,1.03618,4.233,0,pass,-15.0,15.0,,synthetic:R00092:mid_qc:1
R00092,mid_qc,quantitative,75.0,75.2615,ng/mL,0.3486,2,4,147749.7,147236.4,1.00349,4.197,0,pass,-15.0,15.0,,synthetic:R00092:mid_qc:2
R00092,high_qc,quantitative,200.0,209.2054,ng/mL,4.6027,1,5,157774.1,150831.8,1.04603,4.191,0,pass,-15.0,15.0,,synthetic:R00092:high_qc:1
R00092,high_qc,quantitative,200.0,203.8199,ng/mL,1.9099,2,6,142985.9,140306.2,1.0191,4.206,0,pass,-15.0,15.0,,synthetic:R00092:high_qc:2
R00093,low_qc,quantitative,6.0,5.7317,ng/mL,-4.4712,1,1,143077.3,149774.0,0.95529,4.214,0,pass,-15.0,15.0,,synthetic:R00093:low_qc:1
R00093,low_qc,quantitative,6.0,5.72,ng/mL,-4.6659,2,2,133453.0,139984.5,0.95334,4.196,0,pass,-15.0,15.0,,synthetic:R00093:low_qc:2
R00093,mid_qc,quantitative,150.0,155.1657,ng/mL,3.4438,1,3,148376.8,143437.1,1.03444,4.192,0,pass,-15.0,15.0,,synthetic:R00093:mid_qc:1
R00093,mid_qc,quantitative,150.0,151.4515,ng/mL,0.9677,2,4,141062.7,139710.8,1.00968,4.215,0,pass,-15.0,15.0,,synthetic:R00093:mid_qc:2
R00093,high_qc,quantitative,400.0,401.2241,ng/mL,0.306,1,5,142677.1,142241.8,1.00306,4.199,0,pass,-15.0,15.0,,synthetic:R00093:high_qc:1
R00093,high_qc,quantitative,400.0,378.084,ng/mL,-5.479,2,6,137368.8,145331.5,0.94521,4.223,0,pass,-15.0,15.0,,synthetic:R00093:high_qc:2
R00094,low_qc,quantitative,3.0,3.051,ng/mL,1.6993,1,1,154969.2,152379.7,1.01699,4.204,0,pass,-15.0,15.0,,synthetic:R00094:low_qc:1
R00094,low_qc,quantitative,3.0,2.9257,ng/mL,-2.4774,2,2,148371.5,152140.7,0.97523,4.2,0,pass,-15.0,15.0,,synthetic:R00094:low_qc:2
R00094,mid_qc,quantitative,30.0,29.2355,ng/mL,-2.5482,1,3,140087.2,143750.3,0.97452,4.228,0,pass,-15.0,15.0,,synthetic:R00094:mid_qc:1
R00094,mid_qc,quantitative,30.0,28.2913,ng/mL,-5.6958,2,4,145020.9,153779.9,0.94304,4.23,0,pass,-15.0,15.0,,synthetic:R00094:mid_qc:2
R00094,high_qc,quantitative,80.0,80.8511,ng/mL,1.0639,1,5,151757.5,150160.0,1.01064,4.196,0,pass,-15.0,15.0,,synthetic:R00094:high_qc:1
R00094,high_qc,quantitative,80.0,80.9539,ng/mL,1.1924,2,6,148006.0,146262.0,1.01192,4.215,0,pass,-15.0,15.0,,synthetic:R00094:high_qc:2
R00095,low_qc,quantitative,1.5,1.6145,ng/mL,7.6313,1,1,153277.8,142410.1,1.07631,4.18,0,pass,-15.0,15.0,,synthetic:R00095:low_qc:1
R00095,low_qc,quantitative,1.5,1.5619,ng/mL,4.1286,2,2,148435.7,142550.4,1.04129,4.181,0,pass,-15.0,15.0,,synthetic:R00095:low_qc:2
R00095,mid_qc,quantitative,75.0,75.0641,ng/mL,0.0854,1,3,143255.3,143133.0,1.00085,4.224,0,pass,-15.0,15.0,,synthetic:R00095:mid_qc:1
R00095,mid_qc,quantitative,75.0,76.0616,ng/mL,1.4154,2,4,163720.2,161435.2,1.01415,4.214,0,pass,-15.0,15.0,,synthetic:R00095:mid_qc:2
R00095,high_qc,quantitative,200.0,197.3923,ng/mL,-1.3038,1,5,149628.8,151605.5,0.98696,4.228,0,pass,-15.0,15.0,,synthetic:R00095:high_qc:1
R00095,high_qc,quantitative,200.0,200.1647,ng/mL,0.0823,2,6,155619.6,155491.6,1.00082,4.213,0,pass,-15.0,15.0,,synthetic:R00095:high_qc:2
R00096,low_qc,quantitative,6.0,6.0925,ng/mL,1.5424,1,1,150975.0,148681.7,1.01542,4.199,0,pass,-15.0,15.0,,synthetic:R00096:low_qc:1
R00096,low_qc,quantitative,6.0,5.9811,ng/mL,-0.3152,2,2,154825.0,155314.5,0.99685,4.188,0,pass,-15.0,15.0,,synthetic:R00096:low_qc:2
R00096,mid_qc,quantitative,150.0,147.5079,ng/mL,-1.6614,1,3,145657.1,148118.0,0.98339,4.201,0,pass,-15.0,15.0,,synthetic:R00096:mid_qc:1
R00096,mid_qc,quantitative,150.0,146.7388,ng/mL,-2.1741,2,4,145227.8,148455.4,0.97826,4.205,0,pass,-15.0,15.0,,synthetic:R00096:mid_qc:2
R00096,high_qc,quantitative,400.0,421.217,ng/mL,5.3042,1,5,154277.5,146506.4,1.05304,4.221,0,pass,-15.0,15.0,,synthetic:R00096:high_qc:1
R00096,high_qc,quantitative,400.0,420.7446,ng/mL,5.1861,2,6,149898.8,142508.1,1.05186,4.19,0,pass,-15.0,15.0,,synthetic:R00096:high_qc:2
R00097,low_qc,quantitative,3.0,3.509,ng/mL,16.9683,1,1,176602.7,150983.4,1.16968,4.208,0,fail,-15.0,15.0,,synthetic:R00097:low_qc:1
R00097,low_qc,quantitative,3.0,2.9028,ng/mL,-3.2406,2,2,137518.9,142124.6,0.96759,4.214,0,pass,-15.0,15.0,,synthetic:R00097:low_qc:2
R00097,mid_qc,quantitative,30.0,28.6102,ng/mL,-4.6325,1,3,144678.8,151706.7,0.95367,4.195,0,pass,-15.0,15.0,,synthetic:R00097:mid_qc:1
R00097,mid_qc,quantitative,30.0,31.203,ng/mL,4.0101,2,4,152469.4,146590.9,1.0401,4.198,0,pass,-15.0,15.0,,synthetic:R00097:mid_qc:2
R00097,high_qc,quantitative,80.0,78.8912,ng/mL,-1.386,1,5,150077.2,152186.4,0.98614,4.194,0,pass,-15.0,15.0,,synthetic:R00097:high_qc:1
R00097,high_qc,quantitative,80.0,79.3975,ng/mL,-0.7531,2,6,160888.2,162109.1,0.99247,4.209,0,pass,-15.0,15.0,,synthetic:R00097:high_qc:2
R00098,low_qc,quantitative,1.5,1.4669,ng/mL,-2.2066,1,1,143854.8,147100.7,0.97793,4.191,0,pass,-15.0,15.0,,synthetic:R00098:low_qc:1
R00098,low_qc,quantitative,1.5,1.5111,ng/mL,0.7427,2,2,144999.5,143930.5,1.00743,4.186,0,pass,-15.0,15.0,,synthetic:R00098:low_qc:2
R00098,mid_qc,quantitative,75.0,69.495,ng/mL,-7.3401,1,3,142550.3,153842.4,0.9266,4.215,0,pass,-15.0,15.0,,synthetic:R00098:mid_qc:1
R00098,mid_qc,quantitative,75.0,73.7381,ng/mL,-1.6825,2,4,141445.2,143865.7,0.98318,4.224,0,pass,-15.0,15.0,,synthetic:R00098:mid_qc:2
R00098,high_qc,quantitative,200.0,193.6643,ng/mL,-3.1679,1,5,144493.0,149220.1,0.96832,4.21,0,pass,-15.0,15.0,,synthetic:R00098:high_qc:1
R00098,high_qc,quantitative,200.0,189.2751,ng/mL,-5.3624,2,6,148855.0,157289.5,0.94638,4.246,0,pass,-15.0,15.0,,synthetic:R00098:high_qc:2
R00099,low_qc,quantitative,6.0,6.2096,ng/mL,3.4931,1,1,162923.0,157424.1,1.03493,4.239,0,pass,-15.0,15.0,,synthetic:R00099:low_qc:1
R00099,low_qc,quantitative,6.0,6.26,ng/mL,4.3327,2,2,166152.9,159253.0,1.04333,4.201,0,pass,-15.0,15.0,,synthetic:R00099:low_qc:2
R00099,mid_qc,quantitative,150.0,150.4029,ng/mL,0.2686,1,3,139518.9,139145.1,1.00269,4.221,0,pass,-15.0,15.0,,synthetic:R00099:mid_qc:1
R00099,mid_qc,quantitative,150.0,153.8346,ng/mL,2.5564,2,4,148592.6,144888.7,1.02556,4.237,0,pass,-15.0,15.0,,synthetic:R00099:mid_qc:2
R00099,high_qc,quantitative,400.0,392.4155,ng/mL,-1.8961,1,5,147995.3,150855.8,0.98104,4.236,0,pass,-15.0,15.0,,synthetic:R00099:high_qc:1
R00099,high_qc,quantitative,400.0,401.3628,ng/mL,0.3407,2,6,135768.4,135307.4,1.00341,4.189,0,pass,-15.0,15.0,,synthetic:R00099:high_qc:2
R00100,low_qc,quantitative,3.0,2.9362,ng/mL,-2.1279,1,1,144304.0,147441.5,0.97872,4.202,0,pass,-15.0,15.0,,synthetic:R00100:low_qc:1
R00100,low_qc,quantitative,3.0,3.0807,ng/mL,2.6884,2,2,149947.8,146022.1,1.02688,4.181,0,pass,-15.0,15.0,,synthetic:R00100:low_qc:2
R00100,mid_qc,quantitative,30.0,29.4918,ng/mL,-1.6939,1,3,139498.4,141902.0,0.98306,4.206,0,pass,-15.0,15.0,,synthetic:R00100:mid_qc:1
R00100,mid_qc,quantitative,30.0,29.505,ng/mL,-1.6499,2,4,156417.1,159041.1,0.9835,4.205,0,pass,-15.0,15.0,,synthetic:R00100:mid_qc:2
R00100,high_qc,quantitative,80.0,82.524,ng/mL,3.1551,1,5,158352.6,153509.3,1.03155,4.199,0,pass,-15.0,15.0,,synthetic:R00100:high_qc:1
R00100,high_qc,quantitative,80.0,80.8401,ng/mL,1.0501,2,6,157153.6,155520.4,1.0105,4.254,0,pass,-15.0,15.0,,synthetic:R00100:high_qc:2
R00101,low_qc,quantitative,1.5,1.5651,ng/mL,4.3374,1,1,157892.4,151328.6,1.04337,4.207,0,pass,-15.0,15.0,,synthetic:R00101:low_qc:1
R00101,low_qc,quantitative,1.5,1.5465,ng/mL,3.1,2,2,153251.0,148643.0,1.031,4.226,0,pass,-15.0,15.0,,synthetic:R00101:low_qc:2
R00101,mid_qc,quantitative,75.0,74.5086,ng/mL,-0.6552,1,3,143599.5,144546.6,0.99345,4.183,0,pass,-15.0,15.0,,synthetic:R00101:mid_qc:1
R00101,mid_qc,quantitative,75.0,75.1498,ng/mL,0.1997,2,4,148056.2,147761.1,1.002,4.19,0,pass,-15.0,15.0,,synthetic:R00101:mid_qc:2
R00101,high_qc,quantitative,200.0,199.8008,ng/mL,-0.0996,1,5,151977.9,152129.5,0.999,4.223,0,pass,-15.0,15.0,,synthetic:R00101:high_qc:1
R00101,high_qc,quantitative,200.0,200.8608,ng/mL,0.4304,2,6,163270.7,162570.9,1.0043,4.183,0,pass,-15.0,15.0,,synthetic:R00101:high_qc:2
R00102,low_qc,quantitative,6.0,6.3426,ng/mL,5.7107,1,1,161061.5,152360.5,1.05711,4.221,0,pass,-15.0,15.0,,synthetic:R00102:low_qc:1
R00102,low_qc,quantitative,6.0,6.007,ng/mL,0.1164,2,2,150702.6,150527.3,1.00116,4.2,0,pass,-15.0,15.0,,synthetic:R00102:low_qc:2
R00102,mid_qc,quantitative,150.0,143.5578,ng/mL,-4.2948,1,3,149383.6,156087.2,0.95705,4.19,0,pass,-15.0,15.0,,synthetic:R00102:mid_qc:1
R00102,mid_qc,quantitative,150.0,140.9383,ng/mL,-6.0411,2,4,134617.1,143272.3,0.93959,4.168,0,pass,-15.0,15.0,,synthetic:R00102:mid_qc:2
R00102,high_qc,quantitative,400.0,405.5489,ng/mL,1.3872,1,5,154013.5,151906.2,1.01387,4.223,0,pass,-15.0,15.0,,synthetic:R00102:high_qc:1
R00102,high_qc,quantitative,400.0,402.3,ng/mL,0.575,2,6,142569.5,141754.4,1.00575,4.198,0,pass,-15.0,15.0,,synthetic:R00102:high_qc:2
R00103,low_qc,quantitative,3.0,2.9872,ng/mL,-0.4263,1,1,148499.7,149135.4,0.99574,4.186,0,pass,-15.0,15.0,,synthetic:R00103:low_qc:1
R00103,low_qc,quantitative,3.0,3.0457,ng/mL,1.5248,2,2,153120.6,150820.9,1.01525,4.2,0,pass,-15.0,15.0,,synthetic:R00103:low_qc:2
R00103,mid_qc,quantitative,30.0,30.8501,ng/mL,2.8337,1,3,143312.9,139363.8,1.02834,4.197,0,pass,-15.0,15.0,,synthetic:R00103:mid_qc:1
R00103,mid_qc,quantitative,30.0,30.9522,ng/mL,3.174,2,4,150365.4,145739.6,1.03174,4.185,0,pass,-15.0,15.0,,synthetic:R00103:mid_qc:2
R00103,high_qc,quantitative,80.0,83.7045,ng/mL,4.6307,1,5,154588.6,147746.9,1.04631,4.243,0,pass,-15.0,15.0,,synthetic:R00103:high_qc:1
R00103,high_qc,quantitative,80.0,78.0036,ng/mL,-2.4955,2,6,148938.8,152750.7,0.97504,4.163,0,pass,-15.0,15.0,,synthetic:R00103:high_qc:2
R00104,low_qc,quantitative,1.5,1.4916,ng/mL,-0.5615,1,1,149604.2,150449.0,0.99439,4.205,0,pass,-15.0,15.0,,synthetic:R00104:low_qc:1
R00104,low_qc,quantitative,1.5,1.4093,ng/mL,-6.0465,2,2,147049.7,156513.3,0.93953,4.189,0,pass,-15.0,15.0,,synthetic:R00104:low_qc:2
R00104,mid_qc,quantitative,75.0,71.1232,ng/mL,-5.1691,1,3,131452.3,138617.6,0.94831,4.213,0,pass,-15.0,15.0,,synthetic:R00104:mid_qc:1
R00104,mid_qc,quantitative,75.0,71.84,ng/mL,-4.2134,2,4,148950.2,155502.1,0.95787,4.177,0,pass,-15.0,15.0,,synthetic:R00104:mid_qc:2
R00104,high_qc,quantitative,200.0,182.2997,ng/mL,-8.8501,1,5,138208.3,151627.5,0.9115,4.232,0,pass,-15.0,15.0,,synthetic:R00104:high_qc:1
R00104,high_qc,quantitative,200.0,189.3863,ng/mL,-5.3069,2,6,136748.8,144412.6,0.94693,4.203,0,pass,-15.0,15.0,,synthetic:R00104:high_qc:2
R00105,low_qc,quantitative,6.0,6.0822,ng/mL,1.3697,1,1,164115.6,161898.1,1.0137,4.162,0,pass,-15.0,15.0,,synthetic:R00105:low_qc:1
R00105,low_qc,quantitative,6.0,6.1091,ng/mL,1.8184,2,2,156189.6,153400.2,1.01818,4.194,0,pass,-15.0,15.0,,synthetic:R00105:low_qc:2
R00105,mid_qc,quantitative,150.0,150.1882,ng/mL,0.1254,1,3,148910.5,148723.9,1.00125,4.176,0,pass,-15.0,15.0,,synthetic:R00105:mid_qc:1
R00105,mid_qc,quantitative,150.0,152.2129,ng/mL,1.4753,2,4,145552.1,143436.0,1.01475,4.203,0,pass,-15.0,15.0,,synthetic:R00105:mid_qc:2
R00105,high_qc,quantitative,400.0,407.2863,ng/mL,1.8216,1,5,139419.8,136925.6,1.01822,4.189,0,pass,-15.0,15.0,,synthetic:R00105:high_qc:1
R00105,high_qc,quantitative,400.0,407.498,ng/mL,1.8745,2,6,149956.6,147197.4,1.01875,4.219,0,pass,-15.0,15.0,,synthetic:R00105:high_qc:2
R00106,low_qc,quantitative,3.0,2.9164,ng/mL,-2.7879,1,1,150640.9,154961.1,0.97212,4.211,0,pass,-15.0,15.0,,synthetic:R00106:low_qc:1
R00106,low_qc,quantitative,3.0,2.9855,ng/mL,-0.4829,2,2,156142.4,156900.0,0.99517,4.227,0,pass,-15.0,15.0,,synthetic:R00106:low_qc:2
R00106,mid_qc,quantitative,30.0,29.1349,ng/mL,-2.8836,1,3,143746.4,148014.5,0.97116,4.2,0,pass,-15.0,15.0,,synthetic:R00106:mid_qc:1
R00106,mid_qc,quantitative,30.0,29.2688,ng/mL,-2.4373,2,4,148162.8,151864.2,0.97563,4.225,0,pass,-15.0,15.0,,synthetic:R00106:mid_qc:2
R00106,high_qc,quantitative,80.0,82.6615,ng/mL,3.3268,1,5,149987.3,145158.1,1.03327,4.22,0,pass,-15.0,15.0,,synthetic:R00106:high_qc:1
R00106,high_qc,quantitative,80.0,78.1707,ng/mL,-2.2866,2,6,155425.5,159062.6,0.97713,4.204,0,pass,-15.0,15.0,,synthetic:R00106:high_qc:2
R00107,low_qc,quantitative,1.5,1.4382,ng/mL,-4.1197,1,1,152284.6,158827.9,0.9588,4.171,0,pass,-15.0,15.0,,synthetic:R00107:low_qc:1
R00107,low_qc,quantitative,1.5,1.5395,ng/mL,2.6327,2,2,153218.3,149288.0,1.02633,4.187,0,pass,-15.0,15.0,,synthetic:R00107:low_qc:2
R00107,mid_qc,quantitative,75.0,70.1131,ng/mL,-6.5159,1,3,144012.5,154050.2,0.93484,4.237,0,pass,-15.0,15.0,,synthetic:R00107:mid_qc:1
R00107,mid_qc,quantitative,75.0,73.1476,ng/mL,-2.4698,2,4,155319.9,159253.2,0.9753,4.216,0,pass,-15.0,15.0,,synthetic:R00107:mid_qc:2
R00107,high_qc,quantitative,200.0,208.3846,ng/mL,4.1923,1,5,157247.9,150920.9,1.04192,4.173,0,pass,-15.0,15.0,,synthetic:R00107:high_qc:1
R00107,high_qc,quantitative,200.0,190.9432,ng/mL,-4.5284,2,6,141537.0,148250.4,0.95472,4.197,0,pass,-15.0,15.0,,synthetic:R00107:high_qc:2
R00108,low_qc,quantitative,6.0,5.9737,ng/mL,-0.439,1,1,139717.3,140333.4,0.99561,4.225,0,pass,-15.0,15.0,,synthetic:R00108:low_qc:1
R00108,low_qc,quantitative,6.0,5.9047,ng/mL,-1.5878,2,2,144468.7,146799.6,0.98412,4.218,0,pass,-15.0,15.0,,synthetic:R00108:low_qc:2
R00108,mid_qc,quantitative,150.0,153.621,ng/mL,2.414,1,3,148986.8,145475.0,1.02414,4.261,0,pass,-15.0,15.0,,synthetic:R00108:mid_qc:1
R00108,mid_qc,quantitative,150.0,149.1881,ng/mL,-0.5412,2,4,148293.6,149100.6,0.99459,4.227,0,pass,-15.0,15.0,,synthetic:R00108:mid_qc:2
R00108,high_qc,quantitative,400.0,380.6307,ng/mL,-4.8423,1,5,143739.2,151053.7,0.95158,4.205,0,pass,-15.0,15.0,,synthetic:R00108:high_qc:1
R00108,high_qc,quantitative,400.0,390.4108,ng/mL,-2.3973,2,6,145582.8,149158.6,0.97603,4.221,0,pass,-15.0,15.0,,synthetic:R00108:high_qc:2
R00109,low_qc,quantitative,3.0,3.0249,ng/mL,0.8313,1,1,157654.3,156354.5,1.00831,4.223,0,pass,-15.0,15.0,,synthetic:R00109:low_qc:1
R00109,low_qc,quantitative,3.0,2.9939,ng/mL,-0.202,2,2,159766.6,160089.9,0.99798,4.212,0,pass,-15.0,15.0,,synthetic:R00109:low_qc:2
R00109,mid_qc,quantitative,30.0,30.6914,ng/mL,2.3046,1,3,164239.4,160539.6,1.02305,4.229,0,pass,-15.0,15.0,,synthetic:R00109:mid_qc:1
R00109,mid_qc,quantitative,30.0,30.4391,ng/mL,1.4635,2,4,152515.3,150315.4,1.01464,4.18,0,pass,-15.0,15.0,,synthetic:R00109:mid_qc:2
R00109,high_qc,quantitative,80.0,77.6057,ng/mL,-2.9929,1,5,149318.3,153925.1,0.97007,4.229,0,pass,-15.0,15.0,,synthetic:R00109:high_qc:1
R00109,high_qc,quantitative,80.0,79.0217,ng/mL,-1.2228,2,6,133363.3,135014.3,0.98777,4.223,0,pass,-15.0,15.0,,synthetic:R00109:high_qc:2
R00110,low_qc,quantitative,1.5,1.5535,ng/mL,3.5692,1,1,151455.0,146235.6,1.03569,4.204,0,pass,-15.0,15.0,,synthetic:R00110:low_qc:1
R00110,low_qc,quantitative,1.5,1.509,ng/mL,0.5987,2,2,145280.1,144415.5,1.00599,4.182,0,pass,-15.0,15.0,,synthetic:R00110:low_qc:2
R00110,mid_qc,quantitative,75.0,74.2801,ng/mL,-0.9599,1,3,150669.0,152129.3,0.9904,4.219,0,pass,-15.0,15.0,,synthetic:R00110:mid_qc:1
R00110,mid_qc,quantitative,75.0,78.6943,ng/mL,4.9258,2,4,155955.3,148633.9,1.04926,4.17,0,pass,-15.0,15.0,,synthetic:R00110:mid_qc:2
R00110,high_qc,quantitative,200.0,196.9272,ng/mL,-1.5364,1,5,144200.2,146450.3,0.98464,4.241,0,pass,-15.0,15.0,,synthetic:R00110:high_qc:1
R00110,high_qc,quantitative,200.0,218.251,ng/mL,9.1255,2,6,166700.2,152760.1,1.09126,4.202,0,pass,-15.0,15.0,,synthetic:R00110:high_qc:2
R00111,low_qc,quantitative,6.0,5.7872,ng/mL,-3.5473,1,1,146158.2,151533.6,0.96453,4.224,0,pass,-15.0,15.0,,synthetic:R00111:low_qc:1
R00111,low_qc,quantitative,6.0,5.9468,ng/mL,-0.8866,2,2,154553.1,155935.6,0.99113,4.168,0,pass,-15.0,15.0,,synthetic:R00111:low_qc:2
R00111,mid_qc,quantitative,150.0,143.093,ng/mL,-4.6047,1,3,138798.0,145497.7,0.95395,4.262,0,pass,-15.0,15.0,,synthetic:R00111:mid_qc:1
R00111,mid_qc,quantitative,150.0,144.0233,ng/mL,-3.9845,2,4,150870.0,157130.8,0.96016,4.244,0,pass,-15.0,15.0,,synthetic:R00111:mid_qc:2
R00111,high_qc,quantitative,400.0,406.1056,ng/mL,1.5264,1,5,148420.5,146189.0,1.01526,4.185,0,pass,-15.0,15.0,,synthetic:R00111:high_qc:1
R00111,high_qc,quantitative,400.0,386.7517,ng/mL,-3.3121,2,6,155251.2,160569.3,0.96688,4.195,0,pass,-15.0,15.0,,synthetic:R00111:high_qc:2
R00112,low_qc,quantitative,3.0,2.9577,ng/mL,-1.4088,1,1,151459.5,153623.7,0.98591,4.188,0,pass,-15.0,15.0,,synthetic:R00112:low_qc:1
R00112,low_qc,quantitative,3.0,2.9719,ng/mL,-0.9356,2,2,141533.7,142870.4,0.99064,4.192,0,pass,-15.0,15.0,,synthetic:R00112:low_qc:2
R00112,mid_qc,quantitative,30.0,29.7603,ng/mL,-0.7988,1,3,150694.1,151907.6,0.99201,4.174,0,pass,-15.0,15.0,,synthetic:R00112:mid_qc:1
R00112,mid_qc,quantitative,30.0,28.4244,ng/mL,-5.252,2,4,141537.8,149383.4,0.94748,4.23,0,pass,-15.0,15.0,,synthetic:R00112:mid_qc:2
R00112,high_qc,quantitative,80.0,72.6338,ng/mL,-9.2077,1,5,135070.2,148768.3,0.90792,4.252,0,pass,-15.0,15.0,,synthetic:R00112:high_qc:1
R00112,high_qc,quantitative,80.0,78.0478,ng/mL,-2.4403,2,6,153769.4,157615.6,0.9756,4.222,0,pass,-15.0,15.0,,synthetic:R00112:high_qc:2
R00113,low_qc,quantitative,1.5,1.4866,ng/mL,-0.8963,1,1,146837.8,148165.7,0.99104,4.208,0,pass,-15.0,15.0,,synthetic:R00113:low_qc:1
R00113,low_qc,quantitative,1.5,1.4455,ng/mL,-3.6362,2,2,147236.4,152792.2,0.96364,4.218,0,pass,-15.0,15.0,,synthetic:R00113:low_qc:2
R00113,mid_qc,quantitative,75.0,75.1711,ng/mL,0.2281,1,3,146168.1,145835.5,1.00228,4.199,0,pass,-15.0,15.0,,synthetic:R00113:mid_qc:1
R00113,mid_qc,quantitative,75.0,76.2829,ng/mL,1.7106,2,4,158373.9,155710.4,1.01711,4.204,0,pass,-15.0,15.0,,synthetic:R00113:mid_qc:2
R00113,high_qc,quantitative,200.0,205.1469,ng/mL,2.5735,1,5,161534.4,157481.7,1.02573,4.208,0,pass,-15.0,15.0,,synthetic:R00113:high_qc:1
R00113,high_qc,quantitative,200.0,198.8117,ng/mL,-0.5941,2,6,155867.5,156799.0,0.99406,4.206,0,pass,-15.0,15.0,,synthetic:R00113:high_qc:2
R00114,low_qc,quantitative,6.0,5.915,ng/mL,-1.4166,1,1,153560.5,155767.1,0.98583,4.209,0,pass,-15.0,15.0,,synthetic:R00114:low_qc:1
R00114,low_qc,quantitative,6.0,5.8796,ng/mL,-2.006,2,2,149475.9,152535.7,0.97994,4.226,0,pass,-15.0,15.0,,synthetic:R00114:low_qc:2
R00114,mid_qc,quantitative,150.0,143.0989,ng/mL,-4.6007,1,3,139302.6,146020.6,0.95399,4.199,0,pass,-15.0,15.0,,synthetic:R00114:mid_qc:1
R00114,mid_qc,quantitative,150.0,146.6592,ng/mL,-2.2272,2,4,153134.2,156622.5,0.97773,4.237,0,pass,-15.0,15.0,,synthetic:R00114:mid_qc:2
R00114,high_qc,quantitative,400.0,401.0445,ng/mL,0.2611,1,5,154183.9,153782.4,1.00261,4.238,0,pass,-15.0,15.0,,synthetic:R00114:high_qc:1
R00114,high_qc,quantitative,400.0,390.9299,ng/mL,-2.2675,2,6,138984.9,142209.5,0.97732,4.181,0,pass,-15.0,15.0,,synthetic:R00114:high_qc:2
R00115,low_qc,quantitative,3.0,2.8689,ng/mL,-4.3689,1,1,139748.1,146132.5,0.95631,4.215,0,pass,-15.0,15.0,,synthetic:R00115:low_qc:1
R00115,low_qc,quantitative,3.0,2.8479,ng/mL,-5.0714,2,2,143914.6,151603.1,0.94929,4.215,0,pass,-15.0,15.0,,synthetic:R00115:low_qc:2
R00115,mid_qc,quantitative,30.0,29.6836,ng/mL,-1.0547,1,3,146882.8,148448.5,0.98945,4.212,0,pass,-15.0,15.0,,synthetic:R00115:mid_qc:1
R00115,mid_qc,quantitative,30.0,28.7627,ng/mL,-4.1244,2,4,134145.9,139916.6,0.95876,4.216,0,pass,-15.0,15.0,,synthetic:R00115:mid_qc:2
R00115,high_qc,quantitative,80.0,79.9614,ng/mL,-0.0482,1,5,142351.1,142419.7,0.99952,4.202,0,pass,-15.0,15.0,,synthetic:R00115:high_qc:1
R00115,high_qc,quantitative,80.0,78.9807,ng/mL,-1.2741,2,6,144492.8,146357.5,0.98726,4.185,0,pass,-15.0,15.0,,synthetic:R00115:high_qc:2
R00116,low_qc,quantitative,1.5,1.5371,ng/mL,2.4709,1,1,156866.4,153083.9,1.02471,4.202,0,pass,-15.0,15.0,,synthetic:R00116:low_qc:1
R00116,low_qc,quantitative,1.5,1.5405,ng/mL,2.7004,2,2,149296.4,145370.7,1.027,4.237,0,pass,-15.0,15.0,,synthetic:R00116:low_qc:2
R00116,mid_qc,quantitative,75.0,82.4837,ng/mL,9.9782,1,3,165242.1,150249.9,1.09978,4.203,0,pass,-15.0,15.0,,synthetic:R00116:mid_qc:1
R00116,mid_qc,quantitative,75.0,76.9831,ng/mL,2.6441,2,4,147030.0,143242.5,1.02644,4.208,0,pass,-15.0,15.0,,synthetic:R00116:mid_qc:2
R00116,high_qc,quantitative,200.0,210.2415,ng/mL,5.1208,1,5,152365.9,144943.7,1.05121,4.202,0,pass,-15.0,15.0,,synthetic:R00116:high_qc:1
R00116,high_qc,quantitative,200.0,195.213,ng/mL,-2.3935,2,6,147579.2,151198.1,0.97607,4.234,0,pass,-15.0,15.0,,synthetic:R00116:high_qc:2
R00117,low_qc,quantitative,6.0,5.9569,ng/mL,-0.7184,1,1,157046.2,158182.6,0.99282,4.237,0,pass,-15.0,15.0,,synthetic:R00117:low_qc:1
R00117,low_qc,quantitative,6.0,6.1773,ng/mL,2.9545,2,2,160716.2,156104.1,1.02955,4.212,0,pass,-15.0,15.0,,synthetic:R00117:low_qc:2
R00117,mid_qc,quantitative,150.0,156.0763,ng/mL,4.0509,1,3,152098.8,146177.4,1.04051,4.175,0,pass,-15.0,15.0,,synthetic:R00117:mid_qc:1
R00117,mid_qc,quantitative,150.0,148.9622,ng/mL,-0.6919,2,4,144790.9,145799.7,0.99308,4.195,0,pass,-15.0,15.0,,synthetic:R00117:mid_qc:2
R00117,high_qc,quantitative,400.0,379.8991,ng/mL,-5.0252,1,5,143358.1,150943.3,0.94975,4.196,0,pass,-15.0,15.0,,synthetic:R00117:high_qc:1
R00117,high_qc,quantitative,400.0,448.2653,ng/mL,12.0663,2,6,160012.0,142783.3,1.12066,4.194,0,pass,-15.0,15.0,,synthetic:R00117:high_qc:2
R00118,low_qc,quantitative,3.0,2.9819,ng/mL,-0.6044,1,1,138756.6,139600.4,0.99396,4.185,0,pass,-15.0,15.0,,synthetic:R00118:low_qc:1
R00118,low_qc,quantitative,3.0,3.049,ng/mL,1.6334,2,2,164335.5,161694.5,1.01633,4.228,0,pass,-15.0,15.0,,synthetic:R00118:low_qc:2
R00118,mid_qc,quantitative,30.0,30.5232,ng/mL,1.744,1,3,159167.8,156439.4,1.01744,4.17,0,pass,-15.0,15.0,,synthetic:R00118:mid_qc:1
R00118,mid_qc,quantitative,30.0,28.3951,ng/mL,-5.3497,2,4,141844.1,149861.2,0.9465,4.179,0,pass,-15.0,15.0,,synthetic:R00118:mid_qc:2
R00118,high_qc,quantitative,80.0,81.477,ng/mL,1.8463,1,5,150768.5,148035.4,1.01846,4.227,0,pass,-15.0,15.0,,synthetic:R00118:high_qc:1
R00118,high_qc,quantitative,80.0,81.4569,ng/mL,1.8211,2,6,154998.0,152225.7,1.01821,4.251,0,pass,-15.0,15.0,,synthetic:R00118:high_qc:2
R00119,low_qc,quantitative,1.5,1.5257,ng/mL,1.71,1,1,148880.6,146377.5,1.0171,4.225,0,pass,-15.0,15.0,,synthetic:R00119:low_qc:1
R00119,low_qc,quantitative,1.5,1.4559,ng/mL,-2.9421,2,2,152404.9,157024.6,0.97058,4.23,0,pass,-15.0,15.0,,synthetic:R00119:low_qc:2
R00119,mid_qc,quantitative,75.0,72.562,ng/mL,-3.2507,1,3,155991.7,161232.8,0.96749,4.222,0,pass,-15.0,15.0,,synthetic:R00119:mid_qc:1
R00119,mid_qc,quantitative,75.0,75.8196,ng/mL,1.0928,2,4,148012.6,146412.6,1.01093,4.209,0,pass,-15.0,15.0,,synthetic:R00119:mid_qc:2
R00119,high_qc,quantitative,200.0,194.728,ng/mL,-2.636,1,5,142118.3,145965.9,0.97364,4.221,0,pass,-15.0,15.0,,synthetic:R00119:high_qc:1
R00119,high_qc,quantitative,200.0,193.9266,ng/mL,-3.0367,2,6,140875.3,145287.3,0.96963,4.231,0,pass,-15.0,15.0,,synthetic:R00119:high_qc:2
R00120,low_qc,quantitative,6.0,6.0521,ng/mL,0.8688,1,1,148875.1,147592.8,1.00869,4.19,0,pass,-15.0,15.0,,synthetic:R00120:low_qc:1
R00120,low_qc,quantitative,6.0,5.8839,ng/mL,-1.9353,2,2,144402.6,147252.4,0.98065,4.206,0,pass,-15.0,15.0,,synthetic:R00120:low_qc:2
R00120,mid_qc,quantitative,150.0,151.4129,ng/mL,0.9419,1,3,157170.9,155704.3,1.00942,4.237,0,pass,-15.0,15.0,,synthetic:R00120:mid_qc:1
R00120,mid_qc,quantitative,150.0,154.923,ng/mL,3.282,2,4,146208.8,141562.7,1.03282,4.212,0,pass,-15.0,15.0,,synthetic:R00120:mid_qc:2
R00120,high_qc,quantitative,400.0,383.3371,ng/mL,-4.1657,1,5,147331.2,153735.4,0.95834,4.192,0,pass,-15.0,15.0,,synthetic:R00120:high_qc:1
R00120,high_qc,quantitative,400.0,382.6856,ng/mL,-4.3286,2,6,140729.1,147096.3,0.95671,4.192,0,pass,-15.0,15.0,,synthetic:R00120:high_qc:2
R00121,low_qc,quantitative,3.0,3.1979,ng/mL,6.5966,1,1,153862.9,144341.3,1.06597,4.157,0,pass,-15.0,15.0,,synthetic:R00121:low_qc:1
R00121,low_qc,quantitative,3.0,3.2553,ng/mL,8.5104,2,2,170910.6,157506.2,1.0851,4.232,0,pass,-15.0,15.0,,synthetic:R00121:low_qc:2
R00121,mid_qc,quantitative,30.0,31.4416,ng/mL,4.8053,1,3,166600.6,158962.0,1.04805,4.224,0,pass,-15.0,15.0,,synthetic:R00121:mid_qc:1
R00121,mid_qc,quantitative,30.0,31.2938,ng/mL,4.3128,2,4,160524.6,153887.7,1.04313,4.18,0,pass,-15.0,15.0,,synthetic:R00121:mid_qc:2
R00121,high_qc,quantitative,80.0,83.7715,ng/mL,4.7143,1,5,158718.9,151573.3,1.04714,4.213,0,pass,-15.0,15.0,,synthetic:R00121:high_qc:1
R00121,high_qc,quantitative,80.0,79.5566,ng/mL,-0.5542,2,6,151364.5,152208.1,0.99446,4.22,0,pass,-15.0,15.0,,synthetic:R00121:high_qc:2
R00122,low_qc,quantitative,1.5,1.4535,ng/mL,-3.0971,1,1,142403.4,146954.8,0.96903,4.224,0,pass,-15.0,15.0,,synthetic:R00122:low_qc:1
R00122,low_qc,quantitative,1.5,1.5057,ng/mL,0.3767,2,2,150141.5,149578.0,1.00377,4.187,0,pass,-15.0,15.0,,synthetic:R00122:low_qc:2
R00122,mid_qc,quantitative,75.0,73.6321,ng/mL,-1.8239,1,3,155716.1,158608.9,0.98176,4.187,0,pass,-15.0,15.0,,synthetic:R00122:mid_qc:1
R00122,mid_qc,quantitative,75.0,74.2641,ng/mL,-0.9812,2,4,155858.3,157402.8,0.99019,4.21,0,pass,-15.0,15.0,,synthetic:R00122:mid_qc:2
R00122,high_qc,quantitative,200.0,200.4166,ng/mL,0.2083,1,5,156201.9,155877.2,1.00208,4.216,0,pass,-15.0,15.0,,synthetic:R00122:high_qc:1
R00122,high_qc,quantitative,200.0,188.3292,ng/mL,-5.8354,2,6,136119.9,144555.3,0.94165,4.183,0,pass,-15.0,15.0,,synthetic:R00122:high_qc:2
R00123,low_qc,quantitative,6.0,5.8861,ng/mL,-1.8984,1,1,151674.4,154609.6,0.98102,4.19,0,pass,-15.0,15.0,,synthetic:R00123:low_qc:1
R00123,low_qc,quantitative,6.0,5.9389,ng/mL,-1.0184,2,2,153434.5,155013.1,0.98982,4.19,0,pass,-15.0,15.0,,synthetic:R00123:low_qc:2
R00123,mid_qc,quantitative,150.0,147.65,ng/mL,-1.5666,1,3,155689.5,158167.4,0.98433,4.203,0,pass,-15.0,15.0,,synthetic:R00123:mid_qc:1
R00123,mid_qc,quantitative,150.0,149.3481,ng/mL,-0.4346,2,4,140795.7,141410.2,0.99565,4.204,0,pass,-15.0,15.0,,synthetic:R00123:mid_qc:2
R00123,high_qc,quantitative,400.0,407.8435,ng/mL,1.9609,1,5,155952.9,152953.7,1.01961,4.212,0,pass,-15.0,15.0,,synthetic:R00123:high_qc:1
R00123,high_qc,quantitative,400.0,384.6881,ng/mL,-3.828,2,6,150825.1,156828.4,0.96172,4.233,0,pass,-15.0,15.0,,synthetic:R00123:high_qc:2
R00124,low_qc,quantitative,3.0,2.8943,ng/mL,-3.522,1,1,142765.4,147977.2,0.96478,4.211,0,pass,-15.0,15.0,,synthetic:R00124:low_qc:1
R00124,low_qc,quantitative,3.0,2.8459,ng/mL,-5.1357,2,2,145561.9,153442.1,0.94864,4.228,0,pass,-15.0,15.0,,synthetic:R00124:low_qc:2
R00124,mid_qc,quantitative,30.0,29.7754,ng/mL,-0.7485,1,3,142340.2,143413.7,0.99251,4.172,0,pass,-15.0,15.0,,synthetic:R00124:mid_qc:1
R00124,mid_qc,quantitative,30.0,29.9035,ng/mL,-0.3216,2,4,147135.5,147610.2,0.99678,4.22,0,pass,-15.0,15.0,,synthetic:R00124:mid_qc:2
R00124,high_qc,quantitative,80.0,82.3595,ng/mL,2.9494,1,5,151096.0,146767.2,1.02949,4.216,0,pass,-15.0,15.0,,synthetic:R00124:high_qc:1
R00124,high_qc,quantitative,80.0,79.4673,ng/mL,-0.6658,2,6,154430.1,155465.3,0.99334,4.203,0,pass,-15.0,15.0,,synthetic:R00124:high_qc:2
R00125,low_qc,quantitative,1.5,1.5859,ng/mL,5.7263,1,1,163357.6,154509.9,1.05726,4.242,0,pass,-15.0,15.0,,synthetic:R00125:low_qc:1
R00125,low_qc,quantitative,1.5,1.4897,ng/mL,-0.6845,2,2,141861.2,142838.9,0.99316,4.242,0,pass,-15.0,15.0,,synthetic:R00125:low_qc:2
R00125,mid_qc,quantitative,75.0,78.1637,ng/mL,4.2183,1,3,156611.4,150272.5,1.04218,4.222,0,pass,-15.0,15.0,,synthetic:R00125:mid_qc:1
R00125,mid_qc,quantitative,75.0,74.4129,ng/mL,-0.7828,2,4,146363.5,147518.3,0.99217,4.219,0,pass,-15.0,15.0,,synthetic:R00125:mid_qc:2
R00125,high_qc,quantitative,200.0,199.2206,ng/mL,-0.3897,1,5,144575.6,145141.2,0.9961,4.2,0,pass,-15.0,15.0,,synthetic:R00125:high_qc:1
R00125,high_qc,quantitative,200.0,192.0091,ng/mL,-3.9954,2,6,145400.4,151451.5,0.96005,4.216,0,pass,-15.0,15.0,,synthetic:R00125:high_qc:2
R00126,low_qc,quantitative,6.0,5.9226,ng/mL,-1.2894,1,1,148727.3,150670.1,0.98711,4.22,0,pass,-15.0,15.0,,synthetic:R00126:low_qc:1
R00126,low_qc,quantitative,6.0,5.6883,ng/mL,-5.1943,2,2,145155.0,153107.9,0.94806,4.187,0,pass,-15.0,15.0,,synthetic:R00126:low_qc:2
R00126,mid_qc,quantitative,150.0,144.9742,ng/mL,-3.3506,1,3,147095.2,152194.6,0.96649,4.194,0,pass,-15.0,15.0,,synthetic:R00126:mid_qc:1
R00126,mid_qc,quantitative,150.0,139.4946,ng/mL,-7.0036,2,4,126938.4,136498.1,0.92996,4.212,0,pass,-15.0,15.0,,synthetic:R00126:mid_qc:2
R00126,high_qc,quantitative,400.0,394.1823,ng/mL,-1.4544,1,5,148340.1,150529.5,0.98546,4.156,0,pass,-15.0,15.0,,synthetic:R00126:high_qc:1
R00126,high_qc,quantitative,400.0,375.9885,ng/mL,-6.0029,2,6,125701.5,133729.1,0.93997,4.211,0,pass,-15.0,15.0,,synthetic:R00126:high_qc:2
R00127,low_qc,quantitative,3.0,2.8715,ng/mL,-4.2825,1,1,142432.0,148804.6,0.95717,4.197,0,pass,-15.0,15.0,,synthetic:R00127:low_qc:1
R00127,low_qc,quantitative,3.0,2.9338,ng/mL,-2.2068,2,2,144035.8,147286.1,0.97793,4.21,0,pass,-15.0,15.0,,synthetic:R00127:low_qc:2
R00127,mid_qc,quantitative,30.0,30.7855,ng/mL,2.6183,1,3,159931.9,155851.3,1.02618,4.169,0,pass,-15.0,15.0,,synthetic:R00127:mid_qc:1
R00127,mid_qc,quantitative,30.0,28.537,ng/mL,-4.8766,2,4,147699.0,155271.0,0.95123,4.204,0,pass,-15.0,15.0,,synthetic:R00127:mid_qc:2
R00127,high_qc,quantitative,80.0,75.5436,ng/mL,-5.5705,1,5,145723.0,154319.4,0.94429,4.223,0,pass,-15.0,15.0,,synthetic:R00127:high_qc:1
R00127,high_qc,quantitative,80.0,77.8861,ng/mL,-2.6424,2,6,130838.9,134390.0,0.97358,4.196,0,pass,-15.0,15.0,,synthetic:R00127:high_qc:2
R00128,low_qc,quantitative,1.5,1.5133,ng/mL,0.8886,1,1,152304.1,150962.6,1.00889,4.179,0,pass,-15.0,15.0,,synthetic:R00128:low_qc:1
R00128,low_qc,quantitative,1.5,1.5238,ng/mL,1.5893,2,2,153326.5,150927.9,1.01589,4.211,0,pass,-15.0,15.0,,synthetic:R00128:low_qc:2
R00128,mid_qc,quantitative,75.0,70.6428,ng/mL,-5.8096,1,3,145204.5,154160.6,0.9419,4.222,0,pass,-15.0,15.0,,synthetic:R00128:mid_qc:1
R00128,mid_qc,quantitative,75.0,71.806,ng/mL,-4.2587,2,4,132955.1,138869.1,0.95741,4.178,0,pass,-15.0,15.0,,synthetic:R00128:mid_qc:2
R00128,high_qc,quantitative,200.0,195.2774,ng/mL,-2.3613,1,5,158943.5,162787.4,0.97639,4.199,0,pass,-15.0,15.0,,synthetic:R00128:high_qc:1
R00128,high_qc,quantitative,200.0,201.9904,ng/mL,0.9952,2,6,143878.2,142460.5,1.00995,4.219,0,pass,-15.0,15.0,,synthetic:R00128:high_qc:2
R00129,low_qc,quantitative,6.0,5.8176,ng/mL,-3.0405,1,1,136132.2,140401.1,0.96959,4.222,0,pass,-15.0,15.0,,synthetic:R00129:low_qc:1
R00129,low_qc,quantitative,6.0,5.8618,ng/mL,-2.3027,2,2,152100.7,155685.7,0.97697,4.233,0,pass,-15.0,15.0,,synthetic:R00129:low_qc:2
R00129,mid_qc,quantitative,150.0,150.7923,ng/mL,0.5282,1,3,163205.8,162348.3,1.00528,4.209,0,pass,-15.0,15.0,,synthetic:R00129:mid_qc:1
R00129,mid_qc,quantitative,150.0,147.9133,ng/mL,-1.3911,2,4,144659.3,146700.1,0.98609,4.161,0,pass,-15.0,15.0,,synthetic:R00129:mid_qc:2
R00129,high_qc,quantitative,400.0,383.9911,ng/mL,-4.0022,1,5,151749.3,158075.9,0.95998,4.204,0,pass,-15.0,15.0,,synthetic:R00129:high_qc:1
R00129,high_qc,quantitative,400.0,366.5245,ng/mL,-8.3689,2,6,129022.9,140806.8,0.91631,4.206,0,pass,-15.0,15.0,,synthetic:R00129:high_qc:2
R00130,low_qc,quantitative,3.0,2.7957,ng/mL,-6.8088,1,1,134937.6,144796.5,0.93191,4.218,0,pass,-15.0,15.0,,synthetic:R00130:low_qc:1
R00130,low_qc,quantitative,3.0,2.6764,ng/mL,-10.7854,2,2,134042.2,150246.9,0.89215,4.229,0,pass,-15.0,15.0,,synthetic:R00130:low_qc:2
R00130,mid_qc,quantitative,30.0,29.4154,ng/mL,-1.9488,1,3,142416.1,145246.7,0.98051,4.19,0,pass,-15.0,15.0,,synthetic:R00130:mid_qc:1
R00130,mid_qc,quantitative,30.0,27.8093,ng/mL,-7.3023,2,4,140847.2,151942.4,0.92698,4.232,0,pass,-15.0,15.0,,synthetic:R00130:mid_qc:2
R00130,high_qc,quantitative,80.0,73.1351,ng/mL,-8.5811,1,5,134796.4,147449.2,0.91419,4.199,0,pass,-15.0,15.0,,synthetic:R00130:high_qc:1
R00130,high_qc,quantitative,80.0,77.4785,ng/mL,-3.1519,2,6,152067.5,157016.5,0.96848,4.214,0,pass,-15.0,15.0,,synthetic:R00130:high_qc:2
R00131,low_qc,quantitative,1.5,1.5298,ng/mL,1.9852,1,1,155077.6,152058.8,1.01985,4.226,0,pass,-15.0,15.0,,synthetic:R00131:low_qc:1
R00131,low_qc,quantitative,1.5,1.4725,ng/mL,-1.836,2,2,147384.3,150140.8,0.98164,4.227,0,pass,-15.0,15.0,,synthetic:R00131:low_qc:2
R00131,mid_qc,quantitative,75.0,78.2316,ng/mL,4.3087,1,3,155943.7,149502.1,1.04309,4.198,0,pass,-15.0,15.0,,synthetic:R00131:mid_qc:1
R00131,mid_qc,quantitative,75.0,77.6762,ng/mL,3.5682,2,4,151552.3,146330.9,1.03568,4.223,0,pass,-15.0,15.0,,synthetic:R00131:mid_qc:2
R00131,high_qc,quantitative,200.0,194.5535,ng/mL,-2.7233,1,5,143454.3,147470.3,0.97277,4.242,0,pass,-15.0,15.0,,synthetic:R00131:high_qc:1
R00131,high_qc,quantitative,200.0,202.968,ng/mL,1.484,2,6,140455.0,138401.1,1.01484,4.203,0,pass,-15.0,15.0,,synthetic:R00131:high_qc:2
R00132,low_qc,quantitative,6.0,6.1085,ng/mL,1.8077,1,1,161076.2,158216.2,1.01808,4.233,0,pass,-15.0,15.0,,synthetic:R00132:low_qc:1
R00132,low_qc,quantitative,6.0,5.9216,ng/mL,-1.3068,2,2,145077.6,146998.6,0.98693,4.206,0,pass,-15.0,15.0,,synthetic:R00132:low_qc:2
R00132,mid_qc,quantitative,150.0,145.4088,ng/mL,-3.0608,1,3,137169.7,141500.8,0.96939,4.211,0,pass,-15.0,15.0,,synthetic:R00132:mid_qc:1
R00132,mid_qc,quantitative,150.0,155.1074,ng/mL,3.4049,2,4,159676.5,154418.7,1.03405,4.223,0,pass,-15.0,15.0,,synthetic:R00132:mid_qc:2
R00132,high_qc,quantitative,400.0,402.1052,ng/mL,0.5263,1,5,149601.9,148818.7,1.00526,4.24,0,pass,-15.0,15.0,,synthetic:R00132:high_qc:1
R00132,high_qc,quantitative,400.0,424.4122,ng/mL,6.103,2,6,165222.7,155719.1,1.06103,4.217,0,pass,-15.0,15.0,,synthetic:R00132:high_qc:2
R00133,low_qc,quantitative,3.0,3.0583,ng/mL,1.9422,1,1,153691.3,150763.2,1.01942,4.199,0,pass,-15.0,15.0,,synthetic:R00133:low_qc:1
R00133,low_qc,quantitative,3.0,3.099,ng/mL,3.3009,2,2,154135.9,149210.6,1.03301,4.152,0,pass,-15.0,15.0,,synthetic:R00133:low_qc:2
R00133,mid_qc,quantitative,30.0,29.7995,ng/mL,-0.6684,1,3,143114.5,144077.6,0.99332,4.213,0,pass,-15.0,15.0,,synthetic:R00133:mid_qc:1
R00133,mid_qc,quantitative,30.0,31.1664,ng/mL,3.8881,2,4,158318.0,152392.8,1.03888,4.207,0,pass,-15.0,15.0,,synthetic:R00133:mid_qc:2
R00133,high_qc,quantitative,80.0,77.1963,ng/mL,-3.5046,1,5,149444.0,154871.5,0.96495,4.209,0,pass,-15.0,15.0,,synthetic:R00133:high_qc:1
R00133,high_qc,quantitative,80.0,77.834,ng/mL,-2.7075,2,6,148179.7,152303.3,0.97292,4.215,0,pass,-15.0,15.0,,synthetic:R00133:high_qc:2
R00134,low_qc,quantitative,1.5,1.4135,ng/mL,-5.7643,1,1,143545.6,152326.2,0.94236,4.201,0,pass,-15.0,15.0,,synthetic:R00134:low_qc:1
R00134,low_qc,quantitative,1.5,1.429,ng/mL,-4.7356,2,2,135914.6,142670.9,0.95264,4.183,0,pass,-15.0,15.0,,synthetic:R00134:low_qc:2
R00134,mid_qc,quantitative,75.0,73.4466,ng/mL,-2.0711,1,3,150692.1,153879.1,0.97929,4.211,0,pass,-15.0,15.0,,synthetic:R00134:mid_qc:1
R00134,mid_qc,quantitative,75.0,74.3039,ng/mL,-0.9281,2,4,148916.9,150311.9,0.99072,4.248,0,pass,-15.0,15.0,,synthetic:R00134:mid_qc:2
R00134,high_qc,quantitative,200.0,199.217,ng/mL,-0.3915,1,5,148981.9,149567.5,0.99608,4.246,0,pass,-15.0,15.0,,synthetic:R00134:high_qc:1
R00134,high_qc,quantitative,200.0,191.9684,ng/mL,-4.0158,2,6,144869.7,150930.7,0.95984,4.234,0,pass,-15.0,15.0,,synthetic:R00134:high_qc:2
R00135,low_qc,quantitative,6.0,6.2094,ng/mL,3.4907,1,1,155817.7,150562.0,1.03491,4.249,0,pass,-15.0,15.0,,synthetic:R00135:low_qc:1
R00135,low_qc,quantitative,6.0,6.1061,ng/mL,1.7677,2,2,157282.7,154550.6,1.01768,4.197,0,pass,-15.0,15.0,,synthetic:R00135:low_qc:2
R00135,mid_qc,quantitative,150.0,150.6731,ng/mL,0.4487,1,3,143531.1,142889.9,1.00449,4.259,0,pass,-15.0,15.0,,synthetic:R00135:mid_qc:1
R00135,mid_qc,quantitative,150.0,148.9749,ng/mL,-0.6834,2,4,149678.0,150708.0,0.99317,4.22,0,pass,-15.0,15.0,,synthetic:R00135:mid_qc:2
R00135,high_qc,quantitative,400.0,395.946,ng/mL,-1.0135,1,5,146309.5,147807.6,0.98986,4.228,0,pass,-15.0,15.0,,synthetic:R00135:high_qc:1
R00135,high_qc,quantitative,400.0,404.6972,ng/mL,1.1743,2,6,144502.4,142825.2,1.01174,4.217,0,pass,-15.0,15.0,,synthetic:R00135:high_qc:2
R00136,low_qc,quantitative,3.0,2.9908,ng/mL,-0.3054,1,1,149147.3,149604.3,0.99695,4.213,0,pass,-15.0,15.0,,synthetic:R00136:low_qc:1
R00136,low_qc,quantitative,3.0,3.051,ng/mL,1.6999,2,2,150477.9,147962.7,1.017,4.171,0,pass,-15.0,15.0,,synthetic:R00136:low_qc:2
R00136,mid_qc,quantitative,30.0,29.7785,ng/mL,-0.7385,1,3,153683.6,154827.0,0.99262,4.19,0,pass,-15.0,15.0,,synthetic:R00136:mid_qc:1
R00136,mid_qc,quantitative,30.0,30.0626,ng/mL,0.2088,2,4,144797.7,144496.0,1.00209,4.206,0,pass,-15.0,15.0,,synthetic:R00136:mid_qc:2
R00136,high_qc,quantitative,80.0,79.8077,ng/mL,-0.2404,1,5,150201.9,150563.9,0.9976,4.202,0,pass,-15.0,15.0,,synthetic:R00136:high_qc:1
R00136,high_qc,quantitative,80.0,81.0817,ng/mL,1.3521,2,6,159347.9,157222.2,1.01352,4.213,0,pass,-15.0,15.0,,synthetic:R00136:high_qc:2
R00137,low_qc,quantitative,1.5,1.4567,ng/mL,-2.8875,1,1,154008.4,158587.7,0.97112,4.222,0,pass,-15.0,15.0,,synthetic:R00137:low_qc:1
R00137,low_qc,quantitative,1.5,1.4728,ng/mL,-1.8125,2,2,142100.2,144723.3,0.98187,4.177,0,pass,-15.0,15.0,,synthetic:R00137:low_qc:2
R00137,mid_qc,quantitative,75.0,80.0037,ng/mL,6.6715,1,3,169274.6,158687.7,1.06672,4.218,0,pass,-15.0,15.0,,synthetic:R00137:mid_qc:1
R00137,mid_qc,quantitative,75.0,77.2566,ng/mL,3.0088,2,4,147720.5,143405.7,1.03009,4.246,0,pass,-15.0,15.0,,synthetic:R00137:mid_qc:2
R00137,high_qc,quantitative,200.0,209.0158,ng/mL,4.5079,1,5,151533.2,144996.9,1.04508,4.186,0,pass,-15.0,15.0,,synthetic:R00137:high_qc:1
R00137,high_qc,quantitative,200.0,191.3303,ng/mL,-4.3349,2,6,136784.3,142982.4,0.95665,4.21,0,pass,-15.0,15.0,,synthetic:R00137:high_qc:2
R00138,low_qc,quantitative,6.0,6.2171,ng/mL,3.6187,1,1,152308.4,146989.3,1.03619,4.227,0,pass,-15.0,15.0,,synthetic:R00138:low_qc:1
R00138,low_qc,quantitative,6.0,5.8217,ng/mL,-2.9718,2,2,147392.6,151907.0,0.97028,4.19,0,pass,-15.0,15.0,,synthetic:R00138:low_qc:2
R00138,mid_qc,quantitative,150.0,144.827,ng/mL,-3.4487,1,3,135776.2,140625.9,0.96551,4.18,0,pass,-15.0,15.0,,synthetic:R00138:mid_qc:1
R00138,mid_qc,quantitative,150.0,148.6503,ng/mL,-0.8998,2,4,143539.1,144842.4,0.991,4.206,0,pass,-15.0,15.0,,synthetic:R00138:mid_qc:2
R00138,high_qc,quantitative,400.0,392.743,ng/mL,-1.8143,1,5,141563.8,144179.6,0.98186,4.236,0,pass,-15.0,15.0,,synthetic:R00138:high_qc:1
R00138,high_qc,quantitative,400.0,419.0983,ng/mL,4.7746,2,6,158130.4,150924.4,1.04775,4.197,0,pass,-15.0,15.0,,synthetic:R00138:high_qc:2
R00139,low_qc,quantitative,3.0,3.1993,ng/mL,6.6445,1,1,152515.8,143013.3,1.06645,4.222,0,pass,-15.0,15.0,,synthetic:R00139:low_qc:1
R00139,low_qc,quantitative,3.0,2.9994,ng/mL,-0.0186,2,2,133019.0,133043.8,0.99981,4.224,0,pass,-15.0,15.0,,synthetic:R00139:low_qc:2
R00139,mid_qc,quantitative,30.0,29.8256,ng/mL,-0.5813,1,3,155138.2,156045.2,0.99419,4.22,0,pass,-15.0,15.0,,synthetic:R00139:mid_qc:1
R00139,mid_qc,quantitative,30.0,30.551,ng/mL,1.8367,2,4,150151.0,147442.9,1.01837,4.195,0,pass,-15.0,15.0,,synthetic:R00139:mid_qc:2
R00139,high_qc,quantitative,80.0,80.9891,ng/mL,1.2364,1,5,149394.7,147570.1,1.01236,4.228,0,pass,-15.0,15.0,,synthetic:R00139:high_qc:1
R00139,high_qc,quantitative,80.0,80.6056,ng/mL,0.757,2,6,153513.7,152360.4,1.00757,4.242,0,pass,-15.0,15.0,,synthetic:R00139:high_qc:2
R00140,low_qc,quantitative,1.5,1.4649,ng/mL,-2.3387,1,1,156033.4,159769.9,0.97661,4.215,0,pass,-15.0,15.0,,synthetic:R00140:low_qc:1
R00140,low_qc,quantitative,1.5,1.3762,ng/mL,-8.2564,2,2,131586.3,143428.2,0.91744,4.217,0,pass,-15.0,15.0,,synthetic:R00140:low_qc:2
R00140,mid_qc,quantitative,75.0,73.7903,ng/mL,-1.6129,1,3,146392.9,148792.8,0.98387,4.192,0,pass,-15.0,15.0,,synthetic:R00140:mid_qc:1
R00140,mid_qc,quantitative,75.0,74.8812,ng/mL,-0.1583,2,4,141873.6,142098.6,0.99842,4.212,0,pass,-15.0,15.0,,synthetic:R00140:mid_qc:2
R00140,high_qc,quantitative,200.0,212.2937,ng/mL,6.1469,1,5,164135.9,154630.9,1.06147,4.236,0,pass,-15.0,15.0,,synthetic:R00140:high_qc:1
R00140,high_qc,quantitative,200.0,189.5715,ng/mL,-5.2142,2,6,146250.9,154296.3,0.94786,4.206,0,pass,-15.0,15.0,,synthetic:R00140:high_qc:2
R00141,low_qc,quantitative,6.0,5.6554,ng/mL,-5.7434,1,1,129004.7,136865.4,0.94257,4.207,0,pass,-15.0,15.0,,synthetic:R00141:low_qc:1
R00141,low_qc,quantitative,6.0,5.7497,ng/mL,-4.1714,2,2,139507.5,145580.2,0.95829,4.213,0,pass,-15.0,15.0,,synthetic:R00141:low_qc:2
R00141,mid_qc,quantitative,150.0,142.6169,ng/mL,-4.9221,1,3,141327.0,148643.3,0.95078,4.209,0,pass,-15.0,15.0,,synthetic:R00141:mid_qc:1
R00141,mid_qc,quantitative,150.0,143.6582,ng/mL,-4.2279,2,4,133679.2,139580.5,0.95772,4.195,0,pass,-15.0,15.0,,synthetic:R00141:mid_qc:2
R00141,high_qc,quantitative,400.0,384.4274,ng/mL,-3.8931,1,5,141259.6,146981.8,0.96107,4.194,0,pass,-15.0,15.0,,synthetic:R00141:high_qc:1
R00141,high_qc,quantitative,400.0,386.2815,ng/mL,-3.4296,2,6,140575.9,145568.3,0.9657,4.211,0,pass,-15.0,15.0,,synthetic:R00141:high_qc:2
R00142,low_qc,quantitative,3.0,2.9156,ng/mL,-2.8144,1,1,151408.0,155792.7,0.97186,4.227,0,pass,-15.0,15.0,,synthetic:R00142:low_qc:1
R00142,low_qc,quantitative,3.0,2.8948,ng/mL,-3.5073,2,2,141721.9,146873.1,0.96493,4.216,0,pass,-15.0,15.0,,synthetic:R00142:low_qc:2
R00142,mid_qc,quantitative,30.0,30.11,ng/mL,0.3665,1,3,151643.0,151089.2,1.00367,4.213,0,pass,-15.0,15.0,,synthetic:R00142:mid_qc:1
R00142,mid_qc,quantitative,30.0,28.3952,ng/mL,-5.3492,2,4,138940.7,146793.0,0.94651,4.224,0,pass,-15.0,15.0,,synthetic:R00142:mid_qc:2
R00142,high_qc,quantitative,80.0,80.7685,ng/mL,0.9607,1,5,153056.0,151599.6,1.00961,4.204,0,pass,-15.0,15.0,,synthetic:R00142:high_qc:1
R00142,high_qc,quantitative,80.0,71.937,ng/mL,-10.0787,2,6,140386.7,156121.7,0.89921,4.19,0,pass,-15.0,15.0,,synthetic:R00142:high_qc:2
R00143,low_qc,quantitative,1.5,1.5132,ng/mL,0.8793,1,1,146018.3,144745.6,1.00879,4.214,0,pass,-15.0,15.0,,synthetic:R00143:low_qc:1
R00143,low_qc,quantitative,1.5,1.4743,ng/mL,-1.7106,2,2,145004.7,147528.3,0.98289,4.2,0,pass,-15.0,15.0,,synthetic:R00143:low_qc:2
R00143,mid_qc,quantitative,75.0,74.4831,ng/mL,-0.6891,1,3,159051.5,160155.2,0.99311,4.195,0,pass,-15.0,15.0,,synthetic:R00143:mid_qc:1
R00143,mid_qc,quantitative,75.0,72.7362,ng/mL,-3.0183,2,4,144618.9,149119.8,0.96982,4.213,0,pass,-15.0,15.0,,synthetic:R00143:mid_qc:2
R00143,high_qc,quantitative,200.0,202.5271,ng/mL,1.2635,1,5,146021.1,144199.1,1.01264,4.193,0,pass,-15.0,15.0,,synthetic:R00143:high_qc:1
R00143,high_qc,quantitative,200.0,201.1674,ng/mL,0.5837,2,6,153843.4,152950.6,1.00584,4.228,0,pass,-15.0,15.0,,synthetic:R00143:high_qc:2
R00144,low_qc,quantitative,6.0,6.0012,ng/mL,0.0206,1,1,147158.2,147127.9,1.00021,4.214,0,pass,-15.0,15.0,,synthetic:R00144:low_qc:1
R00144,low_qc,quantitative,6.0,6.3603,ng/mL,6.0048,2,2,168700.2,159144.0,1.06005,4.182,0,pass,-15.0,15.0,,synthetic:R00144:low_qc:2
R00144,mid_qc,quantitative,150.0,151.3074,ng/mL,0.8716,1,3,152386.8,151070.1,1.00872,4.219,0,pass,-15.0,15.0,,synthetic:R00144:mid_qc:1
R00144,mid_qc,quantitative,150.0,153.5171,ng/mL,2.3447,2,4,153376.6,149862.8,1.02345,4.221,0,pass,-15.0,15.0,,synthetic:R00144:mid_qc:2
R00144,high_qc,quantitative,400.0,407.5659,ng/mL,1.8915,1,5,158111.3,155176.2,1.01891,4.21,0,pass,-15.0,15.0,,synthetic:R00144:high_qc:1
R00144,high_qc,quantitative,400.0,411.2886,ng/mL,2.8222,2,6,147514.4,143465.6,1.02822,4.207,0,pass,-15.0,15.0,,synthetic:R00144:high_qc:2
R00145,low_qc,quantitative,3.0,2.8826,ng/mL,-3.9137,1,1,143873.0,149733.1,0.96086,4.206,0,pass,-15.0,15.0,,synthetic:R00145:low_qc:1
R00145,low_qc,quantitative,3.0,2.9049,ng/mL,-3.1692,2,2,142670.4,147339.9,0.96831,4.22,0,pass,-15.0,15.0,,synthetic:R00145:low_qc:2
R00145,mid_qc,quantitative,30.0,28.4632,ng/mL,-5.1226,1,3,152491.1,160724.4,0.94877,4.202,0,pass,-15.0,15.0,,synthetic:R00145:mid_qc:1
R00145,mid_qc,quantitative,30.0,28.5782,ng/mL,-4.7392,2,4,150276.2,157752.5,0.95261,4.21,0,pass,-15.0,15.0,,synthetic:R00145:mid_qc:2
R00145,high_qc,quantitative,80.0,80.7164,ng/mL,0.8955,1,5,169237.2,167735.1,1.00896,4.19,0,pass,-15.0,15.0,,synthetic:R00145:high_qc:1
R00145,high_qc,quantitative,80.0,77.7935,ng/mL,-2.7581,2,6,158493.4,162988.8,0.97242,4.223,0,pass,-15.0,15.0,,synthetic:R00145:high_qc:2
R00146,low_qc,quantitative,1.5,1.4977,ng/mL,-0.1548,1,1,145369.0,145594.3,0.99845,4.191,0,pass,-15.0,15.0,,synthetic:R00146:low_qc:1
R00146,low_qc,quantitative,1.5,1.5037,ng/mL,0.2457,2,2,137704.2,137366.7,1.00246,4.203,0,pass,-15.0,15.0,,synthetic:R00146:low_qc:2
R00146,mid_qc,quantitative,75.0,75.2681,ng/mL,0.3574,1,3,150307.7,149772.4,1.00357,4.226,0,pass,-15.0,15.0,,synthetic:R00146:mid_qc:1
R00146,mid_qc,quantitative,75.0,76.0008,ng/mL,1.3344,2,4,145403.1,143488.4,1.01334,4.193,0,pass,-15.0,15.0,,synthetic:R00146:mid_qc:2
R00146,high_qc,quantitative,200.0,196.1565,ng/mL,-1.9218,1,5,141593.1,144367.5,0.98078,4.181,0,pass,-15.0,15.0,,synthetic:R00146:high_qc:1
R00146,high_qc,quantitative,200.0,202.4403,ng/mL,1.2201,2,6,144847.6,143101.5,1.0122,4.206,0,pass,-15.0,15.0,,synthetic:R00146:high_qc:2
R00147,low_qc,quantitative,6.0,5.7782,ng/mL,-3.6968,1,1,159590.9,165717.2,0.96303,4.159,0,pass,-15.0,15.0,,synthetic:R00147:low_qc:1
R00147,low_qc,quantitative,6.0,5.937,ng/mL,-1.0496,2,2,143197.5,144716.5,0.9895,4.202,0,pass,-15.0,15.0,,synthetic:R00147:low_qc:2
R00147,mid_qc,quantitative,150.0,145.0574,ng/mL,-3.2951,1,3,146292.2,151276.9,0.96705,4.21,0,pass,-15.0,15.0,,synthetic:R00147:mid_qc:1
R00147,mid_qc,quantitative,150.0,145.4142,ng/mL,-3.0572,2,4,139889.6,144301.2,0.96943,4.182,0,pass,-15.0,15.0,,synthetic:R00147:mid_qc:2
R00147,high_qc,quantitative,400.0,402.0826,ng/mL,0.5207,1,5,145022.6,144271.4,1.00521,4.177,0,pass,-15.0,15.0,,synthetic:R00147:high_qc:1
R00147,high_qc,quantitative,400.0,375.1546,ng/mL,-6.2113,2,6,140833.8,150160.8,0.93789,4.198,0,pass,-15.0,15.0,,synthetic:R00147:high_qc:2
R00148,low_qc,quantitative,3.0,3.153,ng/mL,5.0996,1,1,159137.9,151416.2,1.051,4.211,0,pass,-15.0,15.0,,synthetic:R00148:low_qc:1
R00148,low_qc,quantitative,3.0,2.9562,ng/mL,-1.46,2,2,156453.4,158771.4,0.9854,4.183,0,pass,-15.0,15.0,,synthetic:R00148:low_qc:2
R00148,mid_qc,quantitative,30.0,30.6484,ng/mL,2.1613,1,3,154241.0,150978.0,1.02161,4.234,0,pass,-15.0,15.0,,synthetic:R00148:mid_qc:1
R00148,mid_qc,quantitative,30.0,30.8623,ng/mL,2.8744,2,4,149417.9,145243.1,1.02874,4.237,0,pass,-15.0,15.0,,synthetic:R00148:mid_qc:2
R00148,high_qc,quantitative,80.0,81.5672,ng/mL,1.959,1,5,155203.5,152221.5,1.01959,4.219,0,pass,-15.0,15.0,,synthetic:R00148:high_qc:1
R00148,high_qc,quantitative,80.0,80.6155,ng/mL,0.7693,2,6,155947.9,154757.3,1.00769,4.206,0,pass,-15.0,15.0,,synthetic:R00148:high_qc:2
R00149,low_qc,quantitative,1.5,1.4937,ng/mL,-0.418,1,1,152964.1,153606.2,0.99582,4.221,0,pass,-15.0,15.0,,synthetic:R00149:low_qc:1
R00149,low_qc,quantitative,1.5,1.475,ng/mL,-1.6694,2,2,157354.4,160025.9,0.98331,4.204,0,pass,-15.0,15.0,,synthetic:R00149:low_qc:2
R00149,mid_qc,quantitative,75.0,69.4417,ng/mL,-7.411,1,3,146245.0,157950.8,0.92589,4.223,0,pass,-15.0,15.0,,synthetic:R00149:mid_qc:1
R00149,mid_qc,quantitative,75.0,70.6314,ng/mL,-5.8248,2,4,138302.3,146856.3,0.94175,4.2,0,pass,-15.0,15.0,,synthetic:R00149:mid_qc:2
R00149,high_qc,quantitative,200.0,195.8173,ng/mL,-2.0913,1,5,137605.0,140544.2,0.97909,4.203,0,pass,-15.0,15.0,,synthetic:R00149:high_qc:1
R00149,high_qc,quantitative,200.0,205.1972,ng/mL,2.5986,2,6,147796.0,144052.6,1.02599,4.221,0,pass,-15.0,15.0,,synthetic:R00149:high_qc:2
R00150,low_qc,quantitative,6.0,6.2228,ng/mL,3.7137,1,1,157752.5,152103.9,1.03714,4.228,0,pass,-15.0,15.0,,synthetic:R00150:low_qc:1
R00150,low_qc,quantitative,6.0,6.201,ng/mL,3.3502,2,2,165450.1,160086.9,1.0335,4.221,0,pass,-15.0,15.0,,synthetic:R00150:low_qc:2
R00150,mid_qc,quantitative,150.0,147.7144,ng/mL,-1.5237,1,3,140798.4,142977.0,0.98476,4.21,0,pass,-15.0,15.0,,synthetic:R00150:mid_qc:1
R00150,mid_qc,quantitative,150.0,148.1888,ng/mL,-1.2075,2,4,144197.0,145959.4,0.98793,4.19,0,pass,-15.0,15.0,,synthetic:R00150:mid_qc:2
R00150,high_qc,quantitative,400.0,412.6845,ng/mL,3.1711,1,5,164534.3,159477.1,1.03171,4.202,0,pass,-15.0,15.0,,synthetic:R00150:high_qc:1
R00150,high_qc,quantitative,400.0,409.8278,ng/mL,2.457,2,6,158956.0,155144.2,1.02457,4.227,0,pass,-15.0,15.0,,synthetic:R00150:high_qc:2
R00151,low_qc,quantitative,3.0,3.0989,ng/mL,3.295,1,1,161166.1,156025.1,1.03295,4.199,0,pass,-15.0,15.0,,synthetic:R00151:low_qc:1
R00151,low_qc,quantitative,3.0,3.113,ng/mL,3.7655,2,2,154879.8,149259.4,1.03766,4.189,0,pass,-15.0,15.0,,synthetic:R00151:low_qc:2
R00151,mid_qc,quantitative,30.0,30.9335,ng/mL,3.1116,1,3,160256.1,155420.0,1.03112,4.226,0,pass,-15.0,15.0,,synthetic:R00151:mid_qc:1
R00151,mid_qc,quantitative,30.0,31.0077,ng/mL,3.3592,2,4,161412.7,156166.8,1.03359,4.192,0,pass,-15.0,15.0,,synthetic:R00151:mid_qc:2
R00151,high_qc,quantitative,80.0,82.1311,ng/mL,2.6639,1,5,154366.0,150360.5,1.02664,4.184,0,pass,-15.0,15.0,,synthetic:R00151:high_qc:1
R00151,high_qc,quantitative,80.0,81.3205,ng/mL,1.6507,2,6,159812.4,157217.2,1.01651,4.198,0,pass,-15.0,15.0,,synthetic:R00151:high_qc:2
R00152,low_qc,quantitative,1.5,1.4693,ng/mL,-2.0436,1,1,142832.5,145812.3,0.97956,4.191,0,pass,-15.0,15.0,,synthetic:R00152:low_qc:1
R00152,low_qc,quantitative,1.5,1.4444,ng/mL,-3.7083,2,2,139692.0,145071.7,0.96292,4.225,0,pass,-15.0,15.0,,synthetic:R00152:low_qc:2
R00152,mid_qc,quantitative,75.0,75.6236,ng/mL,0.8315,1,3,146489.2,145281.2,1.00832,4.204,0,pass,-15.0,15.0,,synthetic:R00152:mid_qc:1
R00152,mid_qc,quantitative,75.0,72.5276,ng/mL,-3.2965,2,4,141331.0,146148.8,0.96704,4.274,0,pass,-15.0,15.0,,synthetic:R00152:mid_qc:2
R00152,high_qc,quantitative,200.0,203.4421,ng/mL,1.7211,1,5,157820.2,155150.0,1.01721,4.244,0,pass,-15.0,15.0,,synthetic:R00152:high_qc:1
R00152,high_qc,quantitative,200.0,192.317,ng/mL,-3.8415,2,6,149053.0,155007.7,0.96158,4.19,0,pass,-15.0,15.0,,synthetic:R00152:high_qc:2
R00153,low_qc,quantitative,6.0,5.8724,ng/mL,-2.1262,1,1,143468.5,146585.1,0.97874,4.213,0,pass,-15.0,15.0,,synthetic:R00153:low_qc:1
R00153,low_qc,quantitative,6.0,5.9045,ng/mL,-1.5919,2,2,147135.5,149515.6,0.98408,4.211,0,pass,-15.0,15.0,,synthetic:R00153:low_qc:2
R00153,mid_qc,quantitative,150.0,150.898,ng/mL,0.5987,1,3,162631.5,161663.7,1.00599,4.231,0,pass,-15.0,15.0,,synthetic:R00153:mid_qc:1
R00153,mid_qc,quantitative,150.0,151.2058,ng/mL,0.8039,2,4,144310.1,143159.2,1.00804,4.217,0,pass,-15.0,15.0,,synthetic:R00153:mid_qc:2
R00153,high_qc,quantitative,400.0,403.5108,ng/mL,0.8777,1,5,151900.5,150578.9,1.00878,4.173,0,pass,-15.0,15.0,,synthetic:R00153:high_qc:1
R00153,high_qc,quantitative,400.0,412.5513,ng/mL,3.1378,2,6,157455.7,152665.3,1.03138,4.198,0,pass,-15.0,15.0,,synthetic:R00153:high_qc:2
R00154,low_qc,quantitative,3.0,2.9726,ng/mL,-0.9139,1,1,140781.7,142080.2,0.99086,4.179,0,pass,-15.0,15.0,,synthetic:R00154:low_qc:1
R00154,low_qc,quantitative,3.0,3.0395,ng/mL,1.3176,2,2,159756.6,157678.9,1.01318,4.226,0,pass,-15.0,15.0,,synthetic:R00154:low_qc:2
R00154,mid_qc,quantitative,30.0,28.2703,ng/mL,-5.7656,1,3,138250.6,146709.3,0.94234,4.184,0,pass,-15.0,15.0,,synthetic:R00154:mid_qc:1
R00154,mid_qc,quantitative,30.0,28.7758,ng/mL,-4.0806,2,4,146941.0,153192.2,0.95919,4.218,0,pass,-15.0,15.0,,synthetic:R00154:mid_qc:2
R00154,high_qc,quantitative,80.0,82.3402,ng/mL,2.9252,1,5,159448.2,154916.5,1.02925,4.195,0,pass,-15.0,15.0,,synthetic:R00154:high_qc:1
R00154,high_qc,quantitative,80.0,82.5729,ng/mL,3.2161,2,6,162416.9,157356.3,1.03216,4.173,0,pass,-15.0,15.0,,synthetic:R00154:high_qc:2
R00155,low_qc,quantitative,1.5,1.3882,ng/mL,-7.4531,1,1,137211.4,148261.6,0.92547,4.187,0,pass,-15.0,15.0,,synthetic:R00155:low_qc:1
R00155,low_qc,quantitative,1.5,1.5413,ng/mL,2.7518,2,2,153577.6,149464.6,1.02752,4.211,0,pass,-15.0,15.0,,synthetic:R00155:low_qc:2
R00155,mid_qc,quantitative,75.0,71.5024,ng/mL,-4.6634,1,3,140392.9,147260.3,0.95337,4.225,0,pass,-15.0,15.0,,synthetic:R00155:mid_qc:1
R00155,mid_qc,quantitative,75.0,71.6488,ng/mL,-4.4682,2,4,147940.5,154860.0,0.95532,4.249,0,pass,-15.0,15.0,,synthetic:R00155:mid_qc:2
R00155,high_qc,quantitative,200.0,187.0882,ng/mL,-6.4559,1,5,132941.4,142116.3,0.93544,4.195,0,pass,-15.0,15.0,,synthetic:R00155:high_qc:1
R00155,high_qc,quantitative,200.0,193.1056,ng/mL,-3.4472,2,6,146047.0,151261.3,0.96553,4.211,0,pass,-15.0,15.0,,synthetic:R00155:high_qc:2
R00156,low_qc,quantitative,6.0,5.997,ng/mL,-0.0504,1,1,145798.2,145871.6,0.9995,4.23,0,pass,-15.0,15.0,,synthetic:R00156:low_qc:1
R00156,low_qc,quantitative,6.0,6.0042,ng/mL,0.0707,2,2,149971.1,149865.1,1.00071,4.237,0,pass,-15.0,15.0,,synthetic:R00156:low_qc:2
R00156,mid_qc,quantitative,150.0,156.3533,ng/mL,4.2355,1,3,147200.6,141219.2,1.04236,4.2,0,pass,-15.0,15.0,,synthetic:R00156:mid_qc:1
R00156,mid_qc,quantitative,150.0,151.697,ng/mL,1.1313,2,4,155472.9,153733.7,1.01131,4.198,0,pass,-15.0,15.0,,synthetic:R00156:mid_qc:2
R00156,high_qc,quantitative,400.0,421.1298,ng/mL,5.2825,1,5,158772.5,150806.2,1.05282,4.176,0,pass,-15.0,15.0,,synthetic:R00156:high_qc:1
R00156,high_qc,quantitative,400.0,396.5067,ng/mL,-0.8733,2,6,158795.0,160194.0,0.99127,4.198,0,pass,-15.0,15.0,,synthetic:R00156:high_qc:2
R00157,low_qc,quantitative,3.0,3.0765,ng/mL,2.5489,1,1,151647.0,147877.6,1.02549,4.21,0,pass,-15.0,15.0,,synthetic:R00157:low_qc:1
R00157,low_qc,quantitative,3.0,2.9191,ng/mL,-2.6977,2,2,148144.5,152251.8,0.97302,4.197,0,pass,-15.0,15.0,,synthetic:R00157:low_qc:2
R00157,mid_qc,quantitative,30.0,30.3533,ng/mL,1.1778,1,3,156749.6,154924.9,1.01178,4.204,0,pass,-15.0,15.0,,synthetic:R00157:mid_qc:1
R00157,mid_qc,quantitative,30.0,29.0546,ng/mL,-3.1515,2,4,137292.2,141759.8,0.96849,4.194,0,pass,-15.0,15.0,,synthetic:R00157:mid_qc:2
R00157,high_qc,quantitative,80.0,77.2897,ng/mL,-3.3878,1,5,146408.5,151542.5,0.96612,4.205,0,pass,-15.0,15.0,,synthetic:R00157:high_qc:1
R00157,high_qc,quantitative,80.0,78.4813,ng/mL,-1.8983,2,6,149126.4,152012.1,0.98102,4.222,0,pass,-15.0,15.0,,synthetic:R00157:high_qc:2
R00158,low_qc,quantitative,1.5,1.4436,ng/mL,-3.7625,1,1,150401.8,156281.9,0.96238,4.211,0,pass,-15.0,15.0,,synthetic:R00158:low_qc:1
R00158,low_qc,quantitative,1.5,1.459,ng/mL,-2.7313,2,2,143477.1,147506.0,0.97269,4.217,0,pass,-15.0,15.0,,synthetic:R00158:low_qc:2
R00158,mid_qc,quantitative,75.0,74.8281,ng/mL,-0.2292,1,3,147787.2,148126.8,0.99771,4.226,0,pass,-15.0,15.0,,synthetic:R00158:mid_qc:1
R00158,mid_qc,quantitative,75.0,74.0581,ng/mL,-1.2559,2,4,141927.0,143732.2,0.98744,4.219,0,pass,-15.0,15.0,,synthetic:R00158:mid_qc:2
R00158,high_qc,quantitative,200.0,200.7252,ng/mL,0.3626,1,5,154942.7,154382.9,1.00363,4.227,0,pass,-15.0,15.0,,synthetic:R00158:high_qc:1
R00158,high_qc,quantitative,200.0,200.6232,ng/mL,0.3116,2,6,151355.9,150885.8,1.00312,4.2,0,pass,-15.0,15.0,,synthetic:R00158:high_qc:2
R00159,low_qc,quantitative,6.0,6.4344,ng/mL,7.2394,1,1,159210.6,148462.7,1.07239,4.215,0,pass,-15.0,15.0,,synthetic:R00159:low_qc:1
R00159,low_qc,quantitative,6.0,5.8774,ng/mL,-2.044,2,2,157315.4,160598.1,0.97956,4.215,0,pass,-15.0,15.0,,synthetic:R00159:low_qc:2
R00159,mid_qc,quantitative,150.0,155.3286,ng/mL,3.5524,1,3,159888.1,154403.1,1.03552,4.195,0,pass,-15.0,15.0,,synthetic:R00159:mid_qc:1
R00159,mid_qc,quantitative,150.0,146.3148,ng/mL,-2.4568,2,4,144680.3,148324.3,0.97543,4.222,0,pass,-15.0,15.0,,synthetic:R00159:mid_qc:2
R00159,high_qc,quantitative,400.0,430.5101,ng/mL,7.6275,1,5,168214.6,156293.3,1.07628,4.226,0,pass,-15.0,15.0,,synthetic:R00159:high_qc:1
R00159,high_qc,quantitative,400.0,402.8025,ng/mL,0.7006,2,6,146393.9,145375.4,1.00701,4.222,0,pass,-15.0,15.0,,synthetic:R00159:high_qc:2
R00160,low_qc,quantitative,3.0,3.0852,ng/mL,2.84,1,1,155384.9,151093.8,1.0284,4.184,0,pass,-15.0,15.0,,synthetic:R00160:low_qc:1
R00160,low_qc,quantitative,3.0,3.172,ng/mL,5.7328,2,2,154570.8,146190.0,1.05733,4.192,0,pass,-15.0,15.0,,synthetic:R00160:low_qc:2
R00160,mid_qc,quantitative,30.0,29.7327,ng/mL,-0.891,1,3,153089.2,154465.5,0.99109,4.211,0,pass,-15.0,15.0,,synthetic:R00160:mid_qc:1
R00160,mid_qc,quantitative,30.0,29.8057,ng/mL,-0.6476,2,4,140119.9,141033.3,0.99352,4.191,0,pass,-15.0,15.0,,synthetic:R00160:mid_qc:2
R00160,high_qc,quantitative,80.0,79.5386,ng/mL,-0.5767,1,5,142958.7,143788.0,0.99423,4.213,0,pass,-15.0,15.0,,synthetic:R00160:high_qc:1
R00160,high_qc,quantitative,80.0,78.251,ng/mL,-2.1862,2,6,151483.8,154869.6,0.97814,4.215,0,pass,-15.0,15.0,,synthetic:R00160:high_qc:2
R00161,low_qc,quantitative,1.5,1.4855,ng/mL,-0.9641,1,1,148840.6,150289.7,0.99036,4.198,0,pass,-15.0,15.0,,synthetic:R00161:low_qc:1
R00161,low_qc,quantitative,1.5,1.5396,ng/mL,2.6372,2,2,145206.5,141475.4,1.02637,4.193,0,pass,-15.0,15.0,,synthetic:R00161:low_qc:2
R00161,mid_qc,quantitative,75.0,77.4409,ng/mL,3.2545,1,3,149411.4,144702.1,1.03255,4.206,0,pass,-15.0,15.0,,synthetic:R00161:mid_qc:1
R00161,mid_qc,quantitative,75.0,77.1832,ng/mL,2.911,2,4,161363.2,156798.9,1.02911,4.178,0,pass,-15.0,15.0,,synthetic:R00161:mid_qc:2
R00161,high_qc,quantitative,200.0,198.1978,ng/mL,-0.9011,1,5,153027.5,154419.0,0.99099,4.166,0,pass,-15.0,15.0,,synthetic:R00161:high_qc:1
R00161,high_qc,quantitative,200.0,200.4102,ng/mL,0.2051,2,6,145908.2,145609.6,1.00205,4.24,0,pass,-15.0,15.0,,synthetic:R00161:high_qc:2
R00162,low_qc,quantitative,6.0,5.6328,ng/mL,-6.1204,1,1,142262.1,151536.7,0.9388,4.26,0,pass,-15.0,15.0,,synthetic:R00162:low_qc:1
R00162,low_qc,quantitative,6.0,5.9311,ng/mL,-1.1489,2,2,148641.9,150369.6,0.98851,4.184,0,pass,-15.0,15.0,,synthetic:R00162:low_qc:2
R00162,mid_qc,quantitative,150.0,154.6986,ng/mL,3.1324,1,3,155776.9,151045.6,1.03132,4.226,0,pass,-15.0,15.0,,synthetic:R00162:mid_qc:1
R00162,mid_qc,quantitative,150.0,151.6275,ng/mL,1.085,2,4,149740.7,148133.4,1.01085,4.21,0,pass,-15.0,15.0,,synthetic:R00162:mid_qc:2
R00162,high_qc,quantitative,400.0,377.1986,ng/mL,-5.7004,1,5,143132.9,151785.2,0.943,4.187,0,pass,-15.0,15.0,,synthetic:R00162:high_qc:1
R00162,high_qc,quantitative,400.0,400.383,ng/mL,0.0958,2,6,151441.2,151296.4,1.00096,4.182,0,pass,-15.0,15.0,,synthetic:R00162:high_qc:2
R00163,low_qc,quantitative,3.0,2.8822,ng/mL,-3.926,1,1,142934.4,148775.3,0.96074,4.22,0,pass,-15.0,15.0,,synthetic:R00163:low_qc:1
R00163,low_qc,quantitative,3.0,3.075,ng/mL,2.501,2,2,150287.4,146620.4,1.02501,4.2,0,pass,-15.0,15.0,,synthetic:R00163:low_qc:2
R00163,mid_qc,quantitative,30.0,30.0241,ng/mL,0.0805,1,3,150315.4,150194.6,1.0008,4.205,0,pass,-15.0,15.0,,synthetic:R00163:mid_qc:1
R00163,mid_qc,quantitative,30.0,29.7958,ng/mL,-0.6807,2,4,149605.3,150630.7,0.99319,4.187,0,pass,-15.0,15.0,,synthetic:R00163:mid_qc:2
R00163,high_qc,quantitative,80.0,77.7948,ng/mL,-2.7565,1,5,153910.2,158272.9,0.97244,4.22,0,pass,-15.0,15.0,,synthetic:R00163:high_qc:1
R00163,high_qc,quantitative,80.0,80.9162,ng/mL,1.1453,2,6,147802.1,146128.6,1.01145,4.208,0,pass,-15.0,15.0,,synthetic:R00163:high_qc:2
R00164,low_qc,quantitative,1.5,1.4203,ng/mL,-5.3113,1,1,149475.5,157859.9,0.94689,4.257,0,pass,-15.0,15.0,,synthetic:R00164:low_qc:1
R00164,low_qc,quantitative,1.5,1.377,ng/mL,-8.2017,2,2,131911.3,143696.9,0.91798,4.197,0,pass,-15.0,15.0,,synthetic:R00164:low_qc:2
R00164,mid_qc,quantitative,75.0,71.0513,ng/mL,-5.2649,1,3,127899.4,135007.5,0.94735,4.227,0,pass,-15.0,15.0,,synthetic:R00164:mid_qc:1
R00164,mid_qc,quantitative,75.0,73.3508,ng/mL,-2.199,2,4,142640.5,145847.7,0.97801,4.249,0,pass,-15.0,15.0,,synthetic:R00164:mid_qc:2
R00164,high_qc,quantitative,200.0,190.8197,ng/mL,-4.5902,1,5,142679.1,149543.4,0.9541,4.22,0,pass,-15.0,15.0,,synthetic:R00164:high_qc:1
R00164,high_qc,quantitative,200.0,190.9286,ng/mL,-4.5357,2,6,138603.7,145189.0,0.95464,4.259,0,pass,-15.0,15.0,,synthetic:R00164:high_qc:2
R00165,low_qc,quantitative,6.0,6.1077,ng/mL,1.7952,1,1,148260.8,145646.2,1.01795,4.23,0,pass,-15.0,15.0,,synthetic:R00165:low_qc:1
R00165,low_qc,quantitative,6.0,5.7264,ng/mL,-4.5601,2,2,134228.1,140641.6,0.9544,4.194,0,pass,-15.0,15.0,,synthetic:R00165:low_qc:2
R00165,mid_qc,quantitative,150.0,149.7644,ng/mL,-0.157,1,3,159097.5,159347.7,0.99843,4.192,0,pass,-15.0,15.0,,synthetic:R00165:mid_qc:1
R00165,mid_qc,quantitative,150.0,147.2771,ng/mL,-1.8153,2,4,153924.8,156770.6,0.98185,4.206,0,pass,-15.0,15.0,,synthetic:R00165:mid_qc:2
R00165,high_qc,quantitative,400.0,393.9726,ng/mL,-1.5069,1,5,141741.9,143910.5,0.98493,4.234,0,pass,-15.0,15.0,,synthetic:R00165:high_qc:1
R00165,high_qc,quantitative,400.0,385.8867,ng/mL,-3.5283,2,6,154528.4,160180.1,0.96472,4.237,0,pass,-15.0,15.0,,synthetic:R00165:high_qc:2
R00166,low_qc,quantitative,3.0,2.8812,ng/mL,-3.9583,1,1,137804.9,143484.5,0.96042,4.207,0,pass,-15.0,15.0,,synthetic:R00166:low_qc:1
R00166,low_qc,quantitative,3.0,3.1893,ng/mL,6.3109,2,2,160887.0,151336.3,1.06311,4.219,0,pass,-15.0,15.0,,synthetic:R00166:low_qc:2
R00166,mid_qc,quantitative,30.0,28.7557,ng/mL,-4.1475,1,3,145709.1,152013.9,0.95852,4.202,0,pass,-15.0,15.0,,synthetic:R00166:mid_qc:1
R00166,mid_qc,quantitative,30.0,29.4765,ng/mL,-1.745,2,4,144521.3,147088.1,0.98255,4.25,0,pass,-15.0,15.0,,synthetic:R00166:mid_qc:2
R00166,high_qc,quantitative,80.0,75.542,ng/mL,-5.5725,1,5,142908.4,151341.8,0.94428,4.242,0,pass,-15.0,15.0,,synthetic:R00166:high_qc:1
R00166,high_qc,quantitative,80.0,79.6709,ng/mL,-0.4114,2,6,149801.8,150420.6,0.99589,4.191,0,pass,-15.0,15.0,,synthetic:R00166:high_qc:2
R00167,low_qc,quantitative,1.5,1.5211,ng/mL,1.4055,1,1,168202.4,165871.0,1.01406,4.186,0,pass,-15.0,15.0,,synthetic:R00167:low_qc:1
R00167,low_qc,quantitative,1.5,1.5245,ng/mL,1.6305,2,2,148510.4,146127.7,1.01631,4.191,0,pass,-15.0,15.0,,synthetic:R00167:low_qc:2
R00167,mid_qc,quantitative,75.0,78.3403,ng/mL,4.4537,1,3,160024.5,153201.4,1.04454,4.218,0,pass,-15.0,15.0,,synthetic:R00167:mid_qc:1
R00167,mid_qc,quantitative,75.0,72.8779,ng/mL,-2.8294,2,4,140735.4,144833.4,0.97171,4.23,0,pass,-15.0,15.0,,synthetic:R00167:mid_qc:2
R00167,high_qc,quantitative,200.0,198.2848,ng/mL,-0.8576,1,5,150245.5,151545.1,0.99142,4.171,0,pass,-15.0,15.0,,synthetic:R00167:high_qc:1
R00167,high_qc,quantitative,200.0,203.3531,ng/mL,1.6766,2,6,151745.1,149242.9,1.01677,4.218,0,pass,-15.0,15.0,,synthetic:R00167:high_qc:2
R00168,low_qc,quantitative,6.0,5.9059,ng/mL,-1.5678,1,1,142315.7,144582.5,0.98432,4.226,0,pass,-15.0,15.0,,synthetic:R00168:low_qc:1
R00168,low_qc,quantitative,6.0,5.6821,ng/mL,-5.2991,2,2,144294.2,152368.4,0.94701,4.198,0,pass,-15.0,15.0,,synthetic:R00168:low_qc:2
R00168,mid_qc,quantitative,150.0,151.9648,ng/mL,1.3099,1,3,154810.6,152809.0,1.0131,4.181,0,pass,-15.0,15.0,,synthetic:R00168:mid_qc:1
R00168,mid_qc,quantitative,150.0,143.5542,ng/mL,-4.2972,2,4,143288.0,149721.8,0.95703,4.187,0,pass,-15.0,15.0,,synthetic:R00168:mid_qc:2
R00168,high_qc,quantitative,400.0,374.6419,ng/mL,-6.3395,1,5,135166.7,144315.6,0.9366,4.232,0,pass,-15.0,15.0,,synthetic:R00168:high_qc:1
R00168,high_qc,quantitative,400.0,392.7943,ng/mL,-1.8014,2,6,143919.6,146559.8,0.98199,4.218,0,pass,-15.0,15.0,,synthetic:R00168:high_qc:2
R00169,low_qc,quantitative,3.0,3.1043,ng/mL,3.4767,1,1,135400.9,130851.5,1.03477,4.197,0,pass,-15.0,15.0,,synthetic:R00169:low_qc:1
R00169,low_qc,quantitative,3.0,3.0333,ng/mL,1.111,2,2,156388.1,154669.7,1.01111,4.215,0,pass,-15.0,15.0,,synthetic:R00169:low_qc:2
R00169,mid_qc,quantitative,30.0,30.9656,ng/mL,3.2188,1,3,156791.0,151901.7,1.03219,4.195,0,pass,-15.0,15.0,,synthetic:R00169:mid_qc:1
R00169,mid_qc,quantitative,30.0,30.6357,ng/mL,2.1189,2,4,152268.7,149109.2,1.02119,4.223,0,pass,-15.0,15.0,,synthetic:R00169:mid_qc:2
R00169,high_qc,quantitative,80.0,80.8938,ng/mL,1.1172,1,5,159944.9,158177.7,1.01117,4.207,0,pass,-15.0,15.0,,synthetic:R00169:high_qc:1
R00169,high_qc,quantitative,80.0,80.472,ng/mL,0.59,2,6,155320.8,154409.7,1.0059,4.217,0,pass,-15.0,15.0,,synthetic:R00169:high_qc:2
R00170,low_qc,quantitative,1.5,1.403,ng/mL,-6.4652,1,1,138627.0,148209.0,0.93535,4.193,0,pass,-15.0,15.0,,synthetic:R00170:low_qc:1
R00170,low_qc,quantitative,1.5,1.5378,ng/mL,2.5174,2,2,155498.5,151680.1,1.02517,4.189,0,pass,-15.0,15.0,,synthetic:R00170:low_qc:2
R00170,mid_qc,quantitative,75.0,73.1725,ng/mL,-2.4367,1,3,147478.4,151161.8,0.97563,4.223,0,pass,-15.0,15.0,,synthetic:R00170:mid_qc:1
R00170,mid_qc,quantitative,75.0,72.4004,ng/mL,-3.4661,2,4,146533.8,151795.3,0.96534,4.218,0,pass,-15.0,15.0,,synthetic:R00170:mid_qc:2
R00170,high_qc,quantitative,200.0,194.8673,ng/mL,-2.5664,1,5,145836.9,149678.2,0.97434,4.236,0,pass,-15.0,15.0,,synthetic:R00170:high_qc:1
R00170,high_qc,quantitative,200.0,191.951,ng/mL,-4.0245,2,6,145906.9,152025.2,0.95975,4.269,0,pass,-15.0,15.0,,synthetic:R00170:high_qc:2
R00171,low_qc,quantitative,6.0,5.5521,ng/mL,-7.4648,1,1,138943.4,150151.8,0.92535,4.234,0,pass,-15.0,15.0,,synthetic:R00171:low_qc:1
R00171,low_qc,quantitative,6.0,5.9578,ng/mL,-0.7032,2,2,138199.3,139178.0,0.99297,4.226,0,pass,-15.0,15.0,,synthetic:R00171:low_qc:2
R00171,mid_qc,quantitative,150.0,138.8494,ng/mL,-7.4337,1,3,129887.1,140318.0,0.92566,4.221,0,pass,-15.0,15.0,,synthetic:R00171:mid_qc:1
R00171,mid_qc,quantitative,150.0,149.6705,ng/mL,-0.2197,2,4,149158.2,149486.6,0.9978,4.204,0,pass,-15.0,15.0,,synthetic:R00171:mid_qc:2
R00171,high_qc,quantitative,400.0,362.5979,ng/mL,-9.3505,1,5,143561.5,158369.9,0.90649,4.204,0,pass,-15.0,15.0,,synthetic:R00171:high_qc:1
R00171,high_qc,quantitative,400.0,398.5375,ng/mL,-0.3656,2,6,150768.5,151321.8,0.99634,4.188,0,pass,-15.0,15.0,,synthetic:R00171:high_qc:2
R00172,low_qc,quantitative,3.0,3.1087,ng/mL,3.6218,1,1,149371.6,144150.7,1.03622,4.208,0,pass,-15.0,15.0,,synthetic:R00172:low_qc:1
R00172,low_qc,quantitative,3.0,3.1549,ng/mL,5.1638,2,2,152666.1,145169.8,1.05164,4.171,0,pass,-15.0,15.0,,synthetic:R00172:low_qc:2
R00172,mid_qc,quantitative,30.0,29.3253,ng/mL,-2.249,1,3,141995.0,145262.0,0.97751,4.221,0,pass,-15.0,15.0,,synthetic:R00172:mid_qc:1
R00172,mid_qc,quantitative,30.0,36.0096,ng/mL,20.0321,2,4,180704.7,150547.0,1.20032,4.212,0,fail,-15.0,15.0,,synthetic:R00172:mid_qc:2
R00172,high_qc,quantitative,80.0,82.8504,ng/mL,3.563,1,5,159561.7,154072.1,1.03563,4.221,0,pass,-15.0,15.0,,synthetic:R00172:high_qc:1
R00172,high_qc,quantitative,80.0,78.2203,ng/mL,-2.2246,2,6,142495.9,145738.0,0.97775,4.206,0,pass,-15.0,15.0,,synthetic:R00172:high_qc:2
R00173,low_qc,quantitative,1.5,1.4715,ng/mL,-1.9021,1,1,136667.3,139317.2,0.98098,4.214,0,pass,-15.0,15.0,,synthetic:R00173:low_qc:1
R00173,low_qc,quantitative,1.5,1.5402,ng/mL,2.6768,2,2,153735.7,149727.8,1.02677,4.191,0,pass,-15.0,15.0,,synthetic:R00173:low_qc:2
R00173,mid_qc,quantitative,75.0,76.9667,ng/mL,2.6222,1,3,159121.8,155055.8,1.02622,4.202,0,pass,-15.0,15.0,,synthetic:R00173:mid_qc:1
R00173,mid_qc,quantitative,75.0,71.5897,ng/mL,-4.5471,2,4,140866.9,147577.4,0.95453,4.206,0,pass,-15.0,15.0,,synthetic:R00173:mid_qc:2
R00173,high_qc,quantitative,200.0,187.5254,ng/mL,-6.2373,1,5,135608.2,144629.1,0.93763,4.258,0,pass,-15.0,15.0,,synthetic:R00173:high_qc:1
R00173,high_qc,quantitative,200.0,197.8367,ng/mL,-1.0816,2,6,151468.6,153124.9,0.98918,4.217,0,pass,-15.0,15.0,,synthetic:R00173:high_qc:2
R00174,low_qc,quantitative,6.0,5.7637,ng/mL,-3.9382,1,1,145585.4,151553.9,0.96062,4.185,0,pass,-15.0,15.0,,synthetic:R00174:low_qc:1
R00174,low_qc,quantitative,6.0,5.6082,ng/mL,-6.5306,2,2,144999.4,155130.4,0.93469,4.225,0,pass,-15.0,15.0,,synthetic:R00174:low_qc:2
R00174,mid_qc,quantitative,150.0,137.8538,ng/mL,-8.0974,1,3,136231.1,148234.3,0.91903,4.198,0,pass,-15.0,15.0,,synthetic:R00174:mid_qc:1
R00174,mid_qc,quantitative,150.0,154.2318,ng/mL,2.8212,2,4,146931.5,142899.9,1.02821,4.229,0,pass,-15.0,15.0,,synthetic:R00174:mid_qc:2
R00174,high_qc,quantitative,400.0,419.6123,ng/mL,4.9031,1,5,145743.6,138931.7,1.04903,4.248,0,pass,-15.0,15.0,,synthetic:R00174:high_qc:1
R00174,high_qc,quantitative,400.0,400.5358,ng/mL,0.1339,2,6,159419.4,159206.2,1.00134,4.189,0,pass,-15.0,15.0,,synthetic:R00174:high_qc:2
R00175,low_qc,quantitative,3.0,3.0234,ng/mL,0.7802,1,1,162847.3,161586.6,1.0078,4.181,0,pass,-15.0,15.0,,synthetic:R00175:low_qc:1
R00175,low_qc,quantitative,3.0,2.7419,ng/mL,-8.6031,2,2,133660.6,146241.9,0.91397,4.223,0,pass,-15.0,15.0,,synthetic:R00175:low_qc:2
R00175,mid_qc,quantitative,30.0,29.2694,ng/mL,-2.4352,1,3,143316.1,146893.3,0.97565,4.202,0,pass,-15.0,15.0,,synthetic:R00175:mid_qc:1
R00175,mid_qc,quantitative,30.0,29.142,ng/mL,-2.8599,2,4,138177.9,142245.9,0.9714,4.211,0,pass,-15.0,15.0,,synthetic:R00175:mid_qc:2
R00175,high_qc,quantitative,80.0,80.6319,ng/mL,0.7899,1,5,145261.2,144122.8,1.0079,4.241,0,pass,-15.0,15.0,,synthetic:R00175:high_qc:1
R00175,high_qc,quantitative,80.0,80.9039,ng/mL,1.1298,2,6,145650.5,144023.3,1.0113,4.195,0,pass,-15.0,15.0,,synthetic:R00175:high_qc:2
R00176,low_qc,quantitative,1.5,1.5641,ng/mL,4.2708,1,1,154135.1,147821.9,1.04271,4.174,0,pass,-15.0,15.0,,synthetic:R00176:low_qc:1
R00176,low_qc,quantitative,1.5,1.5137,ng/mL,0.9166,2,2,145257.0,143937.7,1.00917,4.169,0,pass,-15.0,15.0,,synthetic:R00176:low_qc:2
R00176,mid_qc,quantitative,75.0,76.1519,ng/mL,1.5359,1,3,148177.3,145935.9,1.01536,4.214,0,pass,-15.0,15.0,,synthetic:R00176:mid_qc:1
R00176,mid_qc,quantitative,75.0,74.1907,ng/mL,-1.0791,2,4,155991.4,157693.1,0.98921,4.24,0,pass,-15.0,15.0,,synthetic:R00176:mid_qc:2
R00176,high_qc,quantitative,200.0,199.902,ng/mL,-0.049,1,5,149235.5,149308.7,0.99951,4.227,0,pass,-15.0,15.0,,synthetic:R00176:high_qc:1
R00176,high_qc,quantitative,200.0,188.8925,ng/mL,-5.5537,2,6,133371.5,141214.1,0.94446,4.204,0,pass,-15.0,15.0,,synthetic:R00176:high_qc:2
R00177,low_qc,quantitative,6.0,5.6312,ng/mL,-6.147,1,1,136234.8,145157.7,0.93853,4.235,0,pass,-15.0,15.0,,synthetic:R00177:low_qc:1
R00177,low_qc,quantitative,6.0,5.8538,ng/mL,-2.4365,2,2,139602.6,143088.9,0.97564,4.191,0,pass,-15.0,15.0,,synthetic:R00177:low_qc:2
R00177,mid_qc,quantitative,150.0,150.6136,ng/mL,0.4091,1,3,154358.7,153729.9,1.00409,4.216,0,pass,-15.0,15.0,,synthetic:R00177:mid_qc:1
R00177,mid_qc,quantitative,150.0,151.7144,ng/mL,1.1429,2,4,148304.8,146628.9,1.01143,4.268,0,pass,-15.0,15.0,,synthetic:R00177:mid_qc:2
R00177,high_qc,quantitative,400.0,402.0184,ng/mL,0.5046,1,5,157143.1,156354.1,1.00505,4.191,0,pass,-15.0,15.0,,synthetic:R00177:high_qc:1
R00177,high_qc,quantitative,400.0,410.9352,ng/mL,2.7338,2,6,154931.8,150809.0,1.02734,4.206,0,pass,-15.0,15.0,,synthetic:R00177:high_qc:2
R00178,low_qc,quantitative,3.0,3.0166,ng/mL,0.5536,1,1,139573.2,138804.7,1.00554,4.215,0,pass,-15.0,15.0,,synthetic:R00178:low_qc:1
R00178,low_qc,quantitative,3.0,3.0225,ng/mL,0.7488,2,2,152237.8,151106.3,1.00749,4.198,0,pass,-15.0,15.0,,synthetic:R00178:low_qc:2
R00178,mid_qc,quantitative,30.0,31.8838,ng/mL,6.2795,1,3,159815.4,150372.7,1.06279,4.214,0,pass,-15.0,15.0,,synthetic:R00178:mid_qc:1
R00178,mid_qc,quantitative,30.0,28.9351,ng/mL,-3.5498,2,4,147279.7,152700.3,0.9645,4.229,0,pass,-15.0,15.0,,synthetic:R00178:mid_qc:2
R00178,high_qc,quantitative,80.0,78.9089,ng/mL,-1.3639,1,5,141487.8,143444.3,0.98636,4.191,0,pass,-15.0,15.0,,synthetic:R00178:high_qc:1
R00178,high_qc,quantitative,80.0,79.6127,ng/mL,-0.4841,2,6,148180.5,148901.3,0.99516,4.213,0,pass,-15.0,15.0,,synthetic:R00178:high_qc:2
R00179,low_qc,quantitative,1.5,1.4873,ng/mL,-0.846,1,1,144363.6,145595.3,0.99154,4.216,0,pass,-15.0,15.0,,synthetic:R00179:low_qc:1
R00179,low_qc,quantitative,1.5,1.5725,ng/mL,4.8313,2,2,164352.3,156777.8,1.04831,4.201,0,pass,-15.0,15.0,,synthetic:R00179:low_qc:2
R00179,mid_qc,quantitative,75.0,73.4432,ng/mL,-2.0757,1,3,150419.4,153607.9,0.97924,4.206,0,pass,-15.0,15.0,,synthetic:R00179:mid_qc:1
R00179,mid_qc,quantitative,75.0,75.8187,ng/mL,1.0916,2,4,151410.1,149775.2,1.01092,4.229,0,pass,-15.0,15.0,,synthetic:R00179:mid_qc:2
R00179,high_qc,quantitative,200.0,201.3515,ng/mL,0.6757,1,5,160102.5,159027.9,1.00676,4.199,0,pass,-15.0,15.0,,synthetic:R00179:high_qc:1
R00179,high_qc,quantitative,200.0,207.9081,ng/mL,3.9541,2,6,163411.5,157195.9,1.03954,4.214,0,pass,-15.0,15.0,,synthetic:R00179:high_qc:2
R00180,low_qc,quantitative,6.0,5.9918,ng/mL,-0.136,1,1,153848.9,154058.4,0.99864,4.184,0,pass,-15.0,15.0,,synthetic:R00180:low_qc:1
R00180,low_qc,quantitative,6.0,5.4226,ng/mL,-9.6235,2,2,137198.5,151807.7,0.90376,4.21,0,pass,-15.0,15.0,,synthetic:R00180:low_qc:2
R00180,mid_qc,quantitative,150.0,146.452,ng/mL,-2.3653,1,3,146034.9,149572.8,0.97635,4.203,0,pass,-15.0,15.0,,synthetic:R00180:mid_qc:1
R00180,mid_qc,quantitative,150.0,149.5733,ng/mL,-0.2845,2,4,146045.0,146461.6,0.99716,4.226,0,pass,-15.0,15.0,,synthetic:R00180:mid_qc:2
R00180,high_qc,quantitative,400.0,381.279,ng/mL,-4.6802,1,5,140529.4,147429.4,0.9532,4.208,0,pass,-15.0,15.0,,synthetic:R00180:high_qc:1
R00180,high_qc,quantitative,400.0,359.6337,ng/mL,-10.0916,2,6,134488.7,149584.1,0.89908,4.209,0,pass,-15.0,15.0,,synthetic:R00180:high_qc:2
R00181,low_qc,quantitative,3.0,3.0156,ng/mL,0.5208,1,1,158801.2,157978.3,1.00521,4.21,0,pass,-15.0,15.0,,synthetic:R00181:low_qc:1
R00181,low_qc,quantitative,3.0,3.0663,ng/mL,2.2087,2,2,142358.8,139282.5,1.02209,4.232,0,pass,-15.0,15.0,,synthetic:R00181:low_qc:2
R00181,mid_qc,quantitative,30.0,31.586,ng/mL,5.2865,1,3,165550.9,157238.5,1.05287,4.198,0,pass,-15.0,15.0,,synthetic:R00181:mid_qc:1
R00181,mid_qc,quantitative,30.0,29.7655,ng/mL,-0.7817,2,4,154218.4,155433.5,0.99218,4.228,0,pass,-15.0,15.0,,synthetic:R00181:mid_qc:2
R00181,high_qc,quantitative,80.0,84.4564,ng/mL,5.5706,1,5,152691.2,144634.2,1.05571,4.165,0,pass,-15.0,15.0,,synthetic:R00181:high_qc:1
R00181,high_qc,quantitative,80.0,82.2975,ng/mL,2.8719,2,6,158752.8,154320.8,1.02872,4.178,0,pass,-15.0,15.0,,synthetic:R00181:high_qc:2
R00182,low_qc,quantitative,1.5,1.4361,ng/mL,-4.2568,1,1,138575.4,144736.5,0.95743,4.2,0,pass,-15.0,15.0,,synthetic:R00182:low_qc:1
R00182,low_qc,quantitative,1.5,1.4949,ng/mL,-0.3367,2,2,140646.5,141121.6,0.99663,4.22,0,pass,-15.0,15.0,,synthetic:R00182:low_qc:2
R00182,mid_qc,quantitative,75.0,70.7529,ng/mL,-5.6628,1,3,132951.2,140931.8,0.94337,4.193,0,pass,-15.0,15.0,,synthetic:R00182:mid_qc:1
R00182,mid_qc,quantitative,75.0,73.3889,ng/mL,-2.1482,2,4,148878.6,152147.0,0.97852,4.24,0,pass,-15.0,15.0,,synthetic:R00182:mid_qc:2
R00182,high_qc,quantitative,200.0,202.0996,ng/mL,1.0498,1,5,145707.8,144194.1,1.0105,4.219,0,pass,-15.0,15.0,,synthetic:R00182:high_qc:1
R00182,high_qc,quantitative,200.0,203.0367,ng/mL,1.5184,2,6,148965.4,146737.4,1.01518,4.168,0,pass,-15.0,15.0,,synthetic:R00182:high_qc:2
R00183,low_qc,quantitative,6.0,7.1009,ng/mL,18.3482,1,1,178354.0,150702.8,1.18348,4.228,0,fail,-15.0,15.0,,synthetic:R00183:low_qc:1
R00183,low_qc,quantitative,6.0,5.7786,ng/mL,-3.6902,2,2,134269.1,139413.7,0.9631,4.248,0,pass,-15.0,15.0,,synthetic:R00183:low_qc:2
R00183,mid_qc,quantitative,150.0,157.125,ng/mL,4.75,1,3,160544.7,153264.7,1.0475,4.266,0,pass,-15.0,15.0,,synthetic:R00183:mid_qc:1
R00183,mid_qc,quantitative,150.0,152.4857,ng/mL,1.6571,2,4,153295.4,150796.5,1.01657,4.168,0,pass,-15.0,15.0,,synthetic:R00183:mid_qc:2
R00183,high_qc,quantitative,400.0,400.3533,ng/mL,0.0883,1,5,155810.0,155672.5,1.00088,4.212,0,pass,-15.0,15.0,,synthetic:R00183:high_qc:1
R00183,high_qc,quantitative,400.0,394.2419,ng/mL,-1.4395,2,6,149016.4,151192.9,0.9856,4.191,0,pass,-15.0,15.0,,synthetic:R00183:high_qc:2
R00184,low_qc,quantitative,3.0,3.01,ng/mL,0.3333,1,1,154417.1,153904.1,1.00333,4.202,0,pass,-15.0,15.0,,synthetic:R00184:low_qc:1
R00184,low_qc,quantitative,3.0,2.9182,ng/mL,-2.7263,2,2,144791.2,148849.2,0.97274,4.206,0,pass,-15.0,15.0,,synthetic:R00184:low_qc:2
R00184,mid_qc,quantitative,30.0,29.8534,ng/mL,-0.4885,1,3,152005.8,152752.0,0.99511,4.236,0,pass,-15.0,15.0,,synthetic:R00184:mid_qc:1
R00184,mid_qc,quantitative,30.0,28.1145,ng/mL,-6.285,2,4,129632.1,138326.0,0.93715,4.222,0,pass,-15.0,15.0,,synthetic:R00184:mid_qc:2
R00184,high_qc,quantitative,80.0,84.7577,ng/mL,5.9472,1,5,146730.6,138494.2,1.05947,4.224,0,pass,-15.0,15.0,,synthetic:R00184:high_qc:1
R00184,high_qc,quantitative,80.0,76.4099,ng/mL,-4.4876,2,6,159748.1,167253.8,0.95512,4.219,0,pass,-15.0,15.0,,synthetic:R00184:high_qc:2
R00185,low_qc,quantitative,1.5,1.4298,ng/mL,-4.6824,1,1,143343.3,150385.0,0.95318,4.191,0,pass,-15.0,15.0,,synthetic:R00185:low_qc:1
R00185,low_qc,quantitative,1.5,1.4903,ng/mL,-0.6437,2,2,147854.4,148812.3,0.99356,4.23,0,pass,-15.0,15.0,,synthetic:R00185:low_qc:2
R00185,mid_qc,quantitative,75.0,75.8441,ng/mL,1.1255,1,3,147854.7,146209.0,1.01126,4.212,0,pass,-15.0,15.0,,synthetic:R00185:mid_qc:1
R00185,mid_qc,quantitative,75.0,71.9838,ng/mL,-4.0217,2,4,132701.9,138262.3,0.95978,4.223,0,pass,-15.0,15.0,,synthetic:R00185:mid_qc:2
R00185,high_qc,quantitative,200.0,209.9584,ng/mL,4.9792,1,5,148611.9,141563.1,1.04979,4.208,0,pass,-15.0,15.0,,synthetic:R00185:high_qc:1
R00185,high_qc,quantitative,200.0,198.9148,ng/mL,-0.5426,2,6,147420.0,148224.2,0.99457,4.2,0,pass,-15.0,15.0,,synthetic:R00185:high_qc:2
R00186,low_qc,quantitative,6.0,6.3642,ng/mL,6.0701,1,1,155725.9,146814.2,1.0607,4.201,0,pass,-15.0,15.0,,synthetic:R00186:low_qc:1
R00186,low_qc,quantitative,6.0,6.2639,ng/mL,4.3989,2,2,161729.4,154914.9,1.04399,4.202,0,pass,-15.0,15.0,,synthetic:R00186:low_qc:2
R00186,mid_qc,quantitative,150.0,166.6893,ng/mL,11.1262,1,3,174621.4,157137.9,1.11126,4.229,0,pass,-15.0,15.0,,synthetic:R00186:mid_qc:1
R00186,mid_qc,quantitative,150.0,164.3478,ng/mL,9.5652,2,4,157860.2,144078.8,1.09565,4.197,0,pass,-15.0,15.0,,synthetic:R00186:mid_qc:2
R00186,high_qc,quantitative,400.0,426.8073,ng/mL,6.7018,1,5,161852.7,151686.9,1.06702,4.23,0,pass,-15.0,15.0,,synthetic:R00186:high_qc:1
R00186,high_qc,quantitative,400.0,392.0359,ng/mL,-1.991,2,6,148277.6,151289.9,0.98009,4.199,0,pass,-15.0,15.0,,synthetic:R00186:high_qc:2
R00187,low_qc,quantitative,3.0,2.9771,ng/mL,-0.7639,1,1,154392.6,155581.1,0.99236,4.202,0,pass,-15.0,15.0,,synthetic:R00187:low_qc:1
R00187,low_qc,quantitative,3.0,2.966,ng/mL,-1.1331,2,2,140428.3,142037.7,0.98867,4.208,0,pass,-15.0,15.0,,synthetic:R00187:low_qc:2
R00187,mid_qc,quantitative,30.0,28.6662,ng/mL,-4.446,1,3,147782.8,154658.9,0.95554,4.221,0,pass,-15.0,15.0,,synthetic:R00187:mid_qc:1
R00187,mid_qc,quantitative,30.0,31.4246,ng/mL,4.7485,2,4,151636.5,144762.5,1.04749,4.198,0,pass,-15.0,15.0,,synthetic:R00187:mid_qc:2
R00187,high_qc,quantitative,80.0,80.6873,ng/mL,0.8591,1,5,169944.8,168497.2,1.00859,4.187,0,pass,-15.0,15.0,,synthetic:R00187:high_qc:1
R00187,high_qc,quantitative,80.0,79.4916,ng/mL,-0.6355,2,6,148432.5,149381.8,0.99364,4.237,0,pass,-15.0,15.0,,synthetic:R00187:high_qc:2
R00188,low_qc,quantitative,1.5,1.5346,ng/mL,2.3066,1,1,157793.6,154235.9,1.02307,4.196,0,pass,-15.0,15.0,,synthetic:R00188:low_qc:1
R00188,low_qc,quantitative,1.5,1.552,ng/mL,3.4637,2,2,155668.6,150457.3,1.03464,4.211,0,pass,-15.0,15.0,,synthetic:R00188:low_qc:2
R00188,mid_qc,quantitative,75.0,79.6818,ng/mL,6.2424,1,3,161329.8,151850.7,1.06242,4.201,0,pass,-15.0,15.0,,synthetic:R00188:mid_qc:1
R00188,mid_qc,quantitative,75.0,78.2661,ng/mL,4.3548,2,4,161542.4,154801.0,1.04355,4.206,0,pass,-15.0,15.0,,synthetic:R00188:mid_qc:2
R00188,high_qc,quantitative,200.0,205.1898,ng/mL,2.5949,1,5,163111.8,158986.2,1.02595,4.181,0,pass,-15.0,15.0,,synthetic:R00188:high_qc:1
R00188,high_qc,quantitative,200.0,218.5615,ng/mL,9.2807,2,6,155097.2,141925.5,1.09281,4.227,0,pass,-15.0,15.0,,synthetic:R00188:high_qc:2
R00189,low_qc,quantitative,6.0,6.5344,ng/mL,8.9066,1,1,152431.0,139964.9,1.08907,4.217,0,pass,-15.0,15.0,,synthetic:R00189:low_qc:1
R00189,low_qc,quantitative,6.0,6.4602,ng/mL,7.6701,2,2,165534.4,153742.3,1.0767,4.194,0,pass,-15.0,15.0,,synthetic:R00189:low_qc:2
R00189,mid_qc,quantitative,150.0,158.5598,ng/mL,5.7065,1,3,153888.6,145581.0,1.05707,4.191,0,pass,-15.0,15.0,,synthetic:R00189:mid_qc:1
R00189,mid_qc,quantitative,150.0,156.666,ng/mL,4.444,2,4,161875.4,154987.8,1.04444,4.203,0,pass,-15.0,15.0,,synthetic:R00189:mid_qc:2
R00189,high_qc,quantitative,400.0,415.6129,ng/mL,3.9032,1,5,157390.8,151478.2,1.03903,4.224,0,pass,-15.0,15.0,,synthetic:R00189:high_qc:1
R00189,high_qc,quantitative,400.0,436.1159,ng/mL,9.029,2,6,171653.5,157438.4,1.09029,4.217,0,pass,-15.0,15.0,,synthetic:R00189:high_qc:2
R00190,low_qc,quantitative,3.0,3.1477,ng/mL,4.9229,1,1,159464.4,151982.5,1.04923,4.184,0,pass,-15.0,15.0,,synthetic:R00190:low_qc:1
R00190,low_qc,quantitative,3.0,3.2823,ng/mL,9.4103,2,2,174624.2,159604.9,1.0941,4.198,0,pass,-15.0,15.0,,synthetic:R00190:low_qc:2
R00190,mid_qc,quantitative,30.0,29.1558,ng/mL,-2.8139,1,3,154405.1,158875.7,0.97186,4.166,0,pass,-15.0,15.0,,synthetic:R00190:mid_qc:1
R00190,mid_qc,quantitative,30.0,29.8672,ng/mL,-0.4428,2,4,154394.5,155081.3,0.99557,4.209,0,pass,-15.0,15.0,,synthetic:R00190:mid_qc:2
R00190,high_qc,quantitative,80.0,84.1691,ng/mL,5.2114,1,5,163216.0,155131.4,1.05211,4.238,0,pass,-15.0,15.0,,synthetic:R00190:high_qc:1
R00190,high_qc,quantitative,80.0,79.7233,ng/mL,-0.3458,2,6,152717.6,153247.6,0.99654,4.2,0,pass,-15.0,15.0,,synthetic:R00190:high_qc:2
R00191,low_qc,quantitative,1.5,1.5151,ng/mL,1.0046,1,1,151682.9,150174.2,1.01005,4.214,0,pass,-15.0,15.0,,synthetic:R00191:low_qc:1
R00191,low_qc,quantitative,1.5,1.4834,ng/mL,-1.1035,2,2,143295.9,144894.8,0.98896,4.208,0,pass,-15.0,15.0,,synthetic:R00191:low_qc:2
R00191,mid_qc,quantitative,75.0,68.7718,ng/mL,-8.3042,1,3,143368.8,156352.7,0.91696,4.19,0,pass,-15.0,15.0,,synthetic:R00191:mid_qc:1
R00191,mid_qc,quantitative,75.0,73.7248,ng/mL,-1.7003,2,4,143030.4,145504.4,0.983,4.22,0,pass,-15.0,15.0,,synthetic:R00191:mid_qc:2
R00191,high_qc,quantitative,200.0,194.667,ng/mL,-2.6665,1,5,149609.8,153708.4,0.97334,4.211,0,pass,-15.0,15.0,,synthetic:R00191:high_qc:1
R00191,high_qc,quantitative,200.0,191.7248,ng/mL,-4.1376,2,6,133648.1,139416.6,0.95862,4.219,0,pass,-15.0,15.0,,synthetic:R00191:high_qc:2
R00192,low_qc,quantitative,6.0,6.9894,ng/mL,16.4901,1,1,170111.1,146030.5,1.1649,4.221,0,fail,-15.0,15.0,,synthetic:R00192:low_qc:1
R00192,low_qc,quantitative,6.0,6.3054,ng/mL,5.0907,2,2,158876.8,151180.6,1.05091,4.174,0,pass,-15.0,15.0,,synthetic:R00192:low_qc:2
R00192,mid_qc,quantitative,150.0,163.6399,ng/mL,9.0933,1,3,183663.2,168354.3,1.09093,4.249,0,pass,-15.0,15.0,,synthetic:R00192:mid_qc:1
R00192,mid_qc,quantitative,150.0,168.9061,ng/mL,12.6041,2,4,160329.7,142383.6,1.12604,4.162,0,pass,-15.0,15.0,,synthetic:R00192:mid_qc:2
R00192,high_qc,quantitative,400.0,423.1945,ng/mL,5.7986,1,5,144013.0,136119.9,1.05799,4.23,0,pass,-15.0,15.0,,synthetic:R00192:high_qc:1
R00192,high_qc,quantitative,400.0,439.3407,ng/mL,9.8352,2,6,155494.5,141570.8,1.09835,4.232,0,pass,-15.0,15.0,,synthetic:R00192:high_qc:2
R00193,low_qc,quantitative,3.0,3.0499,ng/mL,1.6649,1,1,161974.7,159322.2,1.01665,4.277,0,pass,-15.0,15.0,,synthetic:R00193:low_qc:1
R00193,low_qc,quantitative,3.0,3.4339,ng/mL,14.4639,2,2,173426.7,151512.1,1.14464,4.186,0,pass,-15.0,15.0,,synthetic:R00193:low_qc:2
R00193,mid_qc,quantitative,30.0,29.8513,ng/mL,-0.4955,1,3,145866.0,146592.4,0.99504,4.203,0,pass,-15.0,15.0,,synthetic:R00193:mid_qc:1
R00193,mid_qc,quantitative,30.0,29.9266,ng/mL,-0.2445,2,4,146019.9,146377.9,0.99755,4.216,0,pass,-15.0,15.0,,synthetic:R00193:mid_qc:2
R00193,high_qc,quantitative,80.0,81.0184,ng/mL,1.273,1,5,150030.3,148144.4,1.01273,4.194,0,pass,-15.0,15.0,,synthetic:R00193:high_qc:1
R00193,high_qc,quantitative,80.0,72.9452,ng/mL,-8.8185,2,6,147953.5,162262.7,0.91181,4.185,0,pass,-15.0,15.0,,synthetic:R00193:high_qc:2
R00194,low_qc,quantitative,1.5,1.4364,ng/mL,-4.241,1,1,146467.0,152953.8,0.95759,4.211,0,pass,-15.0,15.0,,synthetic:R00194:low_qc:1
R00194,low_qc,quantitative,1.5,1.5302,ng/mL,2.0118,2,2,156663.0,153573.5,1.02012,4.221,0,pass,-15.0,15.0,,synthetic:R00194:low_qc:2
R00194,mid_qc,quantitative,75.0,71.1702,ng/mL,-5.1065,1,3,141953.7,149592.6,0.94894,4.198,0,pass,-15.0,15.0,,synthetic:R00194:mid_qc:1
R00194,mid_qc,quantitative,75.0,69.0262,ng/mL,-7.9651,2,4,133322.1,144860.4,0.92035,4.182,0,pass,-15.0,15.0,,synthetic:R00194:mid_qc:2
R00194,high_qc,quantitative,200.0,193.1082,ng/mL,-3.4459,1,5,144339.1,149490.4,0.96554,4.228,0,pass,-15.0,15.0,,synthetic:R00194:high_qc:1
R00194,high_qc,quantitative,200.0,209.0394,ng/mL,4.5197,2,6,152905.2,146293.2,1.0452,4.225,0,pass,-15.0,15.0,,synthetic:R00194:high_qc:2
R00195,low_qc,quantitative,6.0,6.4007,ng/mL,6.6783,1,1,154719.7,145033.9,1.06678,4.179,0,pass,-15.0,15.0,,synthetic:R00195:low_qc:1
R00195,low_qc,quantitative,6.0,6.5561,ng/mL,9.2686,2,2,175804.6,160892.2,1.09269,4.227,0,pass,-15.0,15.0,,synthetic:R00195:low_qc:2
R00195,mid_qc,quantitative,150.0,160.4191,ng/mL,6.946,1,3,161029.5,150570.8,1.06946,4.229,0,pass,-15.0,15.0,,synthetic:R00195:mid_qc:1
R00195,mid_qc,quantitative,150.0,164.767,ng/mL,9.8447,2,4,170821.6,155511.9,1.09845,4.172,0,pass,-15.0,15.0,,synthetic:R00195:mid_qc:2
R00195,high_qc,quantitative,400.0,524.5828,ng/mL,31.1457,1,5,200052.2,152542.0,1.31146,4.188,0,fail,-15.0,15.0,,synthetic:R00195:high_qc:1
R00195,high_qc,quantitative,400.0,426.8739,ng/mL,6.7185,2,6,167509.2,156963.7,1.06718,4.209,0,pass,-15.0,15.0,,synthetic:R00195:high_qc:2
R00196,low_qc,quantitative,3.0,3.0629,ng/mL,2.0979,1,1,157366.0,154132.5,1.02098,4.19,0,pass,-15.0,15.0,,synthetic:R00196:low_qc:1
R00196,low_qc,quantitative,3.0,2.9612,ng/mL,-1.2929,2,2,138423.2,140236.3,0.98707,4.191,0,pass,-15.0,15.0,,synthetic:R00196:low_qc:2
R00196,mid_qc,quantitative,30.0,28.7743,ng/mL,-4.0855,1,3,153223.1,159749.7,0.95914,4.216,0,pass,-15.0,15.0,,synthetic:R00196:mid_qc:1
R00196,mid_qc,quantitative,30.0,29.5678,ng/mL,-1.4407,2,4,141616.4,143686.4,0.98559,4.2,0,pass,-15.0,15.0,,synthetic:R00196:mid_qc:2
R00196,high_qc,quantitative,80.0,81.8174,ng/mL,2.2717,1,5,142981.4,139805.4,1.02272,4.204,0,pass,-15.0,15.0,,synthetic:R00196:high_qc:1
R00196,high_qc,quantitative,80.0,80.3467,ng/mL,0.4333,2,6,143293.9,142675.6,1.00433,4.193,0,pass,-15.0,15.0,,synthetic:R00196:high_qc:2
R00197,low_qc,quantitative,1.5,1.5287,ng/mL,1.9155,1,1,149956.1,147137.6,1.01916,4.204,0,pass,-15.0,15.0,,synthetic:R00197:low_qc:1
R00197,low_qc,quantitative,1.5,1.5106,ng/mL,0.7052,2,2,150796.8,149740.8,1.00705,4.212,0,pass,-15.0,15.0,,synthetic:R00197:low_qc:2
R00197,mid_qc,quantitative,75.0,75.331,ng/mL,0.4414,1,3,147539.8,146891.4,1.00441,4.232,0,pass,-15.0,15.0,,synthetic:R00197:mid_qc:1
R00197,mid_qc,quantitative,75.0,75.9102,ng/mL,1.2136,2,4,153780.2,151936.3,1.01214,4.209,0,pass,-15.0,15.0,,synthetic:R00197:mid_qc:2
R00197,high_qc,quantitative,200.0,199.0494,ng/mL,-0.4753,1,5,150325.0,151042.9,0.99525,4.182,0,pass,-15.0,15.0,,synthetic:R00197:high_qc:1
R00197,high_qc,quantitative,200.0,198.3935,ng/mL,-0.8032,2,6,150541.1,151760.0,0.99197,4.243,0,pass,-15.0,15.0,,synthetic:R00197:high_qc:2
R00198,low_qc,quantitative,6.0,6.688,ng/mL,11.4661,1,1,175385.0,157343.9,1.11466,4.214,0,pass,-15.0,15.0,,synthetic:R00198:low_qc:1
R00198,low_qc,quantitative,6.0,6.2002,ng/mL,3.3361,2,2,161516.9,156302.6,1.03336,4.174,0,pass,-15.0,15.0,,synthetic:R00198:low_qc:2
R00198,mid_qc,quantitative,150.0,161.5583,ng/mL,7.7055,1,3,171606.6,159329.5,1.07706,4.213,0,pass,-15.0,15.0,,synthetic:R00198:mid_qc:1
R00198,mid_qc,quantitative,150.0,160.4899,ng/mL,6.9933,2,4,169211.0,158151.0,1.06993,4.204,0,pass,-15.0,15.0,,synthetic:R00198:mid_qc:2
R00198,high_qc,quantitative,400.0,444.1161,ng/mL,11.029,1,5,173347.8,156128.3,1.11029,4.223,0,pass,-15.0,15.0,,synthetic:R00198:high_qc:1
R00198,high_qc,quantitative,400.0,407.1882,ng/mL,1.7971,2,6,150809.3,148147.0,1.01797,4.22,0,pass,-15.0,15.0,,synthetic:R00198:high_qc:2
R00199,low_qc,quantitative,3.0,3.1168,ng/mL,3.8932,1,1,164685.6,158514.3,1.03893,4.254,0,pass,-15.0,15.0,,synthetic:R00199:low_qc:1
R00199,low_qc,quantitative,3.0,3.0251,ng/mL,0.8356,2,2,148678.3,147446.2,1.00836,4.22,0,pass,-15.0,15.0,,synthetic:R00199:low_qc:2
R00199,mid_qc,quantitative,30.0,31.3114,ng/mL,4.3714,1,3,165441.4,158512.2,1.04371,4.24,0,pass,-15.0,15.0,,synthetic:R00199:mid_qc:1
R00199,mid_qc,quantitative,30.0,32.3098,ng/mL,7.6995,2,4,169098.3,157009.4,1.07699,4.189,0,pass,-15.0,15.0,,synthetic:R00199:mid_qc:2
R00199,high_qc,quantitative,80.0,83.7766,ng/mL,4.7208,1,5,159472.6,152283.6,1.04721,4.222,0,pass,-15.0,15.0,,synthetic:R00199:high_qc:1
R00199,high_qc,quantitative,80.0,81.3721,ng/mL,1.7151,2,6,154597.7,151990.9,1.01715,4.218,0,pass,-15.0,15.0,,synthetic:R00199:high_qc:2
R00200,low_qc,quantitative,1.5,1.3608,ng/mL,-9.2792,1,1,130014.7,143312.9,0.90721,4.227,0,pass,-15.0,15.0,,synthetic:R00200:low_qc:1
R00200,low_qc,quantitative,1.5,1.4715,ng/mL,-1.8983,2,2,141267.5,144001.1,0.98102,4.179,0,pass,-15.0,15.0,,synthetic:R00200:low_qc:2
R00200,mid_qc,quantitative,75.0,68.9166,ng/mL,-8.1113,1,3,146400.2,159323.3,0.91889,4.207,0,pass,-15.0,15.0,,synthetic:R00200:mid_qc:1
R00200,mid_qc,quantitative,75.0,66.9435,ng/mL,-10.742,2,4,134205.5,150356.7,0.89258,4.232,0,pass,-15.0,15.0,,synthetic:R00200:mid_qc:2
R00200,high_qc,quantitative,200.0,178.1884,ng/mL,-10.9058,1,5,128022.2,143693.2,0.89094,4.208,0,pass,-15.0,15.0,,synthetic:R00200:high_qc:1
R00200,high_qc,quantitative,200.0,190.9034,ng/mL,-4.5483,2,6,142014.9,148781.9,0.95452,4.192,0,pass,-15.0,15.0,,synthetic:R00200:high_qc:2
R00201,low_qc,quantitative,6.0,6.5201,ng/mL,8.6685,1,1,167890.7,154498.0,1.08669,4.239,0,pass,-15.0,15.0,,synthetic:R00201:low_qc:1
R00201,low_qc,quantitative,6.0,6.263,ng/mL,4.3833,2,2,169913.4,162778.4,1.04383,4.227,0,pass,-15.0,15.0,,synthetic:R00201:low_qc:2
R00201,mid_qc,quantitative,150.0,158.4676,ng/mL,5.6451,1,3,158109.7,149661.2,1.05645,4.218,0,pass,-15.0,15.0,,synthetic:R00201:mid_qc:1
R00201,mid_qc,quantitative,150.0,150.3197,ng/mL,0.2131,2,4,141928.5,141626.6,1.00213,4.225,0,pass,-15.0,15.0,,synthetic:R00201:mid_qc:2
R00201,high_qc,quantitative,400.0,440.4437,ng/mL,10.1109,1,5,167845.2,152432.9,1.10111,4.217,0,pass,-15.0,15.0,,synthetic:R00201:high_qc:1
R00201,high_qc,quantitative,400.0,442.6929,ng/mL,10.6732,2,6,168750.1,152476.0,1.10673,4.218,0,pass,-15.0,15.0,,synthetic:R00201:high_qc:2
R00202,low_qc,quantitative,3.0,2.8964,ng/mL,-3.4537,1,1,143868.5,149015.1,0.96546,4.25,0,pass,-15.0,15.0,,synthetic:R00202:low_qc:1
R00202,low_qc,quantitative,3.0,2.9017,ng/mL,-3.2753,2,2,134873.1,139440.1,0.96725,4.214,0,pass,-15.0,15.0,,synthetic:R00202:low_qc:2
R00202,mid_qc,quantitative,30.0,30.5955,ng/mL,1.9851,1,3,154676.0,151665.2,1.01985,4.192,0,pass,-15.0,15.0,,synthetic:R00202:mid_qc:1
R00202,mid_qc,quantitative,30.0,28.4652,ng/mL,-5.116,2,4,137075.7,144466.6,0.94884,4.215,0,pass,-15.0,15.0,,synthetic:R00202:mid_qc:2
R00202,high_qc,quantitative,80.0,78.9213,ng/mL,-1.3484,1,5,145849.4,147842.9,0.98652,4.205,0,pass,-15.0,15.0,,synthetic:R00202:high_qc:1
R00202,high_qc,quantitative,80.0,79.2036,ng/mL,-0.9954,2,6,149796.7,151302.8,0.99005,4.192,0,pass,-15.0,15.0,,synthetic:R00202:high_qc:2
R00203,low_qc,quantitative,1.5,1.4955,ng/mL,-0.3008,1,1,150717.3,151172.0,0.99699,4.187,0,pass,-15.0,15.0,,synthetic:R00203:low_qc:1
R00203,low_qc,quantitative,1.5,1.5315,ng/mL,2.1015,2,2,164273.8,160892.6,1.02102,4.228,0,pass,-15.0,15.0,,synthetic:R00203:low_qc:2
R00203,mid_qc,quantitative,75.0,74.3328,ng/mL,-0.8895,1,3,147635.1,148960.2,0.9911,4.209,0,pass,-15.0,15.0,,synthetic:R00203:mid_qc:1
R00203,mid_qc,quantitative,75.0,73.0558,ng/mL,-2.5922,2,4,143238.0,147049.9,0.97408,4.238,0,pass,-15.0,15.0,,synthetic:R00203:mid_qc:2
R00203,high_qc,quantitative,200.0,199.9479,ng/mL,-0.0261,1,5,147571.5,147610.0,0.99974,4.224,0,pass,-15.0,15.0,,synthetic:R00203:high_qc:1
R00203,high_qc,quantitative,200.0,197.2047,ng/mL,-1.3977,2,6,148395.2,150498.7,0.98602,4.206,0,pass,-15.0,15.0,,synthetic:R00203:high_qc:2
R00204,low_qc,quantitative,6.0,6.555,ng/mL,9.2495,1,1,164605.0,150668.8,1.0925,4.226,0,pass,-15.0,15.0,,synthetic:R00204:low_qc:1
R00204,low_qc,quantitative,6.0,6.1935,ng/mL,3.2245,2,2,150093.5,145405.0,1.03224,4.178,0,pass,-15.0,15.0,,synthetic:R00204:low_qc:2
R00204,mid_qc,quantitative,150.0,161.3946,ng/mL,7.5964,1,3,166015.6,154294.7,1.07596,4.179,0,pass,-15.0,15.0,,synthetic:R00204:mid_qc:1
R00204,mid_qc,quantitative,150.0,159.2785,ng/mL,6.1857,2,4,141715.9,133460.4,1.06186,4.246,0,pass,-15.0,15.0,,synthetic:R00204:mid_qc:2
R00204,high_qc,quantitative,400.0,426.7289,ng/mL,6.6822,1,5,165207.3,154859.2,1.06682,4.247,0,pass,-15.0,15.0,,synthetic:R00204:high_qc:1
R00204,high_qc,quantitative,400.0,415.106,ng/mL,3.7765,2,6,159177.8,153385.2,1.03777,4.232,0,pass,-15.0,15.0,,synthetic:R00204:high_qc:2
R00205,low_qc,quantitative,3.0,2.8762,ng/mL,-4.1263,1,1,144784.7,151016.2,0.95874,4.22,0,pass,-15.0,15.0,,synthetic:R00205:low_qc:1
R00205,low_qc,quantitative,3.0,2.8323,ng/mL,-5.5886,2,2,143500.2,151994.6,0.94411,4.246,0,pass,-15.0,15.0,,synthetic:R00205:low_qc:2
R00205,mid_qc,quantitative,30.0,30.1293,ng/mL,0.4308,1,3,152280.2,151627.0,1.00431,4.188,0,pass,-15.0,15.0,,synthetic:R00205:mid_qc:1
R00205,mid_qc,quantitative,30.0,30.2073,ng/mL,0.6911,2,4,155306.2,154240.3,1.00691,4.193,0,pass,-15.0,15.0,,synthetic:R00205:mid_qc:2
R00205,high_qc,quantitative,80.0,80.6568,ng/mL,0.821,1,5,148640.7,147430.3,1.00821,4.198,0,pass,-15.0,15.0,,synthetic:R00205:high_qc:1
R00205,high_qc,quantitative,80.0,78.1089,ng/mL,-2.3639,2,6,138625.2,141981.4,0.97636,4.236,0,pass,-15.0,15.0,,synthetic:R00205:high_qc:2
R00206,low_qc,quantitative,1.5,1.4359,ng/mL,-4.2732,1,1,147897.5,154499.6,0.95727,4.218,0,pass,-15.0,15.0,,synthetic:R00206:low_qc:1
R00206,low_qc,quantitative,1.5,1.446,ng/mL,-3.602,2,2,138437.2,143610.1,0.96398,4.205,0,pass,-15.0,15.0,,synthetic:R00206:low_qc:2
R00206,mid_qc,quantitative,75.0,75.8713,ng/mL,1.1617,1,3,154294.1,152522.3,1.01162,4.218,0,pass,-15.0,15.0,,synthetic:R00206:mid_qc:1
R00206,mid_qc,quantitative,75.0,73.4002,ng/mL,-2.1331,2,4,138408.1,141424.8,0.97867,4.252,0,pass,-15.0,15.0,,synthetic:R00206:mid_qc:2
R00206,high_qc,quantitative,200.0,198.5264,ng/mL,-0.7368,1,5,139082.4,140114.8,0.99263,4.227,0,pass,-15.0,15.0,,synthetic:R00206:high_qc:1
R00206,high_qc,quantitative,200.0,198.3098,ng/mL,-0.8451,2,6,144951.6,146187.0,0.99155,4.207,0,pass,-15.0,15.0,,synthetic:R00206:high_qc:2
R00207,low_qc,quantitative,6.0,6.2305,ng/mL,3.8412,1,1,141325.4,136097.7,1.03841,4.199,0,pass,-15.0,15.0,,synthetic:R00207:low_qc:1
R00207,low_qc,quantitative,6.0,6.3474,ng/mL,5.7905,2,2,159814.4,151066.9,1.0579,4.217,0,pass,-15.0,15.0,,synthetic:R00207:low_qc:2
R00207,mid_qc,quantitative,150.0,160.1655,ng/mL,6.777,1,3,152130.0,142474.5,1.06777,4.207,0,pass,-15.0,15.0,,synthetic:R00207:mid_qc:1
R00207,mid_qc,quantitative,150.0,156.1121,ng/mL,4.0747,2,4,163882.4,157466.1,1.04075,4.156,0,pass,-15.0,15.0,,synthetic:R00207:mid_qc:2
R00207,high_qc,quantitative,400.0,520.3002,ng/mL,30.0751,1,5,193562.2,148808.0,1.30075,4.257,0,fail,-15.0,15.0,,synthetic:R00207:high_qc:1
R00207,high_qc,quantitative,400.0,408.3444,ng/mL,2.0861,2,6,158621.1,155379.7,1.02086,4.238,0,pass,-15.0,15.0,,synthetic:R00207:high_qc:2
R00208,low_qc,quantitative,3.0,3.1067,ng/mL,3.5557,1,1,155692.3,150346.4,1.03556,4.192,0,pass,-15.0,15.0,,synthetic:R00208:low_qc:1
R00208,low_qc,quantitative,3.0,2.8596,ng/mL,-4.6816,2,2,135811.4,142481.8,0.95318,4.189,0,pass,-15.0,15.0,,synthetic:R00208:low_qc:2
R00208,mid_qc,quantitative,30.0,30.0708,ng/mL,0.2358,1,3,146891.9,146546.3,1.00236,4.209,0,pass,-15.0,15.0,,synthetic:R00208:mid_qc:1
R00208,mid_qc,quantitative,30.0,31.0189,ng/mL,3.3962,2,4,153333.9,148297.4,1.03396,4.251,0,pass,-15.0,15.0,,synthetic:R00208:mid_qc:2
R00208,high_qc,quantitative,80.0,79.1323,ng/mL,-1.0846,1,5,151926.1,153591.9,0.98915,4.232,0,pass,-15.0,15.0,,synthetic:R00208:high_qc:1
R00208,high_qc,quantitative,80.0,82.8996,ng/mL,3.6245,2,6,167467.6,161610.1,1.03624,4.206,0,pass,-15.0,15.0,,synthetic:R00208:high_qc:2
R00209,low_qc,quantitative,1.5,1.4072,ng/mL,-6.1874,1,1,133958.7,142793.9,0.93813,4.18,0,pass,-15.0,15.0,,synthetic:R00209:low_qc:1
R00209,low_qc,quantitative,1.5,1.3832,ng/mL,-7.7883,2,2,124187.5,134676.6,0.92212,4.203,0,pass,-15.0,15.0,,synthetic:R00209:low_qc:2
R00209,mid_qc,quantitative,75.0,70.2202,ng/mL,-6.3731,1,3,139512.2,149008.7,0.93627,4.21,0,pass,-15.0,15.0,,synthetic:R00209:mid_qc:1
R00209,mid_qc,quantitative,75.0,73.1829,ng/mL,-2.4228,2,4,145108.8,148711.8,0.97577,4.203,0,pass,-15.0,15.0,,synthetic:R00209:mid_qc:2
R00209,high_qc,quantitative,200.0,181.7838,ng/mL,-9.1081,1,5,129993.6,143020.1,0.90892,4.206,0,pass,-15.0,15.0,,synthetic:R00209:high_qc:1
R00209,high_qc,quantitative,200.0,188.7939,ng/mL,-5.6031,2,6,133657.9,141591.3,0.94397,4.237,0,pass,-15.0,15.0,,synthetic:R00209:high_qc:2
R00210,low_qc,quantitative,6.0,6.3593,ng/mL,5.9881,1,1,158602.0,149641.3,1.05988,4.244,0,pass,-15.0,15.0,,synthetic:R00210:low_qc:1
R00210,low_qc,quantitative,6.0,6.5429,ng/mL,9.049,2,2,162836.0,149323.6,1.09049,4.178,0,pass,-15.0,15.0,,synthetic:R00210:low_qc:2
R00210,mid_qc,quantitative,150.0,129.0541,ng/mL,-13.9639,1,3,121067.6,140717.2,0.86036,4.223,0,pass,-15.0,15.0,,synthetic:R00210:mid_qc:1
R00210,mid_qc,quantitative,150.0,147.1583,ng/mL,-1.8945,2,4,142587.3,145340.7,0.98106,4.187,0,pass,-15.0,15.0,,synthetic:R00210:mid_qc:2
R00210,high_qc,quantitative,400.0,403.0631,ng/mL,0.7658,1,5,152507.8,151348.8,1.00766,4.215,0,pass,-15.0,15.0,,synthetic:R00210:high_qc:1
R00210,high_qc,quantitative,400.0,413.1816,ng/mL,3.2954,2,6,149698.9,144923.1,1.03295,4.231,0,pass,-15.0,15.0,,synthetic:R00210:high_qc:2
R00211,low_qc,quantitative,3.0,2.8949,ng/mL,-3.5038,1,1,129535.8,134239.2,0.96496,4.19,0,pass,-15.0,15.0,,synthetic:R00211:low_qc:1
R00211,low_qc,quantitative,3.0,2.8567,ng/mL,-4.7759,2,2,135782.0,142592.1,0.95224,4.204,0,pass,-15.0,15.0,,synthetic:R00211:low_qc:2
R00211,mid_qc,quantitative,30.0,28.3307,ng/mL,-5.5643,1,3,134436.0,142357.2,0.94436,4.255,0,pass,-15.0,15.0,,synthetic:R00211:mid_qc:1
R00211,mid_qc,quantitative,30.0,30.3337,ng/mL,1.1124,2,4,158400.4,156657.8,1.01112,4.224,0,pass,-15.0,15.0,,synthetic:R00211:mid_qc:2
R00211,high_qc,quantitative,80.0,74.2594,ng/mL,-7.1758,1,5,140907.7,151800.6,0.92824,4.197,0,pass,-15.0,15.0,,synthetic:R00211:high_qc:1
R00211,high_qc,quantitative,80.0,76.6829,ng/mL,-4.1464,2,6,145637.9,151937.9,0.95854,4.223,0,pass,-15.0,15.0,,synthetic:R00211:high_qc:2
R00212,low_qc,quantitative,1.5,1.5273,ng/mL,1.8197,1,1,149588.4,146915.0,1.0182,4.219,0,pass,-15.0,15.0,,synthetic:R00212:low_qc:1
R00212,low_qc,quantitative,1.5,1.4412,ng/mL,-3.9197,2,2,136280.2,141839.9,0.9608,4.245,0,pass,-15.0,15.0,,synthetic:R00212:low_qc:2
R00212,mid_qc,quantitative,75.0,75.8216,ng/mL,1.0955,1,3,153118.5,151459.3,1.01096,4.176,0,pass,-15.0,15.0,,synthetic:R00212:mid_qc:1
R00212,mid_qc,quantitative,75.0,76.9827,ng/mL,2.6436,2,4,155683.0,151673.3,1.02644,4.233,0,pass,-15.0,15.0,,synthetic:R00212:mid_qc:2
R00212,high_qc,quantitative,200.0,197.4579,ng/mL,-1.2711,1,5,143497.2,145344.6,0.98729,4.186,0,pass,-15.0,15.0,,synthetic:R00212:high_qc:1
R00212,high_qc,quantitative,200.0,210.274,ng/mL,5.137,2,6,151132.8,143748.4,1.05137,4.213,0,pass,-15.0,15.0,,synthetic:R00212:high_qc:2
R00213,low_qc,quantitative,6.0,6.626,ng/mL,10.4327,1,1,170187.3,154109.5,1.10433,4.2,0,pass,-15.0,15.0,,synthetic:R00213:low_qc:1
R00213,low_qc,quantitative,6.0,6.348,ng/mL,5.7992,2,2,173314.6,163814.6,1.05799,4.252,0,pass,-15.0,15.0,,synthetic:R00213:low_qc:2
R00213,mid_qc,quantitative,150.0,164.0722,ng/mL,9.3815,1,3,160239.7,146496.2,1.09381,4.238,0,pass,-15.0,15.0,,synthetic:R00213:mid_qc:1
R00213,mid_qc,quantitative,150.0,161.4914,ng/mL,7.661,2,4,164389.9,152692.2,1.07661,4.214,0,pass,-15.0,15.0,,synthetic:R00213:mid_qc:2
R00213,high_qc,quantitative,400.0,421.067,ng/mL,5.2667,1,5,163741.7,155549.3,1.05267,4.172,0,pass,-15.0,15.0,,synthetic:R00213:high_qc:1
R00213,high_qc,quantitative,400.0,423.7328,ng/mL,5.9332,2,6,151178.3,142710.9,1.05933,4.221,0,pass,-15.0,15.0,,synthetic:R00213:high_qc:2
R00214,low_qc,quantitative,3.0,2.8894,ng/mL,-3.6873,1,1,147533.9,153182.3,0.96313,4.262,0,pass,-15.0,15.0,,synthetic:R00214:low_qc:1
R00214,low_qc,quantitative,3.0,2.9177,ng/mL,-2.7421,2,2,140556.9,144519.7,0.97258,4.22,0,pass,-15.0,15.0,,synthetic:R00214:low_qc:2
R00214,mid_qc,quantitative,30.0,30.0257,ng/mL,0.0856,1,3,150288.4,150159.8,1.00086,4.232,0,pass,-15.0,15.0,,synthetic:R00214:mid_qc:1
R00214,mid_qc,quantitative,30.0,28.1796,ng/mL,-6.0681,2,4,151530.7,161319.7,0.93932,4.179,0,pass,-15.0,15.0,,synthetic:R00214:mid_qc:2
R00214,high_qc,quantitative,80.0,76.7735,ng/mL,-4.0332,1,5,142125.2,148098.3,0.95967,4.213,0,pass,-15.0,15.0,,synthetic:R00214:high_qc:1
R00214,high_qc,quantitative,80.0,76.7068,ng/mL,-4.1164,2,6,145265.9,151502.4,0.95884,4.251,0,pass,-15.0,15.0,,synthetic:R00214:high_qc:2
R00215,low_qc,quantitative,1.5,1.6416,ng/mL,9.4426,1,1,162046.7,148065.5,1.09443,4.178,0,pass,-15.0,15.0,,synthetic:R00215:low_qc:1
R00215,low_qc,quantitative,1.5,1.5575,ng/mL,3.8352,2,2,142743.7,137471.3,1.03835,4.175,0,pass,-15.0,15.0,,synthetic:R00215:low_qc:2
R00215,mid_qc,quantitative,75.0,70.9009,ng/mL,-5.4655,1,3,149741.9,158399.1,0.94535,4.227,0,pass,-15.0,15.0,,synthetic:R00215:mid_qc:1
R00215,mid_qc,quantitative,75.0,76.2725,ng/mL,1.6966,2,4,150720.4,148205.8,1.01697,4.234,0,pass,-15.0,15.0,,synthetic:R00215:mid_qc:2
R00215,high_qc,quantitative,200.0,201.0541,ng/mL,0.527,1,5,153533.2,152728.2,1.00527,4.213,0,pass,-15.0,15.0,,synthetic:R00215:high_qc:1
R00215,high_qc,quantitative,200.0,209.7218,ng/mL,4.8609,2,6,161748.3,154250.3,1.04861,4.186,0,pass,-15.0,15.0,,synthetic:R00215:high_qc:2
R00216,low_qc,quantitative,6.0,6.4905,ng/mL,8.1747,1,1,160902.1,148742.9,1.08175,4.191,0,pass,-15.0,15.0,,synthetic:R00216:low_qc:1
R00216,low_qc,quantitative,6.0,6.4012,ng/mL,6.6858,2,2,161144.9,151046.2,1.06686,4.226,0,pass,-15.0,15.0,,synthetic:R00216:low_qc:2
R00216,mid_qc,quantitative,150.0,162.4828,ng/mL,8.3219,1,3,167985.8,155080.3,1.08322,4.204,0,pass,-15.0,15.0,,synthetic:R00216:mid_qc:1
R00216,mid_qc,quantitative,150.0,169.751,ng/mL,13.1673,2,4,166866.4,147451.1,1.13167,4.187,0,pass,-15.0,15.0,,synthetic:R00216:mid_qc:2
R00216,high_qc,quantitative,400.0,414.9799,ng/mL,3.745,1,5,159807.0,154038.3,1.03745,4.226,0,pass,-15.0,15.0,,synthetic:R00216:high_qc:1
R00216,high_qc,quantitative,400.0,425.2667,ng/mL,6.3167,2,6,164558.8,154781.8,1.06317,4.225,0,pass,-15.0,15.0,,synthetic:R00216:high_qc:2
R00217,low_qc,quantitative,3.0,2.8207,ng/mL,-5.977,1,1,136348.8,145016.4,0.94023,4.224,0,pass,-15.0,15.0,,synthetic:R00217:low_qc:1
R00217,low_qc,quantitative,3.0,3.0065,ng/mL,0.2173,2,2,159308.1,158962.7,1.00217,4.239,0,pass,-15.0,15.0,,synthetic:R00217:low_qc:2
R00217,mid_qc,quantitative,30.0,29.3792,ng/mL,-2.0693,1,3,136055.3,138930.2,0.97931,4.198,0,pass,-15.0,15.0,,synthetic:R00217:mid_qc:1
R00217,mid_qc,quantitative,30.0,29.2832,ng/mL,-2.3894,2,4,163025.3,167015.9,0.97611,4.244,0,pass,-15.0,15.0,,synthetic:R00217:mid_qc:2
R00217,high_qc,quantitative,80.0,81.2402,ng/mL,1.5503,1,5,158998.6,156571.3,1.0155,4.212,0,pass,-15.0,15.0,,synthetic:R00217:high_qc:1
R00217,high_qc,quantitative,80.0,79.7385,ng/mL,-0.3269,2,6,148816.9,149305.0,0.99673,4.199,0,pass,-15.0,15.0,,synthetic:R00217:high_qc:2
R00218,low_qc,quantitative,1.5,1.4345,ng/mL,-4.3678,1,1,137128.1,143391.2,0.95632,4.176,0,pass,-15.0,15.0,,synthetic:R00218:low_qc:1
R00218,low_qc,quantitative,1.5,1.3838,ng/mL,-7.7453,2,2,130018.5,140934.2,0.92255,4.221,0,pass,-15.0,15.0,,synthetic:R00218:low_qc:2
R00218,mid_qc,quantitative,75.0,71.236,ng/mL,-5.0187,1,3,143489.1,151070.9,0.94981,4.22,0,pass,-15.0,15.0,,synthetic:R00218:mid_qc:1
R00218,mid_qc,quantitative,75.0,62.698,ng/mL,-16.4027,2,4,124581.0,149025.2,0.83597,4.201,0,fail,-15.0,15.0,,synthetic:R00218:mid_qc:2
R00218,high_qc,quantitative,200.0,185.7246,ng/mL,-7.1377,1,5,133375.4,143627.1,0.92862,4.186,0,pass,-15.0,15.0,,synthetic:R00218:high_qc:1
R00218,high_qc,quantitative,200.0,194.1814,ng/mL,-2.9093,2,6,139373.5,143549.8,0.97091,4.202,0,pass,-15.0,15.0,,synthetic:R00218:high_qc:2
R00219,low_qc,quantitative,6.0,6.2588,ng/mL,4.3142,1,1,144514.8,138538.0,1.04314,4.213,0,pass,-15.0,15.0,,synthetic:R00219:low_qc:1
R00219,low_qc,quantitative,6.0,6.3166,ng/mL,5.2774,2,2,165636.2,157333.1,1.05277,4.213,0,pass,-15.0,15.0,,synthetic:R00219:low_qc:2
R00219,mid_qc,quantitative,150.0,160.9579,ng/mL,7.3053,1,3,156544.3,145886.9,1.07305,4.202,0,pass,-15.0,15.0,,synthetic:R00219:mid_qc:1
R00219,mid_qc,quantitative,150.0,138.4332,ng/mL,-7.7112,2,4,141008.3,152790.3,0.92289,4.255,0,pass,-15.0,15.0,,synthetic:R00219:mid_qc:2
R00219,high_qc,quantitative,400.0,429.8012,ng/mL,7.4503,1,5,154021.9,143342.5,1.0745,4.212,0,pass,-15.0,15.0,,synthetic:R00219:high_qc:1
R00219,high_qc,quantitative,400.0,425.9727,ng/mL,6.4932,2,6,161881.1,152010.7,1.06493,4.216,0,pass,-15.0,15.0,,synthetic:R00219:high_qc:2
R00220,low_qc,quantitative,3.0,2.9799,ng/mL,-0.6713,1,1,157773.3,158839.7,0.99329,4.239,0,pass,-15.0,15.0,,synthetic:R00220:low_qc:1
R00220,low_qc,quantitative,3.0,3.2855,ng/mL,9.5176,2,2,164625.9,150319.1,1.09518,4.227,0,pass,-15.0,15.0,,synthetic:R00220:low_qc:2
R00220,mid_qc,quantitative,30.0,29.151,ng/mL,-2.8299,1,3,142858.0,147018.5,0.9717,4.222,0,pass,-15.0,15.0,,synthetic:R00220:mid_qc:1
R00220,mid_qc,quantitative,30.0,29.8223,ng/mL,-0.5923,2,4,140401.6,141238.3,0.99408,4.176,0,pass,-15.0,15.0,,synthetic:R00220:mid_qc:2
R00220,high_qc,quantitative,80.0,77.8626,ng/mL,-2.6717,1,5,142108.2,146009.1,0.97328,4.227,0,pass,-15.0,15.0,,synthetic:R00220:high_qc:1
R00220,high_qc,quantitative,80.0,79.6214,ng/mL,-0.4733,2,6,140425.6,141093.4,0.99527,4.206,0,pass,-15.0,15.0,,synthetic:R00220:high_qc:2
R00221,low_qc,quantitative,1.5,1.4856,ng/mL,-0.9581,1,1,142732.2,144112.9,0.99042,4.21,0,pass,-15.0,15.0,,synthetic:R00221:low_qc:1
R00221,low_qc,quantitative,1.5,1.5231,ng/mL,1.5415,2,2,146816.7,144587.8,1.01542,4.214,0,pass,-15.0,15.0,,synthetic:R00221:low_qc:2
R00221,mid_qc,quantitative,75.0,78.8951,ng/mL,5.1934,1,3,150650.0,143212.3,1.05193,4.217,0,pass,-15.0,15.0,,synthetic:R00221:mid_qc:1
R00221,mid_qc,quantitative,75.0,74.7728,ng/mL,-0.3029,2,4,155824.9,156298.3,0.99697,4.194,0,pass,-15.0,15.0,,synthetic:R00221:mid_qc:2
R00221,high_qc,quantitative,200.0,194.5843,ng/mL,-2.7078,1,5,152265.2,156503.0,0.97292,4.236,0,pass,-15.0,15.0,,synthetic:R00221:high_qc:1
R00221,high_qc,quantitative,200.0,193.1615,ng/mL,-3.4193,2,6,144129.4,149232.0,0.96581,4.203,0,pass,-15.0,15.0,,synthetic:R00221:high_qc:2
R00222,low_qc,quantitative,6.0,6.3493,ng/mL,5.8215,1,1,159369.0,150601.7,1.05822,4.199,0,pass,-15.0,15.0,,synthetic:R00222:low_qc:1
R00222,low_qc,quantitative,6.0,6.4648,ng/mL,7.747,2,2,159727.6,148243.2,1.07747,4.236,0,pass,-15.0,15.0,,synthetic:R00222:low_qc:2
R00222,mid_qc,quantitative,150.0,153.4081,ng/mL,2.2721,1,3,156669.4,153188.9,1.02272,4.195,0,pass,-15.0,15.0,,synthetic:R00222:mid_qc:1
R00222,mid_qc,quantitative,150.0,164.1312,ng/mL,9.4208,2,4,158994.4,145305.5,1.09421,4.19,0,pass,-15.0,15.0,,synthetic:R00222:mid_qc:2
R00222,high_qc,quantitative,400.0,399.0179,ng/mL,-0.2455,1,5,163297.7,163699.6,0.99754,4.233,0,pass,-15.0,15.0,,synthetic:R00222:high_qc:1
R00222,high_qc,quantitative,400.0,415.8539,ng/mL,3.9635,2,6,149848.9,144136.1,1.03963,4.222,0,pass,-15.0,15.0,,synthetic:R00222:high_qc:2
R00223,low_qc,quantitative,3.0,3.1186,ng/mL,3.9542,1,1,162442.1,156263.1,1.03954,4.192,0,pass,-15.0,15.0,,synthetic:R00223:low_qc:1
R00223,low_qc,quantitative,3.0,3.0284,ng/mL,0.948,2,2,147593.4,146207.3,1.00948,4.226,0,pass,-15.0,15.0,,synthetic:R00223:low_qc:2
R00223,mid_qc,quantitative,30.0,30.2987,ng/mL,0.9956,1,3,155467.1,153934.6,1.00996,4.209,0,pass,-15.0,15.0,,synthetic:R00223:mid_qc:1
R00223,mid_qc,quantitative,30.0,30.7002,ng/mL,2.3341,2,4,155169.1,151629.8,1.02334,4.218,0,pass,-15.0,15.0,,synthetic:R00223:mid_qc:2
R00223,high_qc,quantitative,80.0,81.4681,ng/mL,1.8351,1,5,154342.5,151561.2,1.01835,4.203,0,pass,-15.0,15.0,,synthetic:R00223:high_qc:1
R00223,high_qc,quantitative,80.0,79.3557,ng/mL,-0.8054,2,6,152855.5,154096.7,0.99195,4.218,0,pass,-15.0,15.0,,synthetic:R00223:high_qc:2
R00224,low_qc,quantitative,1.5,1.499,ng/mL,-0.0661,1,1,146208.9,146305.7,0.99934,4.239,0,pass,-15.0,15.0,,synthetic:R00224:low_qc:1
R00224,low_qc,quantitative,1.5,1.4792,ng/mL,-1.3894,2,2,141102.9,143091.1,0.98611,4.176,0,pass,-15.0,15.0,,synthetic:R00224:low_qc:2
R00224,mid_qc,quantitative,75.0,79.5816,ng/mL,6.1088,1,3,155576.9,146620.1,1.06109,4.188,0,pass,-15.0,15.0,,synthetic:R00224:mid_qc:1
R00224,mid_qc,quantitative,75.0,75.693,ng/mL,0.9241,2,4,147549.4,146198.4,1.00924,4.205,0,pass,-15.0,15.0,,synthetic:R00224:mid_qc:2
R00224,high_qc,quantitative,200.0,207.1749,ng/mL,3.5875,1,5,146587.0,141510.3,1.03587,4.167,0,pass,-15.0,15.0,,synthetic:R00224:high_qc:1
R00224,high_qc,quantitative,200.0,196.2546,ng/mL,-1.8727,2,6,150965.8,153846.9,0.98127,4.21,0,pass,-15.0,15.0,,synthetic:R00224:high_qc:2
R00225,low_qc,quantitative,6.0,6.1979,ng/mL,3.2984,1,1,154977.4,150028.7,1.03298,4.197,0,pass,-15.0,15.0,,synthetic:R00225:low_qc:1
R00225,low_qc,quantitative,6.0,6.4134,ng/mL,6.8895,2,2,156879.1,146767.4,1.0689,4.219,0,pass,-15.0,15.0,,synthetic:R00225:low_qc:2
R00225,mid_qc,quantitative,150.0,169.354,ng/mL,12.9027,1,3,166742.0,147686.5,1.12903,4.2,0,pass,-15.0,15.0,,synthetic:R00225:mid_qc:1
R00225,mid_qc,quantitative,150.0,164.3435,ng/mL,9.5623,2,4,160971.1,146922.0,1.09562,4.206,0,pass,-15.0,15.0,,synthetic:R00225:mid_qc:2
R00225,high_qc,quantitative,400.0,442.1672,ng/mL,10.5418,1,5,177717.6,160769.6,1.10542,4.229,0,pass,-15.0,15.0,,synthetic:R00225:high_qc:1
R00225,high_qc,quantitative,400.0,443.0317,ng/mL,10.7579,2,6,170195.9,153664.8,1.10758,4.201,0,pass,-15.0,15.0,,synthetic:R00225:high_qc:2
R00226,low_qc,quantitative,3.0,2.953,ng/mL,-1.5676,1,1,145097.9,147408.7,0.98432,4.209,0,pass,-15.0,15.0,,synthetic:R00226:low_qc:1
R00226,low_qc,quantitative,3.0,2.9554,ng/mL,-1.4853,2,2,146302.0,148507.8,0.98515,4.218,0,pass,-15.0,15.0,,synthetic:R00226:low_qc:2
R00226,mid_qc,quantitative,30.0,30.3035,ng/mL,1.0118,1,3,155411.8,153855.1,1.01012,4.18,0,pass,-15.0,15.0,,synthetic:R00226:mid_qc:1
R00226,mid_qc,quantitative,30.0,30.2964,ng/mL,0.9881,2,4,154808.4,153293.7,1.00988,4.212,0,pass,-15.0,15.0,,synthetic:R00226:mid_qc:2
R00226,high_qc,quantitative,80.0,77.6917,ng/mL,-2.8854,1,5,145379.9,149699.3,0.97115,4.213,0,pass,-15.0,15.0,,synthetic:R00226:high_qc:1
R00226,high_qc,quantitative,80.0,76.2098,ng/mL,-4.7377,2,6,143107.8,150225.0,0.95262,4.216,0,pass,-15.0,15.0,,synthetic:R00226:high_qc:2
R00227,low_qc,quantitative,1.5,1.4054,ng/mL,-6.3074,1,1,130338.5,139112.9,0.93693,4.18,0,pass,-15.0,15.0,,synthetic:R00227:low_qc:1
R00227,low_qc,quantitative,1.5,1.3903,ng/mL,-7.3128,2,2,125475.8,135375.6,0.92687,4.229,0,pass,-15.0,15.0,,synthetic:R00227:low_qc:2
R00227,mid_qc,quantitative,75.0,67.1963,ng/mL,-10.4049,1,3,130082.1,145188.9,0.89595,4.221,0,pass,-15.0,15.0,,synthetic:R00227:mid_qc:1
R00227,mid_qc,quantitative,75.0,69.9843,ng/mL,-6.6876,2,4,134356.1,143985.2,0.93312,4.178,0,pass,-15.0,15.0,,synthetic:R00227:mid_qc:2
R00227,high_qc,quantitative,200.0,185.7469,ng/mL,-7.1265,1,5,127647.4,137442.2,0.92873,4.178,0,pass,-15.0,15.0,,synthetic:R00227:high_qc:1
R00227,high_qc,quantitative,200.0,183.9806,ng/mL,-8.0097,2,6,132956.3,144532.9,0.9199,4.224,0,pass,-15.0,15.0,,synthetic:R00227:high_qc:2
R00228,low_qc,quantitative,6.0,6.1658,ng/mL,2.7633,1,1,150985.8,146925.8,1.02763,4.217,0,pass,-15.0,15.0,,synthetic:R00228:low_qc:1
R00228,low_qc,quantitative,6.0,5.549,ng/mL,-7.5159,2,2,140103.6,151489.5,0.92484,4.258,0,pass,-15.0,15.0,,synthetic:R00228:low_qc:2
R00228,mid_qc,quantitative,150.0,156.9937,ng/mL,4.6624,1,3,147698.7,141119.1,1.04662,4.202,0,pass,-15.0,15.0,,synthetic:R00228:mid_qc:1
R00228,mid_qc,quantitative,150.0,162.1576,ng/mL,8.1051,2,4,159488.6,147531.0,1.08105,4.191,0,pass,-15.0,15.0,,synthetic:R00228:mid_qc:2
R00228,high_qc,quantitative,400.0,421.6378,ng/mL,5.4095,1,5,169673.2,160965.9,1.05409,4.217,0,pass,-15.0,15.0,,synthetic:R00228:high_qc:1
R00228,high_qc,quantitative,400.0,392.5623,ng/mL,-1.8594,2,6,155204.3,158144.9,0.98141,4.204,0,pass,-15.0,15.0,,synthetic:R00228:high_qc:2
R00229,low_qc,quantitative,3.0,3.1105,ng/mL,3.6844,1,1,154098.1,148622.3,1.03684,4.203,0,pass,-15.0,15.0,,synthetic:R00229:low_qc:1
R00229,low_qc,quantitative,3.0,3.0416,ng/mL,1.3874,2,2,151052.9,148985.9,1.01387,4.229,0,pass,-15.0,15.0,,synthetic:R00229:low_qc:2
R00229,mid_qc,quantitative,30.0,30.1114,ng/mL,0.3713,1,3,148819.0,148268.5,1.00371,4.201,0,pass,-15.0,15.0,,synthetic:R00229:mid_qc:1
R00229,mid_qc,quantitative,30.0,31.4797,ng/mL,4.9323,2,4,153500.4,146285.2,1.04932,4.215,0,pass,-15.0,15.0,,synthetic:R00229:mid_qc:2
R00229,high_qc,quantitative,80.0,85.2897,ng/mL,6.6121,1,5,166470.3,156145.7,1.06612,4.208,0,pass,-15.0,15.0,,synthetic:R00229:high_qc:1
R00229,high_qc,quantitative,80.0,83.8775,ng/mL,4.8469,2,6,154147.0,147021.0,1.04847,4.212,0,pass,-15.0,15.0,,synthetic:R00229:high_qc:2
R00230,low_qc,quantitative,1.5,1.467,ng/mL,-2.2027,1,1,155910.2,159421.9,0.97797,4.193,0,pass,-15.0,15.0,,synthetic:R00230:low_qc:1
R00230,low_qc,quantitative,1.5,1.5003,ng/mL,0.0192,2,2,151048.6,151019.5,1.00019,4.203,0,pass,-15.0,15.0,,synthetic:R00230:low_qc:2
R00230,mid_qc,quantitative,75.0,74.6429,ng/mL,-0.4762,1,3,146009.5,146708.1,0.99524,4.178,0,pass,-15.0,15.0,,synthetic:R00230:mid_qc:1
R00230,mid_qc,quantitative,75.0,72.8362,ng/mL,-2.885,2,4,142256.9,146483.0,0.97115,4.196,0,pass,-15.0,15.0,,synthetic:R00230:mid_qc:2
R00230,high_qc,quantitative,200.0,205.1236,ng/mL,2.5618,1,5,161549.1,157513.9,1.02562,4.174,0,pass,-15.0,15.0,,synthetic:R00230:high_qc:1
R00230,high_qc,quantitative,200.0,198.9231,ng/mL,-0.5385,2,6,153385.4,154215.8,0.99462,4.175,0,pass,-15.0,15.0,,synthetic:R00230:high_qc:2
R00231,low_qc,quantitative,6.0,6.387,ng/mL,6.4503,1,1,164087.4,154144.6,1.0645,4.19,0,pass,-15.0,15.0,,synthetic:R00231:low_qc:1
R00231,low_qc,quantitative,6.0,6.4661,ng/mL,7.768,2,2,162063.7,150382.1,1.07768,4.214,0,pass,-15.0,15.0,,synthetic:R00231:low_qc:2
R00231,mid_qc,quantitative,150.0,154.9671,ng/mL,3.3114,1,3,153162.3,148253.0,1.03311,4.188,0,pass,-15.0,15.0,,synthetic:R00231:mid_qc:1
R00231,mid_qc,quantitative,150.0,163.5149,ng/mL,9.0099,2,4,165010.6,151372.1,1.0901,4.226,0,pass,-15.0,15.0,,synthetic:R00231:mid_qc:2
R00231,high_qc,quantitative,400.0,430.953,ng/mL,7.7382,1,5,153186.9,142184.3,1.07738,4.201,0,pass,-15.0,15.0,,synthetic:R00231:high_qc:1
R00231,high_qc,quantitative,400.0,390.9173,ng/mL,-2.2707,2,6,149296.0,152764.8,0.97729,4.222,0,pass,-15.0,15.0,,synthetic:R00231:high_qc:2
R00232,low_qc,quantitative,3.0,2.9235,ng/mL,-2.5494,1,1,154907.2,158959.6,0.97451,4.221,0,pass,-15.0,15.0,,synthetic:R00232:low_qc:1
R00232,low_qc,quantitative,3.0,3.2003,ng/mL,6.6764,2,2,157305.4,147460.4,1.06676,4.192,0,pass,-15.0,15.0,,synthetic:R00232:low_qc:2
R00232,mid_qc,quantitative,30.0,29.2275,ng/mL,-2.5751,1,3,147176.9,151067.0,0.97425,4.169,0,pass,-15.0,15.0,,synthetic:R00232:mid_qc:1
R00232,mid_qc,quantitative,30.0,30.8078,ng/mL,2.6925,2,4,154289.1,150243.7,1.02693,4.232,0,pass,-15.0,15.0,,synthetic:R00232:mid_qc:2
R00232,high_qc,quantitative,80.0,81.1012,ng/mL,1.3764,1,5,156276.7,154154.8,1.01376,4.207,0,pass,-15.0,15.0,,synthetic:R00232:high_qc:1
R00232,high_qc,quantitative,80.0,78.3004,ng/mL,-2.1245,2,6,142007.3,145089.7,0.97876,4.199,0,pass,-15.0,15.0,,synthetic:R00232:high_qc:2
R00233,low_qc,quantitative,1.5,1.5481,ng/mL,3.2084,1,1,154274.7,149478.8,1.03208,4.215,0,pass,-15.0,15.0,,synthetic:R00233:low_qc:1
R00233,low_qc,quantitative,1.5,1.619,ng/mL,7.9352,2,2,158472.7,146822.0,1.07935,4.214,0,pass,-15.0,15.0,,synthetic:R00233:low_qc:2
R00233,mid_qc,quantitative,75.0,98.1317,ng/mL,30.8422,1,3,201817.5,154244.9,1.30842,4.206,0,fail,-15.0,15.0,,synthetic:R00233:mid_qc:1
R00233,mid_qc,quantitative,75.0,81.3377,ng/mL,8.4503,2,4,170756.2,157451.1,1.0845,4.185,0,pass,-15.0,15.0,,synthetic:R00233:mid_qc:2
R00233,high_qc,quantitative,200.0,213.4692,ng/mL,6.7346,1,5,144665.4,135537.5,1.06735,4.232,0,pass,-15.0,15.0,,synthetic:R00233:high_qc:1
R00233,high_qc,quantitative,200.0,211.489,ng/mL,5.7445,2,6,161048.7,152299.9,1.05744,4.21,0,pass,-15.0,15.0,,synthetic:R00233:high_qc:2
R00234,low_qc,quantitative,6.0,6.3927,ng/mL,6.5452,1,1,159027.3,149258.1,1.06545,4.206,0,pass,-15.0,15.0,,synthetic:R00234:low_qc:1
R00234,low_qc,quantitative,6.0,5.9626,ng/mL,-0.6237,2,2,138339.7,139207.9,0.99376,4.226,0,pass,-15.0,15.0,,synthetic:R00234:low_qc:2
R00234,mid_qc,quantitative,150.0,157.9371,ng/mL,5.2914,1,3,152266.1,144614.0,1.05291,4.225,0,pass,-15.0,15.0,,synthetic:R00234:mid_qc:1
R00234,mid_qc,quantitative,150.0,158.7586,ng/mL,5.8391,2,4,152863.3,144430.0,1.05839,4.244,0,pass,-15.0,15.0,,synthetic:R00234:mid_qc:2
R00234,high_qc,quantitative,400.0,437.4799,ng/mL,9.37,1,5,156299.8,142909.2,1.0937,4.222,0,pass,-15.0,15.0,,synthetic:R00234:high_qc:1
R00234,high_qc,quantitative,400.0,427.5331,ng/mL,6.8833,2,6,168077.2,157253.0,1.06883,4.198,0,pass,-15.0,15.0,,synthetic:R00234:high_qc:2
R00235,low_qc,quantitative,3.0,3.004,ng/mL,0.134,1,1,155198.6,154990.8,1.00134,4.165,0,pass,-15.0,15.0,,synthetic:R00235:low_qc:1
R00235,low_qc,quantitative,3.0,3.1025,ng/mL,3.4158,2,2,148797.8,143883.0,1.03416,4.191,0,pass,-15.0,15.0,,synthetic:R00235:low_qc:2
R00235,mid_qc,quantitative,30.0,30.1084,ng/mL,0.3613,1,3,149114.4,148577.6,1.00361,4.209,0,pass,-15.0,15.0,,synthetic:R00235:mid_qc:1
R00235,mid_qc,quantitative,30.0,30.31,ng/mL,1.0333,2,4,140751.3,139311.8,1.01033,4.216,0,pass,-15.0,15.0,,synthetic:R00235:mid_qc:2
R00235,high_qc,quantitative,80.0,75.41,ng/mL,-5.7375,1,5,141562.8,150179.4,0.94262,4.213,0,pass,-15.0,15.0,,synthetic:R00235:high_qc:1
R00235,high_qc,quantitative,80.0,73.423,ng/mL,-8.2212,2,6,137009.5,149282.4,0.91779,4.202,0,pass,-15.0,15.0,,synthetic:R00235:high_qc:2
R00236,low_qc,quantitative,1.5,1.3172,ng/mL,-12.1853,1,1,119127.0,135657.3,0.87815,4.218,0,pass,-15.0,15.0,,synthetic:R00236:low_qc:1
R00236,low_qc,quantitative,1.5,1.39,ng/mL,-7.3365,2,2,130136.8,140440.2,0.92664,4.189,0,pass,-15.0,15.0,,synthetic:R00236:low_qc:2
R00236,mid_qc,quantitative,75.0,70.851,ng/mL,-5.532,1,3,147700.0,156349.3,0.94468,4.189,0,pass,-15.0,15.0,,synthetic:R00236:mid_qc:1
R00236,mid_qc,quantitative,75.0,67.2766,ng/mL,-10.2978,2,4,123906.9,138131.4,0.89702,4.241,0,pass,-15.0,15.0,,synthetic:R00236:mid_qc:2
R00236,high_qc,quantitative,200.0,180.3135,ng/mL,-9.8432,1,5,129772.4,143940.8,0.90157,4.216,0,pass,-15.0,15.0,,synthetic:R00236:high_qc:1
R00236,high_qc,quantitative,200.0,172.5495,ng/mL,-13.7252,2,6,119288.7,138266.0,0.86275,4.23,0,pass,-15.0,15.0,,synthetic:R00236:high_qc:2
R00237,low_qc,quantitative,6.0,6.165,ng/mL,2.7499,1,1,153587.9,149477.4,1.0275,4.248,0,pass,-15.0,15.0,,synthetic:R00237:low_qc:1
R00237,low_qc,quantitative,6.0,6.6541,ng/mL,10.902,2,2,158397.6,142826.7,1.10902,4.259,0,pass,-15.0,15.0,,synthetic:R00237:low_qc:2
R00237,mid_qc,quantitative,150.0,173.4711,ng/mL,15.6474,1,3,161350.0,139518.9,1.15647,4.224,0,fail,-15.0,15.0,,synthetic:R00237:mid_qc:1
R00237,mid_qc,quantitative,150.0,164.4546,ng/mL,9.6364,2,4,170238.7,155275.8,1.09636,4.223,0,pass,-15.0,15.0,,synthetic:R00237:mid_qc:2
R00237,high_qc,quantitative,400.0,388.1528,ng/mL,-2.9618,1,5,149957.0,154534.0,0.97038,4.212,0,pass,-15.0,15.0,,synthetic:R00237:high_qc:1
R00237,high_qc,quantitative,400.0,372.7379,ng/mL,-6.8155,2,6,133511.3,143276.4,0.93184,4.2,0,pass,-15.0,15.0,,synthetic:R00237:high_qc:2
R00238,low_qc,quantitative,3.0,3.0487,ng/mL,1.6224,1,1,141455.1,139196.8,1.01622,4.216,0,pass,-15.0,15.0,,synthetic:R00238:low_qc:1
R00238,low_qc,quantitative,3.0,2.9175,ng/mL,-2.751,2,2,143181.0,147231.4,0.97249,4.19,0,pass,-15.0,15.0,,synthetic:R00238:low_qc:2
R00238,mid_qc,quantitative,30.0,29.6009,ng/mL,-1.3304,1,3,142651.6,144574.9,0.9867,4.212,0,pass,-15.0,15.0,,synthetic:R00238:mid_qc:1
R00238,mid_qc,quantitative,30.0,31.7972,ng/mL,5.9905,2,4,162289.2,153116.7,1.05991,4.202,0,pass,-15.0,15.0,,synthetic:R00238:mid_qc:2
R00238,high_qc,quantitative,80.0,85.2775,ng/mL,6.5969,1,5,159116.4,149269.3,1.06597,4.209,0,pass,-15.0,15.0,,synthetic:R00238:high_qc:1
R00238,high_qc,quantitative,80.0,82.7065,ng/mL,3.3832,2,6,142638.8,137971.0,1.03383,4.188,0,pass,-15.0,15.0,,synthetic:R00238:high_qc:2
R00239,low_qc,quantitative,1.5,1.5455,ng/mL,3.0329,1,1,159118.1,154434.2,1.03033,4.23,0,pass,-15.0,15.0,,synthetic:R00239:low_qc:1
R00239,low_qc,quantitative,1.5,1.5567,ng/mL,3.7823,2,2,150704.7,145212.3,1.03782,4.2,0,pass,-15.0,15.0,,synthetic:R00239:low_qc:2
R00239,mid_qc,quantitative,75.0,81.3208,ng/mL,8.4278,1,3,156640.0,144464.8,1.08428,4.211,0,pass,-15.0,15.0,,synthetic:R00239:mid_qc:1
R00239,mid_qc,quantitative,75.0,72.3212,ng/mL,-3.5718,2,4,140588.0,145795.5,0.96428,4.185,0,pass,-15.0,15.0,,synthetic:R00239:mid_qc:2
R00239,high_qc,quantitative,200.0,197.1031,ng/mL,-1.4484,1,5,147210.8,149374.4,0.98552,4.205,0,pass,-15.0,15.0,,synthetic:R00239:high_qc:1
R00239,high_qc,quantitative,200.0,201.5747,ng/mL,0.7874,2,6,150931.7,149752.6,1.00787,4.217,0,pass,-15.0,15.0,,synthetic:R00239:high_qc:2
R00240,low_qc,quantitative,6.0,6.2769,ng/mL,4.6157,1,1,150863.8,144207.6,1.04616,4.218,0,pass,-15.0,15.0,,synthetic:R00240:low_qc:1
R00240,low_qc,quantitative,6.0,6.4117,ng/mL,6.8619,2,2,158513.7,148335.2,1.06862,4.218,0,pass,-15.0,15.0,,synthetic:R00240:low_qc:2
R00240,mid_qc,quantitative,150.0,166.155,ng/mL,10.77,1,3,166161.5,150005.9,1.1077,4.17,0,pass,-15.0,15.0,,synthetic:R00240:mid_qc:1
R00240,mid_qc,quantitative,150.0,164.2963,ng/mL,9.5309,2,4,168174.1,153540.3,1.09531,4.192,0,pass,-15.0,15.0,,synthetic:R00240:mid_qc:2
R00240,high_qc,quantitative,400.0,429.3357,ng/mL,7.3339,1,5,179248.7,167000.9,1.07334,4.232,0,pass,-15.0,15.0,,synthetic:R00240:high_qc:1
R00240,high_qc,quantitative,400.0,428.4378,ng/mL,7.1095,2,6,169688.5,158425.3,1.07109,4.218,0,pass,-15.0,15.0,,synthetic:R00240:high_qc:2
R00241,low_qc,quantitative,3.0,2.9147,ng/mL,-2.843,1,1,150923.2,155339.5,0.97157,4.183,0,pass,-15.0,15.0,,synthetic:R00241:low_qc:1
R00241,low_qc,quantitative,3.0,3.0294,ng/mL,0.9796,2,2,150162.5,148705.8,1.0098,4.238,0,pass,-15.0,15.0,,synthetic:R00241:low_qc:2
R00241,mid_qc,quantitative,30.0,30.2466,ng/mL,0.8219,1,3,145911.8,144722.3,1.00822,4.228,0,pass,-15.0,15.0,,synthetic:R00241:mid_qc:1
R00241,mid_qc,quantitative,30.0,29.628,ng/mL,-1.2401,2,4,145524.1,147351.4,0.9876,4.229,0,pass,-15.0,15.0,,synthetic:R00241:mid_qc:2
R00241,high_qc,quantitative,80.0,77.4992,ng/mL,-3.1261,1,5,141911.4,146490.8,0.96874,4.173,0,pass,-15.0,15.0,,synthetic:R00241:high_qc:1
R00241,high_qc,quantitative,80.0,79.0323,ng/mL,-1.2096,2,6,144633.5,146404.4,0.9879,4.256,0,pass,-15.0,15.0,,synthetic:R00241:high_qc:2
R00242,low_qc,quantitative,1.5,1.5807,ng/mL,5.3799,1,1,164410.9,156017.4,1.0538,4.179,0,pass,-15.0,15.0,,synthetic:R00242:low_qc:1
R00242,low_qc,quantitative,1.5,1.471,ng/mL,-1.9313,2,2,156590.7,159674.4,0.98069,4.163,0,pass,-15.0,15.0,,synthetic:R00242:low_qc:2
R00242,mid_qc,quantitative,75.0,74.5941,ng/mL,-0.5412,1,3,157052.9,157907.5,0.99459,4.26,0,pass,-15.0,15.0,,synthetic:R00242:mid_qc:1
R00242,mid_qc,quantitative,75.0,75.2388,ng/mL,0.3183,2,4,154832.2,154340.8,1.00318,4.204,0,pass,-15.0,15.0,,synthetic:R00242:mid_qc:2
R00242,high_qc,quantitative,200.0,235.1293,ng/mL,17.5647,1,5,176171.6,149850.9,1.17565,4.221,0,fail,-15.0,15.0,,synthetic:R00242:high_qc:1
R00242,high_qc,quantitative,200.0,195.2897,ng/mL,-2.3551,2,6,141144.6,144549.0,0.97645,4.185,0,pass,-15.0,15.0,,synthetic:R00242:high_qc:2
R00243,low_qc,quantitative,6.0,6.6988,ng/mL,11.6471,1,1,163368.2,146325.5,1.11647,4.193,0,pass,-15.0,15.0,,synthetic:R00243:low_qc:1
R00243,low_qc,quantitative,6.0,6.8868,ng/mL,14.78,2,2,174629.6,152142.9,1.1478,4.227,0,pass,-15.0,15.0,,synthetic:R00243:low_qc:2
R00243,mid_qc,quantitative,150.0,157.6357,ng/mL,5.0905,1,3,165780.6,157750.3,1.0509,4.195,0,pass,-15.0,15.0,,synthetic:R00243:mid_qc:1
R00243,mid_qc,quantitative,150.0,163.9295,ng/mL,9.2863,2,4,166225.9,152101.3,1.09286,4.183,0,pass,-15.0,15.0,,synthetic:R00243:mid_qc:2
R00243,high_qc,quantitative,400.0,429.7971,ng/mL,7.4493,1,5,151285.6,140797.2,1.07449,4.214,0,pass,-15.0,15.0,,synthetic:R00243:high_qc:1
R00243,high_qc,quantitative,400.0,435.8336,ng/mL,8.9584,2,6,157984.8,144995.5,1.08958,4.182,0,pass,-15.0,15.0,,synthetic:R00243:high_qc:2
R00244,low_qc,quantitative,3.0,2.9974,ng/mL,-0.0882,1,1,149145.0,149276.6,0.99912,4.173,0,pass,-15.0,15.0,,synthetic:R00244:low_qc:1
R00244,low_qc,quantitative,3.0,2.9951,ng/mL,-0.1628,2,2,140284.3,140513.1,0.99837,4.224,0,pass,-15.0,15.0,,synthetic:R00244:low_qc:2
R00244,mid_qc,quantitative,30.0,28.7505,ng/mL,-4.165,1,3,147597.7,154012.4,0.95835,4.229,0,pass,-15.0,15.0,,synthetic:R00244:mid_qc:1
R00244,mid_qc,quantitative,30.0,28.9143,ng/mL,-3.6191,2,4,149400.3,155010.3,0.96381,4.232,0,pass,-15.0,15.0,,synthetic:R00244:mid_qc:2
R00244,high_qc,quantitative,80.0,77.6376,ng/mL,-2.9531,1,5,142136.5,146461.6,0.97047,4.205,0,pass,-15.0,15.0,,synthetic:R00244:high_qc:1
R00244,high_qc,quantitative,80.0,77.8988,ng/mL,-2.6265,2,6,146194.2,150137.6,0.97374,4.207,0,pass,-15.0,15.0,,synthetic:R00244:high_qc:2
R00245,low_qc,quantitative,1.5,1.4235,ng/mL,-5.1004,1,1,136754.7,144104.6,0.949,4.205,0,pass,-15.0,15.0,,synthetic:R00245:low_qc:1
R00245,low_qc,quantitative,1.5,1.4205,ng/mL,-5.3007,2,2,138972.1,146750.9,0.94699,4.192,0,pass,-15.0,15.0,,synthetic:R00245:low_qc:2
R00245,mid_qc,quantitative,75.0,71.6124,ng/mL,-4.5168,1,3,142306.1,149037.9,0.95483,4.228,0,pass,-15.0,15.0,,synthetic:R00245:mid_qc:1
R00245,mid_qc,quantitative,75.0,68.9045,ng/mL,-8.1273,2,4,142334.3,154925.7,0.91873,4.229,0,pass,-15.0,15.0,,synthetic:R00245:mid_qc:2
R00245,high_qc,quantitative,200.0,191.7283,ng/mL,-4.1358,1,5,130901.4,136548.9,0.95864,4.196,0,pass,-15.0,15.0,,synthetic:R00245:high_qc:1
R00245,high_qc,quantitative,200.0,191.9193,ng/mL,-4.0403,2,6,145528.8,151656.2,0.9596,4.225,0,pass,-15.0,15.0,,synthetic:R00245:high_qc:2
R00246,low_qc,quantitative,6.0,6.1111,ng/mL,1.8523,1,1,145131.5,142492.1,1.01852,4.196,0,pass,-15.0,15.0,,synthetic:R00246:low_qc:1
R00246,low_qc,quantitative,6.0,6.1796,ng/mL,2.9926,2,2,166901.5,162051.9,1.02993,4.212,0,pass,-15.0,15.0,,synthetic:R00246:low_qc:2
R00246,mid_qc,quantitative,150.0,162.2378,ng/mL,8.1585,1,3,156786.5,144959.9,1.08159,4.217,0,pass,-15.0,15.0,,synthetic:R00246:mid_qc:1
R00246,mid_qc,quantitative,150.0,155.9735,ng/mL,3.9823,2,4,153204.5,147337.0,1.03982,4.185,0,pass,-15.0,15.0,,synthetic:R00246:mid_qc:2
R00246,high_qc,quantitative,400.0,377.6859,ng/mL,-5.5785,1,5,148560.9,157338.1,0.94421,4.199,0,pass,-15.0,15.0,,synthetic:R00246:high_qc:1
R00246,high_qc,quantitative,400.0,435.7033,ng/mL,8.9258,2,6,158027.7,145078.2,1.08926,4.225,0,pass,-15.0,15.0,,synthetic:R00246:high_qc:2
R00247,low_qc,quantitative,3.0,3.1183,ng/mL,3.9432,1,1,161738.1,155602.4,1.03943,4.163,0,pass,-15.0,15.0,,synthetic:R00247:low_qc:1
R00247,low_qc,quantitative,3.0,3.0495,ng/mL,1.6505,2,2,158983.3,156401.8,1.01651,4.205,0,pass,-15.0,15.0,,synthetic:R00247:low_qc:2
R00247,mid_qc,quantitative,30.0,30.5199,ng/mL,1.7328,1,3,145713.9,143231.9,1.01733,4.198,0,pass,-15.0,15.0,,synthetic:R00247:mid_qc:1
R00247,mid_qc,quantitative,30.0,31.2604,ng/mL,4.2015,2,4,166273.7,159569.4,1.04201,4.214,0,pass,-15.0,15.0,,synthetic:R00247:mid_qc:2
R00247,high_qc,quantitative,80.0,84.3201,ng/mL,5.4001,1,5,165242.0,156775.8,1.054,4.196,0,pass,-15.0,15.0,,synthetic:R00247:high_qc:1
R00247,high_qc,quantitative,80.0,83.7396,ng/mL,4.6745,2,6,152664.4,145846.8,1.04675,4.184,0,pass,-15.0,15.0,,synthetic:R00247:high_qc:2
R00248,low_qc,quantitative,1.5,1.3969,ng/mL,-6.876,1,1,132611.0,142402.6,0.93124,4.224,0,pass,-15.0,15.0,,synthetic:R00248:low_qc:1
R00248,low_qc,quantitative,1.5,1.4681,ng/mL,-2.1271,2,2,158080.1,161515.7,0.97873,4.21,0,pass,-15.0,15.0,,synthetic:R00248:low_qc:2
R00248,mid_qc,quantitative,75.0,75.3913,ng/mL,0.5217,1,3,150037.9,149259.2,1.00522,4.235,0,pass,-15.0,15.0,,synthetic:R00248:mid_qc:1
R00248,mid_qc,quantitative,75.0,74.9894,ng/mL,-0.0141,2,4,158484.0,158506.3,0.99986,4.241,0,pass,-15.0,15.0,,synthetic:R00248:mid_qc:2
R00248,high_qc,quantitative,200.0,200.945,ng/mL,0.4725,1,5,147391.0,146697.8,1.00473,4.186,0,pass,-15.0,15.0,,synthetic:R00248:high_qc:1
R00248,high_qc,quantitative,200.0,202.7991,ng/mL,1.3996,2,6,158300.2,156115.3,1.014,4.243,0,pass,-15.0,15.0,,synthetic:R00248:high_qc:2
R00249,low_qc,quantitative,6.0,6.4175,ng/mL,6.9583,1,1,161761.5,151238.0,1.06958,4.223,0,pass,-15.0,15.0,,synthetic:R00249:low_qc:1
R00249,low_qc,quantitative,6.0,6.702,ng/mL,11.7,2,2,166555.6,149109.8,1.117,4.246,0,pass,-15.0,15.0,,synthetic:R00249:low_qc:2
R00249,mid_qc,quantitative,150.0,165.5074,ng/mL,10.3383,1,3,175620.0,159165.1,1.10338,4.203,0,pass,-15.0,15.0,,synthetic:R00249:mid_qc:1
R00249,mid_qc,quantitative,150.0,153.5264,ng/mL,2.351,2,4,159312.4,155653.1,1.02351,4.224,0,pass,-15.0,15.0,,synthetic:R00249:mid_qc:2
R00249,high_qc,quantitative,400.0,431.3209,ng/mL,7.8302,1,5,160686.2,149017.8,1.0783,4.203,0,pass,-15.0,15.0,,synthetic:R00249:high_qc:1
R00249,high_qc,quantitative,400.0,433.0693,ng/mL,8.2673,2,6,173475.9,160229.2,1.08267,4.2,0,pass,-15.0,15.0,,synthetic:R00249:high_qc:2
R00250,low_qc,quantitative,3.0,3.1977,ng/mL,6.5902,1,1,162721.4,152660.8,1.0659,4.211,0,pass,-15.0,15.0,,synthetic:R00250:low_qc:1
R00250,low_qc,quantitative,3.0,2.9884,ng/mL,-0.3864,2,2,151723.1,152311.6,0.99614,4.218,0,pass,-15.0,15.0,,synthetic:R00250:low_qc:2
R00250,mid_qc,quantitative,30.0,29.2207,ng/mL,-2.5978,1,3,141962.2,145748.5,0.97402,4.226,0,pass,-15.0,15.0,,synthetic:R00250:mid_qc:1
R00250,mid_qc,quantitative,30.0,31.2559,ng/mL,4.1864,2,4,160163.8,153728.2,1.04186,4.229,0,pass,-15.0,15.0,,synthetic:R00250:mid_qc:2
R00250,high_qc,quantitative,80.0,79.0406,ng/mL,-1.1992,1,5,146646.5,148426.5,0.98801,4.228,0,pass,-15.0,15.0,,synthetic:R00250:high_qc:1
R00250,high_qc,quantitative,80.0,82.9389,ng/mL,3.6737,2,6,159122.8,153484.3,1.03674,4.191,0,pass,-15.0,15.0,,synthetic:R00250:high_qc:2
R00251,low_qc,quantitative,1.5,1.4699,ng/mL,-2.0078,1,1,143755.3,146700.8,0.97992,4.217,0,pass,-15.0,15.0,,synthetic:R00251:low_qc:1
R00251,low_qc,quantitative,1.5,1.4029,ng/mL,-6.4722,2,2,140955.6,150709.8,0.93528,4.179,0,pass,-15.0,15.0,,synthetic:R00251:low_qc:2
R00251,mid_qc,quantitative,75.0,70.9118,ng/mL,-5.451,1,3,137401.9,145323.5,0.94549,4.204,0,pass,-15.0,15.0,,synthetic:R00251:mid_qc:1
R00251,mid_qc,quantitative,75.0,71.3897,ng/mL,-4.8137,2,4,140082.8,147167.0,0.95186,4.18,0,pass,-15.0,15.0,,synthetic:R00251:mid_qc:2
R00251,high_qc,quantitative,200.0,198.6645,ng/mL,-0.6678,1,5,157757.2,158817.8,0.99332,4.228,0,pass,-15.0,15.0,,synthetic:R00251:high_qc:1
R00251,high_qc,quantitative,200.0,191.3717,ng/mL,-4.3142,2,6,141211.3,147578.0,0.95686,4.211,0,pass,-15.0,15.0,,synthetic:R00251:high_qc:2
R00252,low_qc,quantitative,6.0,6.4265,ng/mL,7.1088,1,1,161061.5,150371.9,1.07109,4.208,0,pass,-15.0,15.0,,synthetic:R00252:low_qc:1
R00252,low_qc,quantitative,6.0,6.583,ng/mL,9.7166,2,2,165286.4,150648.4,1.09717,4.226,0,pass,-15.0,15.0,,synthetic:R00252:low_qc:2
R00252,mid_qc,quantitative,150.0,154.3727,ng/mL,2.9151,1,3,165890.2,161191.3,1.02915,4.21,0,pass,-15.0,15.0,,synthetic:R00252:mid_qc:1
R00252,mid_qc,quantitative,150.0,167.4528,ng/mL,11.6352,2,4,168974.5,151363.0,1.11635,4.183,0,pass,-15.0,15.0,,synthetic:R00252:mid_qc:2
R00252,high_qc,quantitative,400.0,407.7716,ng/mL,1.9429,1,5,155331.3,152370.9,1.01943,4.198,0,pass,-15.0,15.0,,synthetic:R00252:high_qc:1
R00252,high_qc,quantitative,400.0,431.4281,ng/mL,7.857,2,6,164163.1,152204.4,1.07857,4.243,0,pass,-15.0,15.0,,synthetic:R00252:high_qc:2
R00253,low_qc,quantitative,3.0,3.0746,ng/mL,2.4852,1,1,144611.2,141104.4,1.02485,4.191,0,pass,-15.0,15.0,,synthetic:R00253:low_qc:1
R00253,low_qc,quantitative,3.0,2.9955,ng/mL,-0.151,2,2,155028.3,155262.7,0.99849,4.208,0,pass,-15.0,15.0,,synthetic:R00253:low_qc:2
R00253,mid_qc,quantitative,30.0,28.7435,ng/mL,-4.1883,1,3,141812.3,148011.4,0.95812,4.191,0,pass,-15.0,15.0,,synthetic:R00253:mid_qc:1
R00253,mid_qc,quantitative,30.0,30.5059,ng/mL,1.6865,2,4,146952.9,144515.7,1.01686,4.205,0,pass,-15.0,15.0,,synthetic:R00253:mid_qc:2
R00253,high_qc,quantitative,80.0,79.6517,ng/mL,-0.4353,1,5,143693.4,144321.7,0.99565,4.204,0,pass,-15.0,15.0,,synthetic:R00253:high_qc:1
R00253,high_qc,quantitative,80.0,82.4728,ng/mL,3.091,2,6,150990.1,146462.9,1.03091,4.196,0,pass,-15.0,15.0,,synthetic:R00253:high_qc:2
R00254,low_qc,quantitative,1.5,1.1285,ng/mL,-24.7656,1,1,110365.3,146695.4,0.75234,4.209,0,fail,-15.0,15.0,,synthetic:R00254:low_qc:1
R00254,low_qc,quantitative,1.5,1.4082,ng/mL,-6.1172,2,2,135978.1,144838.2,0.93883,4.242,0,pass,-15.0,15.0,,synthetic:R00254:low_qc:2
R00254,mid_qc,quantitative,75.0,67.5451,ng/mL,-9.9399,1,3,127109.9,141139.0,0.9006,4.23,0,pass,-15.0,15.0,,synthetic:R00254:mid_qc:1
R00254,mid_qc,quantitative,75.0,72.8081,ng/mL,-2.9225,2,4,148335.9,152801.5,0.97078,4.231,0,pass,-15.0,15.0,,synthetic:R00254:mid_qc:2
R00254,high_qc,quantitative,200.0,191.1076,ng/mL,-4.4462,1,5,142367.7,148992.2,0.95554,4.195,0,pass,-15.0,15.0,,synthetic:R00254:high_qc:1
R00254,high_qc,quantitative,200.0,192.5215,ng/mL,-3.7392,2,6,132379.2,137521.5,0.96261,4.183,0,pass,-15.0,15.0,,synthetic:R00254:high_qc:2
R00255,low_qc,quantitative,6.0,5.3012,ng/mL,-11.6472,1,1,137734.8,155891.8,0.88353,4.208,0,pass,-15.0,15.0,,synthetic:R00255:low_qc:1
R00255,low_qc,quantitative,6.0,5.6301,ng/mL,-6.1649,2,2,140579.6,149815.6,0.93835,4.209,0,pass,-15.0,15.0,,synthetic:R00255:low_qc:2
R00255,mid_qc,quantitative,150.0,161.9877,ng/mL,7.9918,1,3,151790.6,140557.5,1.07992,4.232,0,pass,-15.0,15.0,,synthetic:R00255:mid_qc:1
R00255,mid_qc,quantitative,150.0,147.3115,ng/mL,-1.7923,2,4,151860.6,154632.1,0.98208,4.177,0,pass,-15.0,15.0,,synthetic:R00255:mid_qc:2
R00255,high_qc,quantitative,400.0,414.9622,ng/mL,3.7405,1,5,172883.5,166649.9,1.03741,4.206,0,pass,-15.0,15.0,,synthetic:R00255:high_qc:1
R00255,high_qc,quantitative,400.0,374.9903,ng/mL,-6.2524,2,6,131507.6,140278.4,0.93748,4.228,0,pass,-15.0,15.0,,synthetic:R00255:high_qc:2
R00256,low_qc,quantitative,3.0,2.926,ng/mL,-2.4676,1,1,149983.6,153778.2,0.97532,4.215,0,pass,-15.0,15.0,,synthetic:R00256:low_qc:1
R00256,low_qc,quantitative,3.0,2.9561,ng/mL,-1.4642,2,2,150607.7,152845.6,0.98536,4.216,0,pass,-15.0,15.0,,synthetic:R00256:low_qc:2
R00256,mid_qc,quantitative,30.0,28.8435,ng/mL,-3.855,1,3,145661.9,151502.4,0.96145,4.239,0,pass,-15.0,15.0,,synthetic:R00256:mid_qc:1
R00256,mid_qc,quantitative,30.0,30.6366,ng/mL,2.1222,2,4,153775.3,150579.8,1.02122,4.202,0,pass,-15.0,15.0,,synthetic:R00256:mid_qc:2
R00256,high_qc,quantitative,80.0,77.3001,ng/mL,-3.3748,1,5,141449.2,146389.6,0.96625,4.236,0,pass,-15.0,15.0,,synthetic:R00256:high_qc:1
R00256,high_qc,quantitative,80.0,80.1932,ng/mL,0.2415,2,6,148282.3,147925.1,1.00242,4.187,0,pass,-15.0,15.0,,synthetic:R00256:high_qc:2
R00257,low_qc,quantitative,1.5,1.4736,ng/mL,-1.7617,1,1,152821.7,155562.2,0.98238,4.194,0,pass,-15.0,15.0,,synthetic:R00257:low_qc:1
R00257,low_qc,quantitative,1.5,1.594,ng/mL,6.264,2,2,163020.7,153411.1,1.06264,4.205,0,pass,-15.0,15.0,,synthetic:R00257:low_qc:2
R00257,mid_qc,quantitative,75.0,78.4226,ng/mL,4.5635,1,3,156072.2,149260.7,1.04563,4.246,0,pass,-15.0,15.0,,synthetic:R00257:mid_qc:1
R00257,mid_qc,quantitative,75.0,76.0639,ng/mL,1.4186,2,4,157024.3,154828.0,1.01419,4.235,0,pass,-15.0,15.0,,synthetic:R00257:mid_qc:2
R00257,high_qc,quantitative,200.0,196.9161,ng/mL,-1.5419,1,5,152929.7,155324.7,0.98458,4.197,0,pass,-15.0,15.0,,synthetic:R00257:high_qc:1
R00257,high_qc,quantitative,200.0,212.2659,ng/mL,6.133,2,6,164891.2,155362.8,1.06133,4.249,0,pass,-15.0,15.0,,synthetic:R00257:high_qc:2
R00258,low_qc,quantitative,6.0,6.3594,ng/mL,5.9892,1,1,158997.4,150012.8,1.05989,4.224,0,pass,-15.0,15.0,,synthetic:R00258:low_qc:1
R00258,low_qc,quantitative,6.0,5.1919,ng/mL,-13.4685,2,2,118770.3,137256.6,0.86532,4.198,0,pass,-15.0,15.0,,synthetic:R00258:low_qc:2
R00258,mid_qc,quantitative,150.0,152.2696,ng/mL,1.5131,1,3,154366.9,152066.0,1.01513,4.194,0,pass,-15.0,15.0,,synthetic:R00258:mid_qc:1
R00258,mid_qc,quantitative,150.0,153.4512,ng/mL,2.3008,2,4,153221.9,149775.9,1.02301,4.229,0,pass,-15.0,15.0,,synthetic:R00258:mid_qc:2
R00258,high_qc,quantitative,400.0,420.4341,ng/mL,5.1085,1,5,154041.6,146554.8,1.05109,4.2,0,pass,-15.0,15.0,,synthetic:R00258:high_qc:1
R00258,high_qc,quantitative,400.0,435.6908,ng/mL,8.9227,2,6,170298.1,156347.7,1.08923,4.222,0,pass,-15.0,15.0,,synthetic:R00258:high_qc:2
R00259,low_qc,quantitative,3.0,2.9735,ng/mL,-0.8821,1,1,149814.3,151147.5,0.99118,4.183,0,pass,-15.0,15.0,,synthetic:R00259:low_qc:1
R00259,low_qc,quantitative,3.0,2.9749,ng/mL,-0.8381,2,2,150704.8,151978.5,0.99162,4.197,0,pass,-15.0,15.0,,synthetic:R00259:low_qc:2
R00259,mid_qc,quantitative,30.0,29.6245,ng/mL,-1.2518,1,3,141007.9,142795.4,0.98748,4.223,0,pass,-15.0,15.0,,synthetic:R00259:mid_qc:1
R00259,mid_qc,quantitative,30.0,31.5145,ng/mL,5.0485,2,4,153856.0,146461.9,1.05048,4.24,0,pass,-15.0,15.0,,synthetic:R00259:mid_qc:2
R00259,high_qc,quantitative,80.0,77.9391,ng/mL,-2.5762,1,5,152148.7,156172.0,0.97424,4.287,0,pass,-15.0,15.0,,synthetic:R00259:high_qc:1
R00259,high_qc,quantitative,80.0,78.7244,ng/mL,-1.5946,2,6,149073.8,151489.3,0.98405,4.223,0,pass,-15.0,15.0,,synthetic:R00259:high_qc:2
R00260,low_qc,quantitative,1.5,1.4465,ng/mL,-3.5646,1,1,152489.0,158125.6,0.96435,4.212,0,pass,-15.0,15.0,,synthetic:R00260:low_qc:1
R00260,low_qc,quantitative,1.5,1.3886,ng/mL,-7.4296,2,2,143565.1,155087.5,0.9257,4.218,0,pass,-15.0,15.0,,synthetic:R00260:low_qc:2
R00260,mid_qc,quantitative,75.0,71.9968,ng/mL,-4.0043,1,3,136789.7,142495.6,0.95996,4.198,0,pass,-15.0,15.0,,synthetic:R00260:mid_qc:1
R00260,mid_qc,quantitative,75.0,74.6326,ng/mL,-0.4899,2,4,156680.6,157452.0,0.9951,4.217,0,pass,-15.0,15.0,,synthetic:R00260:mid_qc:2
R00260,high_qc,quantitative,200.0,206.5209,ng/mL,3.2604,1,5,158073.8,153082.6,1.0326,4.246,0,pass,-15.0,15.0,,synthetic:R00260:high_qc:1
R00260,high_qc,quantitative,200.0,189.391,ng/mL,-5.3045,2,6,131228.6,138579.5,0.94695,4.212,0,pass,-15.0,15.0,,synthetic:R00260:high_qc:2
R00261,low_qc,quantitative,6.0,6.1805,ng/mL,3.0085,1,1,143860.8,139659.2,1.03008,4.207,0,pass,-15.0,15.0,,synthetic:R00261:low_qc:1
R00261,low_qc,quantitative,6.0,6.3471,ng/mL,5.7846,2,2,158545.2,149875.5,1.05785,4.201,0,pass,-15.0,15.0,,synthetic:R00261:low_qc:2
R00261,mid_qc,quantitative,150.0,154.6327,ng/mL,3.0885,1,3,154229.0,149608.4,1.03088,4.209,0,pass,-15.0,15.0,,synthetic:R00261:mid_qc:1
R00261,mid_qc,quantitative,150.0,165.8349,ng/mL,10.5566,2,4,178388.2,161354.6,1.10557,4.202,0,pass,-15.0,15.0,,synthetic:R00261:mid_qc:2
R00261,high_qc,quantitative,400.0,432.5581,ng/mL,8.1395,1,5,164715.8,152317.8,1.0814,4.215,0,pass,-15.0,15.0,,synthetic:R00261:high_qc:1
R00261,high_qc,quantitative,400.0,410.5662,ng/mL,2.6415,2,6,153875.5,149915.4,1.02642,4.162,0,pass,-15.0,15.0,,synthetic:R00261:high_qc:2
R00262,low_qc,quantitative,3.0,3.188,ng/mL,6.2681,1,1,156821.1,147571.2,1.06268,4.199,0,pass,-15.0,15.0,,synthetic:R00262:low_qc:1
R00262,low_qc,quantitative,3.0,3.1316,ng/mL,4.3881,2,2,161142.8,154368.9,1.04388,4.182,0,pass,-15.0,15.0,,synthetic:R00262:low_qc:2
R00262,mid_qc,quantitative,30.0,30.107,ng/mL,0.3566,1,3,150257.3,149723.4,1.00357,4.22,0,pass,-15.0,15.0,,synthetic:R00262:mid_qc:1
R00262,mid_qc,quantitative,30.0,32.4491,ng/mL,8.1637,2,4,164565.1,152144.4,1.08164,4.237,0,pass,-15.0,15.0,,synthetic:R00262:mid_qc:2
R00262,high_qc,quantitative,80.0,82.8564,ng/mL,3.5705,1,5,160815.9,155271.9,1.0357,4.2,0,pass,-15.0,15.0,,synthetic:R00262:high_qc:1
R00262,high_qc,quantitative,80.0,81.6222,ng/mL,2.0277,2,6,150493.2,147502.3,1.02028,4.186,0,pass,-15.0,15.0,,synthetic:R00262:high_qc:2
R00263,low_qc,quantitative,1.5,1.4331,ng/mL,-4.4598,1,1,141517.5,148123.6,0.9554,4.148,0,pass,-15.0,15.0,,synthetic:R00263:low_qc:1
R00263,low_qc,quantitative,1.5,1.4115,ng/mL,-5.8971,2,2,141099.6,149941.8,0.94103,4.228,0,pass,-15.0,15.0,,synthetic:R00263:low_qc:2
R00263,mid_qc,quantitative,75.0,64.9067,ng/mL,-13.4577,1,3,133697.8,154488.5,0.86542,4.208,0,pass,-15.0,15.0,,synthetic:R00263:mid_qc:1
R00263,mid_qc,quantitative,75.0,69.2666,ng/mL,-7.6445,2,4,134798.5,145956.1,0.92356,4.194,0,pass,-15.0,15.0,,synthetic:R00263:mid_qc:2
R00263,high_qc,quantitative,200.0,171.9527,ng/mL,-14.0236,1,5,123816.5,144012.3,0.85976,4.219,0,pass,-15.0,15.0,,synthetic:R00263:high_qc:1
R00263,high_qc,quantitative,200.0,170.7783,ng/mL,-14.6109,2,6,126142.6,147726.7,0.85389,4.189,0,pass,-15.0,15.0,,synthetic:R00263:high_qc:2
R00264,low_qc,quantitative,6.0,6.8228,ng/mL,13.7136,1,1,178716.7,157163.9,1.13714,4.211,0,pass,-15.0,15.0,,synthetic:R00264:low_qc:1
R00264,low_qc,quantitative,6.0,6.3,ng/mL,4.9994,2,2,163135.5,155368.0,1.04999,4.213,0,pass,-15.0,15.0,,synthetic:R00264:low_qc:2
R00264,mid_qc,quantitative,150.0,170.2197,ng/mL,13.4798,1,3,172525.8,152032.2,1.1348,4.186,0,pass,-15.0,15.0,,synthetic:R00264:mid_qc:1
R00264,mid_qc,quantitative,150.0,156.5411,ng/mL,4.3607,2,4,156858.6,150304.2,1.04361,4.226,0,pass,-15.0,15.0,,synthetic:R00264:mid_qc:2
R00264,high_qc,quantitative,400.0,418.3181,ng/mL,4.5795,1,5,150301.1,143719.5,1.0458,4.195,0,pass,-15.0,15.0,,synthetic:R00264:high_qc:1
R00264,high_qc,quantitative,400.0,407.5139,ng/mL,1.8785,2,6,153137.1,150313.5,1.01878,4.194,0,pass,-15.0,15.0,,synthetic:R00264:high_qc:2
R00265,low_qc,quantitative,3.0,3.1921,ng/mL,6.4046,1,1,169522.7,159318.9,1.06405,4.207,0,pass,-15.0,15.0,,synthetic:R00265:low_qc:1
R00265,low_qc,quantitative,3.0,3.0965,ng/mL,3.2154,2,2,150085.3,145409.7,1.03215,4.201,0,pass,-15.0,15.0,,synthetic:R00265:low_qc:2
R00265,mid_qc,quantitative,30.0,29.1764,ng/mL,-2.7452,1,3,143564.3,147616.6,0.97255,4.238,0,pass,-15.0,15.0,,synthetic:R00265:mid_qc:1
R00265,mid_qc,quantitative,30.0,30.2198,ng/mL,0.7326,2,4,145304.2,144247.5,1.00733,4.223,0,pass,-15.0,15.0,,synthetic:R00265:mid_qc:2
R00265,high_qc,quantitative,80.0,80.594,ng/mL,0.7425,1,5,151688.0,150570.0,1.00743,4.199,0,pass,-15.0,15.0,,synthetic:R00265:high_qc:1
R00265,high_qc,quantitative,80.0,80.7191,ng/mL,0.8989,2,6,152833.8,151472.2,1.00899,4.202,0,pass,-15.0,15.0,,synthetic:R00265:high_qc:2
R00266,low_qc,quantitative,1.5,1.517,ng/mL,1.132,1,1,145545.7,143916.6,1.01132,4.201,0,pass,-15.0,15.0,,synthetic:R00266:low_qc:1
R00266,low_qc,quantitative,1.5,1.5487,ng/mL,3.2459,2,2,148511.7,143842.7,1.03246,4.207,0,pass,-15.0,15.0,,synthetic:R00266:low_qc:2
R00266,mid_qc,quantitative,75.0,73.8182,ng/mL,-1.5757,1,3,161050.5,163628.8,0.98424,4.236,0,pass,-15.0,15.0,,synthetic:R00266:mid_qc:1
R00266,mid_qc,quantitative,75.0,74.0465,ng/mL,-1.2713,2,4,148244.8,150153.7,0.98729,4.214,0,pass,-15.0,15.0,,synthetic:R00266:mid_qc:2
R00266,high_qc,quantitative,200.0,211.5334,ng/mL,5.7667,1,5,149558.6,141404.3,1.05767,4.201,0,pass,-15.0,15.0,,synthetic:R00266:high_qc:1
R00266,high_qc,quantitative,200.0,200.0453,ng/mL,0.0227,2,6,150757.6,150723.4,1.00023,4.233,0,pass,-15.0,15.0,,synthetic:R00266:high_qc:2
R00267,low_qc,quantitative,6.0,6.3011,ng/mL,5.0181,1,1,153960.1,146603.5,1.05018,4.241,0,pass,-15.0,15.0,,synthetic:R00267:low_qc:1
R00267,low_qc,quantitative,6.0,6.3371,ng/mL,5.6181,2,2,154044.7,145850.7,1.05618,4.207,0,pass,-15.0,15.0,,synthetic:R00267:low_qc:2
R00267,mid_qc,quantitative,150.0,160.6041,ng/mL,7.0694,1,3,173955.4,162469.8,1.07069,4.203,0,pass,-15.0,15.0,,synthetic:R00267:mid_qc:1
R00267,mid_qc,quantitative,150.0,154.8554,ng/mL,3.237,2,4,143418.0,138921.2,1.03237,4.212,0,pass,-15.0,15.0,,synthetic:R00267:mid_qc:2
R00267,high_qc,quantitative,400.0,426.5383,ng/mL,6.6346,1,5,148233.4,139010.7,1.06635,4.21,0,pass,-15.0,15.0,,synthetic:R00267:high_qc:1
R00267,high_qc,quantitative,400.0,431.8917,ng/mL,7.9729,2,6,169561.3,157040.6,1.07973,4.183,0,pass,-15.0,15.0,,synthetic:R00267:high_qc:2
R00268,low_qc,quantitative,3.0,2.9711,ng/mL,-0.9617,1,1,152682.0,154164.6,0.99038,4.188,0,pass,-15.0,15.0,,synthetic:R00268:low_qc:1
R00268,low_qc,quantitative,3.0,2.9364,ng/mL,-2.1187,2,2,135447.4,138379.3,0.97881,4.231,0,pass,-15.0,15.0,,synthetic:R00268:low_qc:2
R00268,mid_qc,quantitative,30.0,31.1165,ng/mL,3.7216,1,3,150009.6,144627.2,1.03722,4.204,0,pass,-15.0,15.0,,synthetic:R00268:mid_qc:1
R00268,mid_qc,quantitative,30.0,29.8908,ng/mL,-0.3641,2,4,157258.9,157833.7,0.99636,4.224,0,pass,-15.0,15.0,,synthetic:R00268:mid_qc:2
R00268,high_qc,quantitative,80.0,81.2462,ng/mL,1.5577,1,5,158517.1,156085.7,1.01558,4.228,0,pass,-15.0,15.0,,synthetic:R00268:high_qc:1
R00268,high_qc,quantitative,80.0,80.2965,ng/mL,0.3706,2,6,142217.9,141692.8,1.00371,4.196,0,pass,-15.0,15.0,,synthetic:R00268:high_qc:2
R00269,low_qc,quantitative,1.5,1.4093,ng/mL,-6.0483,1,1,147953.3,157478.1,0.93952,4.203,0,pass,-15.0,15.0,,synthetic:R00269:low_qc:1
R00269,low_qc,quantitative,1.5,1.5617,ng/mL,4.1112,2,2,156143.5,149977.6,1.04111,4.189,0,pass,-15.0,15.0,,synthetic:R00269:low_qc:2
R00269,mid_qc,quantitative,75.0,73.6174,ng/mL,-1.8435,1,3,154251.3,157148.4,0.98156,4.216,0,pass,-15.0,15.0,,synthetic:R00269:mid_qc:1
R00269,mid_qc,quantitative,75.0,71.7299,ng/mL,-4.3601,2,4,150981.0,157864.1,0.9564,4.204,0,pass,-15.0,15.0,,synthetic:R00269:mid_qc:2
R00269,high_qc,quantitative,200.0,201.5734,ng/mL,0.7867,1,5,157077.7,155851.7,1.00787,4.191,0,pass,-15.0,15.0,,synthetic:R00269:high_qc:1
R00269,high_qc,quantitative,200.0,189.4595,ng/mL,-5.2702,2,6,144562.8,152605.4,0.9473,4.197,0,pass,-15.0,15.0,,synthetic:R00269:high_qc:2
R00270,low_qc,quantitative,6.0,6.4702,ng/mL,7.8372,1,1,165432.4,153409.4,1.07837,4.223,0,pass,-15.0,15.0,,synthetic:R00270:low_qc:1
R00270,low_qc,quantitative,6.0,6.0446,ng/mL,0.7425,2,2,155486.1,154340.1,1.00743,4.222,0,pass,-15.0,15.0,,synthetic:R00270:low_qc:2
R00270,mid_qc,quantitative,150.0,163.7293,ng/mL,9.1529,1,3,157659.6,144439.3,1.09153,4.179,0,pass,-15.0,15.0,,synthetic:R00270:mid_qc:1
R00270,mid_qc,quantitative,150.0,153.6158,ng/mL,2.4105,2,4,155819.2,152151.6,1.02411,4.221,0,pass,-15.0,15.0,,synthetic:R00270:mid_qc:2
R00270,high_qc,quantitative,400.0,335.7508,ng/mL,-16.0623,1,5,125054.8,148985.3,0.83938,4.204,0,fail,-15.0,15.0,,synthetic:R00270:high_qc:1
R00270,high_qc,quantitative,400.0,420.233,ng/mL,5.0583,2,6,154833.8,147379.0,1.05058,4.247,0,pass,-15.0,15.0,,synthetic:R00270:high_qc:2
R00271,low_qc,quantitative,3.0,3.0587,ng/mL,1.9563,1,1,145458.9,142667.9,1.01956,4.212,0,pass,-15.0,15.0,,synthetic:R00271:low_qc:1
R00271,low_qc,quantitative,3.0,3.0608,ng/mL,2.0269,2,2,155766.7,152672.2,1.02027,4.197,0,pass,-15.0,15.0,,synthetic:R00271:low_qc:2
R00271,mid_qc,quantitative,30.0,29.7635,ng/mL,-0.7883,1,3,157181.4,158430.4,0.99212,4.233,0,pass,-15.0,15.0,,synthetic:R00271:mid_qc:1
R00271,mid_qc,quantitative,30.0,31.4925,ng/mL,4.9749,2,4,155341.6,147979.8,1.04975,4.229,0,pass,-15.0,15.0,,synthetic:R00271:mid_qc:2
R00271,high_qc,quantitative,80.0,82.3191,ng/mL,2.8989,1,5,155385.6,151008.0,1.02899,4.199,0,pass,-15.0,15.0,,synthetic:R00271:high_qc:1
R00271,high_qc,quantitative,80.0,82.4134,ng/mL,3.0168,2,6,152892.7,148415.3,1.03017,4.206,0,pass,-15.0,15.0,,synthetic:R00271:high_qc:2
R00272,low_qc,quantitative,1.5,1.4038,ng/mL,-6.4121,1,1,128756.1,137577.8,0.93588,4.195,0,pass,-15.0,15.0,,synthetic:R00272:low_qc:1
R00272,low_qc,quantitative,1.5,1.3589,ng/mL,-9.4061,2,2,129864.3,143347.6,0.90594,4.244,0,pass,-15.0,15.0,,synthetic:R00272:low_qc:2
R00272,mid_qc,quantitative,75.0,66.5947,ng/mL,-11.2071,1,3,121302.0,136612.3,0.88793,4.21,0,pass,-15.0,15.0,,synthetic:R00272:mid_qc:1
R00272,mid_qc,quantitative,75.0,54.4852,ng/mL,-27.353,2,4,104036.3,143208.0,0.72647,4.191,0,fail,-15.0,15.0,,synthetic:R00272:mid_qc:2
R00272,high_qc,quantitative,200.0,173.5661,ng/mL,-13.2169,1,5,123014.8,141749.8,0.86783,4.234,0,pass,-15.0,15.0,,synthetic:R00272:high_qc:1
R00272,high_qc,quantitative,200.0,175.0959,ng/mL,-12.452,2,6,133071.3,151998.1,0.87548,4.228,0,pass,-15.0,15.0,,synthetic:R00272:high_qc:2
R00273,low_qc,quantitative,6.0,6.5698,ng/mL,9.4975,1,1,171960.6,157045.3,1.09497,4.198,0,pass,-15.0,15.0,,synthetic:R00273:low_qc:1
R00273,low_qc,quantitative,6.0,7.435,ng/mL,23.9168,2,2,189809.1,153174.7,1.23917,4.193,0,fail,-15.0,15.0,,synthetic:R00273:low_qc:2
R00273,mid_qc,quantitative,150.0,160.62,ng/mL,7.08,1,3,155232.9,144969.1,1.0708,4.218,0,pass,-15.0,15.0,,synthetic:R00273:mid_qc:1
R00273,mid_qc,quantitative,150.0,157.9386,ng/mL,5.2924,2,4,158780.2,150799.3,1.05292,4.207,0,pass,-15.0,15.0,,synthetic:R00273:mid_qc:2
R00273,high_qc,quantitative,400.0,421.4768,ng/mL,5.3692,1,5,148426.1,140862.8,1.05369,4.203,0,pass,-15.0,15.0,,synthetic:R00273:high_qc:1
R00273,high_qc,quantitative,400.0,452.5098,ng/mL,13.1274,2,6,175666.9,155282.3,1.13127,4.211,0,pass,-15.0,15.0,,synthetic:R00273:high_qc:2
R00274,low_qc,quantitative,3.0,2.9106,ng/mL,-2.9809,1,1,144679.7,149124.9,0.97019,4.193,0,pass,-15.0,15.0,,synthetic:R00274:low_qc:1
R00274,low_qc,quantitative,3.0,2.8613,ng/mL,-4.622,2,2,142520.9,149427.5,0.95378,4.165,0,pass,-15.0,15.0,,synthetic:R00274:low_qc:2
R00274,mid_qc,quantitative,30.0,29.7928,ng/mL,-0.6906,1,3,149083.4,150120.1,0.99309,4.186,0,pass,-15.0,15.0,,synthetic:R00274:mid_qc:1
R00274,mid_qc,quantitative,30.0,29.7266,ng/mL,-0.9113,2,4,135144.4,136387.4,0.99089,4.205,0,pass,-15.0,15.0,,synthetic:R00274:mid_qc:2
R00274,high_qc,quantitative,80.0,78.4904,ng/mL,-1.887,1,5,144503.2,147282.3,0.98113,4.193,0,pass,-15.0,15.0,,synthetic:R00274:high_qc:1
R00274,high_qc,quantitative,80.0,73.1209,ng/mL,-8.5989,2,6,133391.0,145940.3,0.91401,4.225,0,pass,-15.0,15.0,,synthetic:R00274:high_qc:2
R00275,low_qc,quantitative,1.5,1.509,ng/mL,0.6032,1,1,150230.0,149329.3,1.00603,4.214,0,pass,-15.0,15.0,,synthetic:R00275:low_qc:1
R00275,low_qc,quantitative,1.5,1.5412,ng/mL,2.7456,2,2,158106.9,153882.0,1.02746,4.18,0,pass,-15.0,15.0,,synthetic:R00275:low_qc:2
R00275,mid_qc,quantitative,75.0,74.7253,ng/mL,-0.3663,1,3,156760.9,157337.3,0.99634,4.224,0,pass,-15.0,15.0,,synthetic:R00275:mid_qc:1
R00275,mid_qc,quantitative,75.0,77.1782,ng/mL,2.9042,2,4,150200.2,145961.2,1.02904,4.218,0,pass,-15.0,15.0,,synthetic:R00275:mid_qc:2
R00275,high_qc,quantitative,200.0,207.3771,ng/mL,3.6886,1,5,154094.5,148612.8,1.03689,4.227,0,pass,-15.0,15.0,,synthetic:R00275:high_qc:1
R00275,high_qc,quantitative,200.0,206.2655,ng/mL,3.1328,2,6,166173.6,161125.9,1.03133,4.179,0,pass,-15.0,15.0,,synthetic:R00275:high_qc:2
R00276,low_qc,quantitative,6.0,6.2098,ng/mL,3.4965,1,1,150944.2,145844.7,1.03497,4.195,0,pass,-15.0,15.0,,synthetic:R00276:low_qc:1
R00276,low_qc,quantitative,6.0,6.53,ng/mL,8.8334,2,2,155634.2,143002.3,1.08833,4.239,0,pass,-15.0,15.0,,synthetic:R00276:low_qc:2
R00276,mid_qc,quantitative,150.0,156.3013,ng/mL,4.2009,1,3,161883.5,155357.1,1.04201,4.22,0,pass,-15.0,15.0,,synthetic:R00276:mid_qc:1
R00276,mid_qc,quantitative,150.0,167.9588,ng/mL,11.9725,2,4,173704.1,155131.0,1.11973,4.196,0,pass,-15.0,15.0,,synthetic:R00276:mid_qc:2
R00276,high_qc,quantitative,400.0,416.6944,ng/mL,4.1736,1,5,168487.5,161737.3,1.04174,4.21,0,pass,-15.0,15.0,,synthetic:R00276:high_qc:1
R00276,high_qc,quantitative,400.0,437.1655,ng/mL,9.2914,2,6,170881.7,156354.2,1.09291,4.221,0,pass,-15.0,15.0,,synthetic:R00276:high_qc:2
R00277,low_qc,quantitative,3.0,2.8543,ng/mL,-4.8557,1,1,144540.6,151917.2,0.95144,4.183,0,pass,-15.0,15.0,,synthetic:R00277:low_qc:1
R00277,low_qc,quantitative,3.0,2.9432,ng/mL,-1.8948,2,2,148804.2,151678.2,0.98105,4.219,0,pass,-15.0,15.0,,synthetic:R00277:low_qc:2
R00277,mid_qc,quantitative,30.0,31.0887,ng/mL,3.629,1,3,146274.6,141152.2,1.03629,4.232,0,pass,-15.0,15.0,,synthetic:R00277:mid_qc:1
R00277,mid_qc,quantitative,30.0,28.642,ng/mL,-4.5268,2,4,137362.5,143875.5,0.95473,4.213,0,pass,-15.0,15.0,,synthetic:R00277:mid_qc:2
R00277,high_qc,quantitative,80.0,83.8311,ng/mL,4.7888,1,5,163392.2,155925.2,1.04789,4.188,0,pass,-15.0,15.0,,synthetic:R00277:high_qc:1
R00277,high_qc,quantitative,80.0,77.9193,ng/mL,-2.6008,2,6,140059.3,143799.3,0.97399,4.221,0,pass,-15.0,15.0,,synthetic:R00277:high_qc:2
R00278,low_qc,quantitative,1.5,1.365,ng/mL,-9.0012,1,1,134001.0,147255.9,0.90999,4.193,0,pass,-15.0,15.0,,synthetic:R00278:low_qc:1
R00278,low_qc,quantitative,1.5,1.4724,ng/mL,-1.8397,2,2,152647.3,155508.2,0.9816,4.212,0,pass,-15.0,15.0,,synthetic:R00278:low_qc:2
R00278,mid_qc,quantitative,75.0,74.0915,ng/mL,-1.2113,1,3,142782.2,144533.0,0.98789,4.172,0,pass,-15.0,15.0,,synthetic:R00278:mid_qc:1
R00278,mid_qc,quantitative,75.0,74.5118,ng/mL,-0.651,2,4,144905.2,145854.6,0.99349,4.227,0,pass,-15.0,15.0,,synthetic:R00278:mid_qc:2
R00278,high_qc,quantitative,200.0,203.8956,ng/mL,1.9478,1,5,146959.7,144151.8,1.01948,4.182,0,pass,-15.0,15.0,,synthetic:R00278:high_qc:1
R00278,high_qc,quantitative,200.0,234.6294,ng/mL,17.3147,2,6,173982.1,148303.8,1.17315,4.199,0,fail,-15.0,15.0,,synthetic:R00278:high_qc:2
R00279,low_qc,quantitative,6.0,6.0249,ng/mL,0.415,1,1,165134.4,164452.0,1.00415,4.168,0,pass,-15.0,15.0,,synthetic:R00279:low_qc:1
R00279,low_qc,quantitative,6.0,6.1093,ng/mL,1.8217,2,2,150770.0,148072.5,1.01822,4.186,0,pass,-15.0,15.0,,synthetic:R00279:low_qc:2
R00279,mid_qc,quantitative,150.0,155.1017,ng/mL,3.4012,1,3,159335.0,154094.0,1.03401,4.206,0,pass,-15.0,15.0,,synthetic:R00279:mid_qc:1
R00279,mid_qc,quantitative,150.0,151.4675,ng/mL,0.9783,2,4,148220.5,146784.6,1.00978,4.212,0,pass,-15.0,15.0,,synthetic:R00279:mid_qc:2
R00279,high_qc,quantitative,400.0,430.134,ng/mL,7.5335,1,5,165601.2,153999.7,1.07533,4.209,0,pass,-15.0,15.0,,synthetic:R00279:high_qc:1
R00279,high_qc,quantitative,400.0,400.7909,ng/mL,0.1977,2,6,157028.0,156718.2,1.00198,4.206,0,pass,-15.0,15.0,,synthetic:R00279:high_qc:2
R00280,low_qc,quantitative,3.0,3.1463,ng/mL,4.8773,1,1,160279.4,152825.6,1.04877,4.2,0,pass,-15.0,15.0,,synthetic:R00280:low_qc:1
R00280,low_qc,quantitative,3.0,3.0442,ng/mL,1.473,2,2,154294.7,152054.9,1.01473,4.173,0,pass,-15.0,15.0,,synthetic:R00280:low_qc:2
R00280,mid_qc,quantitative,30.0,31.7836,ng/mL,5.9452,1,3,153268.0,144667.3,1.05945,4.227,0,pass,-15.0,15.0,,synthetic:R00280:mid_qc:1
R00280,mid_qc,quantitative,30.0,31.7034,ng/mL,5.6779,2,4,150270.2,142196.5,1.05678,4.196,0,pass,-15.0,15.0,,synthetic:R00280:mid_qc:2
R00280,high_qc,quantitative,80.0,83.363,ng/mL,4.2038,1,5,165929.9,159236.0,1.04204,4.24,0,pass,-15.0,15.0,,synthetic:R00280:high_qc:1
R00280,high_qc,quantitative,80.0,80.7996,ng/mL,0.9994,2,6,156770.7,155219.4,1.00999,4.224,0,pass,-15.0,15.0,,synthetic:R00280:high_qc:2
R00281,low_qc,quantitative,1.5,1.2611,ng/mL,-15.9252,1,1,123387.4,146759.2,0.84075,4.211,0,fail,-15.0,15.0,,synthetic:R00281:low_qc:1
R00281,low_qc,quantitative,1.5,1.3863,ng/mL,-7.578,2,2,123921.7,134082.5,0.92422,4.246,0,pass,-15.0,15.0,,synthetic:R00281:low_qc:2
R00281,mid_qc,quantitative,75.0,69.2908,ng/mL,-7.6122,1,3,129193.5,139838.4,0.92388,4.226,0,pass,-15.0,15.0,,synthetic:R00281:mid_qc:1
R00281,mid_qc,quantitative,75.0,66.701,ng/mL,-11.0653,2,4,125091.5,140655.4,0.88935,4.178,0,pass,-15.0,15.0,,synthetic:R00281:mid_qc:2
R00281,high_qc,quantitative,200.0,183.8636,ng/mL,-8.0682,1,5,132464.3,144089.7,0.91932,4.197,0,pass,-15.0,15.0,,synthetic:R00281:high_qc:1
R00281,high_qc,quantitative,200.0,181.3386,ng/mL,-9.3307,2,6,132506.6,146142.7,0.90669,4.208,0,pass,-15.0,15.0,,synthetic:R00281:high_qc:2
R00282,low_qc,quantitative,6.0,6.4112,ng/mL,6.8525,1,1,165457.8,154846.9,1.06853,4.197,0,pass,-15.0,15.0,,synthetic:R00282:low_qc:1
R00282,low_qc,quantitative,6.0,6.2535,ng/mL,4.2256,2,2,154341.7,148084.3,1.04226,4.241,0,pass,-15.0,15.0,,synthetic:R00282:low_qc:2
R00282,mid_qc,quantitative,150.0,192.4391,ng/mL,28.2927,1,3,203001.2,158232.8,1.28293,4.207,0,fail,-15.0,15.0,,synthetic:R00282:mid_qc:1
R00282,mid_qc,quantitative,150.0,156.3981,ng/mL,4.2654,2,4,152880.0,146625.9,1.04265,4.207,0,pass,-15.0,15.0,,synthetic:R00282:mid_qc:2
R00282,high_qc,quantitative,400.0,396.2167,ng/mL,-0.9458,1,5,148516.8,149934.9,0.99054,4.275,0,pass,-15.0,15.0,,synthetic:R00282:high_qc:1
R00282,high_qc,quantitative,400.0,413.3128,ng/mL,3.3282,2,6,152330.9,147424.4,1.03328,4.187,0,pass,-15.0,15.0,,synthetic:R00282:high_qc:2
R00283,low_qc,quantitative,3.0,2.8722,ng/mL,-4.2591,1,1,149077.3,155709.1,0.95741,4.228,0,pass,-15.0,15.0,,synthetic:R00283:low_qc:1
R00283,low_qc,quantitative,3.0,3.0705,ng/mL,2.3504,2,2,149834.3,146393.5,1.0235,4.244,0,pass,-15.0,15.0,,synthetic:R00283:low_qc:2
R00283,mid_qc,quantitative,30.0,28.5787,ng/mL,-4.7376,1,3,141822.2,148875.4,0.95262,4.233,0,pass,-15.0,15.0,,synthetic:R00283:mid_qc:1
R00283,mid_qc,quantitative,30.0,31.2468,ng/mL,4.156,2,4,153666.8,147535.3,1.04156,4.189,0,pass,-15.0,15.0,,synthetic:R00283:mid_qc:2
R00283,high_qc,quantitative,80.0,78.1598,ng/mL,-2.3003,1,5,151166.4,154725.5,0.977,4.223,0,pass,-15.0,15.0,,synthetic:R00283:high_qc:1
R00283,high_qc,quantitative,80.0,78.4781,ng/mL,-1.9024,2,6,142559.1,145323.7,0.98098,4.175,0,pass,-15.0,15.0,,synthetic:R00283:high_qc:2
R00284,low_qc,quantitative,1.5,1.4643,ng/mL,-2.3795,1,1,147798.2,151400.8,0.9762,4.235,0,pass,-15.0,15.0,,synthetic:R00284:low_qc:1
R00284,low_qc,quantitative,1.5,1.3783,ng/mL,-8.1105,2,2,140490.1,152890.2,0.9189,4.239,0,pass,-15.0,15.0,,synthetic:R00284:low_qc:2
R00284,mid_qc,quantitative,75.0,70.9417,ng/mL,-5.4111,1,3,132627.5,140214.6,0.94589,4.185,0,pass,-15.0,15.0,,synthetic:R00284:mid_qc:1
R00284,mid_qc,quantitative,75.0,77.2366,ng/mL,2.9822,2,4,151024.8,146651.4,1.02982,4.213,0,pass,-15.0,15.0,,synthetic:R00284:mid_qc:2
R00284,high_qc,quantitative,200.0,197.122,ng/mL,-1.439,1,5,140383.2,142432.8,0.98561,4.221,0,pass,-15.0,15.0,,synthetic:R00284:high_qc:1
R00284,high_qc,quantitative,200.0,203.1562,ng/mL,1.5781,2,6,156487.2,154056.1,1.01578,4.205,0,pass,-15.0,15.0,,synthetic:R00284:high_qc:2
R00285,low_qc,quantitative,6.0,6.5782,ng/mL,9.636,1,1,163463.9,149096.9,1.09636,4.233,0,pass,-15.0,15.0,,synthetic:R00285:low_qc:1
R00285,low_qc,quantitative,6.0,6.288,ng/mL,4.7997,2,2,166157.7,158547.9,1.048,4.176,0,pass,-15.0,15.0,,synthetic:R00285:low_qc:2
R00285,mid_qc,quantitative,150.0,171.9573,ng/mL,14.6382,1,3,171522.8,149621.0,1.14638,4.224,0,pass,-15.0,15.0,,synthetic:R00285:mid_qc:1
R00285,mid_qc,quantitative,150.0,157.2798,ng/mL,4.8532,2,4,155548.6,148348.9,1.04853,4.224,0,pass,-15.0,15.0,,synthetic:R00285:mid_qc:2
R00285,high_qc,quantitative,400.0,449.2557,ng/mL,12.3139,1,5,172723.3,153786.2,1.12314,4.197,0,pass,-15.0,15.0,,synthetic:R00285:high_qc:1
R00285,high_qc,quantitative,400.0,434.4897,ng/mL,8.6224,2,6,172492.1,158799.7,1.08622,4.182,0,pass,-15.0,15.0,,synthetic:R00285:high_qc:2
R00286,low_qc,quantitative,3.0,3.0881,ng/mL,2.9381,1,1,161417.7,156810.5,1.02938,4.177,0,pass,-15.0,15.0,,synthetic:R00286:low_qc:1
R00286,low_qc,quantitative,3.0,2.9713,ng/mL,-0.955,2,2,135882.1,137192.3,0.99045,4.229,0,pass,-15.0,15.0,,synthetic:R00286:low_qc:2
R00286,mid_qc,quantitative,30.0,27.6608,ng/mL,-7.7974,1,3,139441.5,151233.8,0.92203,4.214,0,pass,-15.0,15.0,,synthetic:R00286:mid_qc:1
R00286,mid_qc,quantitative,30.0,29.1406,ng/mL,-2.8646,2,4,149962.9,154385.5,0.97135,4.216,0,pass,-15.0,15.0,,synthetic:R00286:mid_qc:2
R00286,high_qc,quantitative,80.0,79.6888,ng/mL,-0.389,1,5,153327.7,153926.4,0.99611,4.189,0,pass,-15.0,15.0,,synthetic:R00286:high_qc:1
R00286,high_qc,quantitative,80.0,79.3232,ng/mL,-0.846,2,6,143857.4,145084.8,0.99154,4.212,0,pass,-15.0,15.0,,synthetic:R00286:high_qc:2
R00287,low_qc,quantitative,1.5,1.4433,ng/mL,-3.7821,1,1,142762.8,148374.4,0.96218,4.218,0,pass,-15.0,15.0,,synthetic:R00287:low_qc:1
R00287,low_qc,quantitative,1.5,1.4016,ng/mL,-6.5572,2,2,150637.7,161208.4,0.93443,4.212,0,pass,-15.0,15.0,,synthetic:R00287:low_qc:2
R00287,mid_qc,quantitative,75.0,78.76,ng/mL,5.0133,1,3,151096.2,143882.9,1.05013,4.192,0,pass,-15.0,15.0,,synthetic:R00287:mid_qc:1
R00287,mid_qc,quantitative,75.0,73.8775,ng/mL,-1.4967,2,4,144164.2,146354.7,0.98503,4.232,0,pass,-15.0,15.0,,synthetic:R00287:mid_qc:2
R00287,high_qc,quantitative,200.0,196.7254,ng/mL,-1.6373,1,5,154003.0,156566.5,0.98363,4.199,0,pass,-15.0,15.0,,synthetic:R00287:high_qc:1
R00287,high_qc,quantitative,200.0,195.5005,ng/mL,-2.2497,2,6,154272.8,157823.4,0.9775,4.207,0,pass,-15.0,15.0,,synthetic:R00287:high_qc:2
R00288,low_qc,quantitative,6.0,6.692,ng/mL,11.5331,1,1,170632.7,152988.3,1.11533,4.225,0,pass,-15.0,15.0,,synthetic:R00288:low_qc:1
R00288,low_qc,quantitative,6.0,6.7159,ng/mL,11.932,2,2,168885.5,150882.3,1.11932,4.207,0,pass,-15.0,15.0,,synthetic:R00288:low_qc:2
R00288,mid_qc,quantitative,150.0,168.9751,ng/mL,12.65,1,3,163196.8,144870.6,1.1265,4.206,0,pass,-15.0,15.0,,synthetic:R00288:mid_qc:1
R00288,mid_qc,quantitative,150.0,158.5436,ng/mL,5.6957,2,4,164516.1,155650.7,1.05696,4.218,0,pass,-15.0,15.0,,synthetic:R00288:mid_qc:2
R00288,high_qc,quantitative,400.0,434.8724,ng/mL,8.7181,1,5,168670.3,155144.6,1.08718,4.21,0,pass,-15.0,15.0,,synthetic:R00288:high_qc:1
R00288,high_qc,quantitative,400.0,458.8362,ng/mL,14.7091,2,6,155688.1,135724.3,1.14709,4.214,0,pass,-15.0,15.0,,synthetic:R00288:high_qc:2
R00289,low_qc,quantitative,3.0,2.8398,ng/mL,-5.3399,1,1,153139.9,161778.7,0.9466,4.218,0,pass,-15.0,15.0,,synthetic:R00289:low_qc:1
R00289,low_qc,quantitative,3.0,3.0209,ng/mL,0.6983,2,2,147850.5,146825.3,1.00698,4.187,0,pass,-15.0,15.0,,synthetic:R00289:low_qc:2
R00289,mid_qc,quantitative,30.0,29.7824,ng/mL,-0.7253,1,3,147384.2,148460.9,0.99275,4.182,0,pass,-15.0,15.0,,synthetic:R00289:mid_qc:1
R00289,mid_qc,quantitative,30.0,28.3373,ng/mL,-5.5422,2,4,139696.8,147893.4,0.94458,4.182,0,pass,-15.0,15.0,,synthetic:R00289:mid_qc:2
R00289,high_qc,quantitative,80.0,84.8498,ng/mL,6.0622,1,5,156543.9,147596.3,1.06062,4.182,0,pass,-15.0,15.0,,synthetic:R00289:high_qc:1
R00289,high_qc,quantitative,80.0,78.3036,ng/mL,-2.1205,2,6,158116.0,161541.4,0.9788,4.227,0,pass,-15.0,15.0,,synthetic:R00289:high_qc:2
R00290,low_qc,quantitative,1.5,1.3234,ng/mL,-11.7721,1,1,135367.1,153428.9,0.88228,4.176,0,pass,-15.0,15.0,,synthetic:R00290:low_qc:1
R00290,low_qc,quantitative,1.5,1.3086,ng/mL,-12.7592,2,2,127009.0,145584.4,0.87241,4.204,0,pass,-15.0,15.0,,synthetic:R00290:low_qc:2
R00290,mid_qc,quantitative,75.0,69.9269,ng/mL,-6.7641,1,3,130992.1,140495.4,0.93236,4.192,0,pass,-15.0,15.0,,synthetic:R00290:mid_qc:1
R00290,mid_qc,quantitative,75.0,70.2811,ng/mL,-6.2919,2,4,125860.1,134310.8,0.93708,4.199,0,pass,-15.0,15.0,,synthetic:R00290:mid_qc:2
R00290,high_qc,quantitative,200.0,176.206,ng/mL,-11.897,1,5,130774.6,148433.8,0.88103,4.221,0,pass,-15.0,15.0,,synthetic:R00290:high_qc:1
R00290,high_qc,quantitative,200.0,181.8528,ng/mL,-9.0736,2,6,127462.4,140181.9,0.90926,4.184,0,pass,-15.0,15.0,,synthetic:R00290:high_qc:2
R00291,low_qc,quantitative,6.0,6.5361,ng/mL,8.935,1,1,157073.8,144190.4,1.08935,4.197,0,pass,-15.0,15.0,,synthetic:R00291:low_qc:1
R00291,low_qc,quantitative,6.0,7.1283,ng/mL,18.8051,2,2,178654.7,150376.4,1.18805,4.21,0,fail,-15.0,15.0,,synthetic:R00291:low_qc:2
R00291,mid_qc,quantitative,150.0,162.5888,ng/mL,8.3925,1,3,161368.0,148873.7,1.08393,4.178,0,pass,-15.0,15.0,,synthetic:R00291:mid_qc:1
R00291,mid_qc,quantitative,150.0,156.0008,ng/mL,4.0006,2,4,161187.0,154986.7,1.04001,4.19,0,pass,-15.0,15.0,,synthetic:R00291:mid_qc:2
R00291,high_qc,quantitative,400.0,449.5753,ng/mL,12.3938,1,5,171417.4,152515.0,1.12394,4.238,0,pass,-15.0,15.0,,synthetic:R00291:high_qc:1
R00291,high_qc,quantitative,400.0,371.8884,ng/mL,-7.0279,2,6,132081.6,142065.9,0.92972,4.209,0,pass,-15.0,15.0,,synthetic:R00291:high_qc:2
R00292,low_qc,quantitative,3.0,2.9451,ng/mL,-1.8306,1,1,144719.7,147418.4,0.98169,4.201,0,pass,-15.0,15.0,,synthetic:R00292:low_qc:1
R00292,low_qc,quantitative,3.0,3.0102,ng/mL,0.3407,2,2,152709.9,152191.4,1.00341,4.213,0,pass,-15.0,15.0,,synthetic:R00292:low_qc:2
R00292,mid_qc,quantitative,30.0,29.1298,ng/mL,-2.9006,1,3,145793.8,150149.0,0.97099,4.217,0,pass,-15.0,15.0,,synthetic:R00292:mid_qc:1
R00292,mid_qc,quantitative,30.0,32.6638,ng/mL,8.8793,2,4,171766.6,157758.7,1.08879,4.192,0,pass,-15.0,15.0,,synthetic:R00292:mid_qc:2
R00292,high_qc,quantitative,80.0,76.521,ng/mL,-4.3488,1,5,149548.2,156347.4,0.95651,4.214,0,pass,-15.0,15.0,,synthetic:R00292:high_qc:1
R00292,high_qc,quantitative,80.0,80.7455,ng/mL,0.9319,2,6,151901.2,150498.7,1.00932,4.204,0,pass,-15.0,15.0,,synthetic:R00292:high_qc:2
R00293,low_qc,quantitative,1.5,1.4754,ng/mL,-1.6408,1,1,147128.5,149582.8,0.98359,4.208,0,pass,-15.0,15.0,,synthetic:R00293:low_qc:1
R00293,low_qc,quantitative,1.5,1.4775,ng/mL,-1.5016,2,2,143274.2,145458.4,0.98498,4.189,0,pass,-15.0,15.0,,synthetic:R00293:low_qc:2
R00293,mid_qc,quantitative,75.0,72.8905,ng/mL,-2.8127,1,3,146607.1,150850.0,0.97187,4.222,0,pass,-15.0,15.0,,synthetic:R00293:mid_qc:1
R00293,mid_qc,quantitative,75.0,71.8247,ng/mL,-4.2338,2,4,140291.2,146493.5,0.95766,4.225,0,pass,-15.0,15.0,,synthetic:R00293:mid_qc:2
R00293,high_qc,quantitative,200.0,204.1507,ng/mL,2.0753,1,5,151528.7,148447.9,1.02075,4.228,0,pass,-15.0,15.0,,synthetic:R00293:high_qc:1
R00293,high_qc,quantitative,200.0,191.8548,ng/mL,-4.0726,2,6,148798.9,155116.1,0.95927,4.192,0,pass,-15.0,15.0,,synthetic:R00293:high_qc:2
R00294,low_qc,quantitative,6.0,6.3821,ng/mL,6.3677,1,1,167592.3,157559.3,1.06368,4.233,0,pass,-15.0,15.0,,synthetic:R00294:low_qc:1
R00294,low_qc,quantitative,6.0,6.7156,ng/mL,11.9271,2,2,178057.3,159083.3,1.11927,4.205,0,pass,-15.0,15.0,,synthetic:R00294:low_qc:2
R00294,mid_qc,quantitative,150.0,159.2317,ng/mL,6.1545,1,3,163904.8,154402.2,1.06154,4.181,0,pass,-15.0,15.0,,synthetic:R00294:mid_qc:1
R00294,mid_qc,quantitative,150.0,162.6613,ng/mL,8.4409,2,4,159624.0,147199.1,1.08441,4.199,0,pass,-15.0,15.0,,synthetic:R00294:mid_qc:2
R00294,high_qc,quantitative,400.0,444.9149,ng/mL,11.2287,1,5,166743.3,149910.3,1.11229,4.231,0,pass,-15.0,15.0,,synthetic:R00294:high_qc:1
R00294,high_qc,quantitative,400.0,440.0172,ng/mL,10.0043,2,6,156451.4,142223.0,1.10004,4.221,0,pass,-15.0,15.0,,synthetic:R00294:high_qc:2
R00295,low_qc,quantitative,3.0,2.9571,ng/mL,-1.4287,1,1,147063.5,149194.9,0.98571,4.204,0,pass,-15.0,15.0,,synthetic:R00295:low_qc:1
R00295,low_qc,quantitative,3.0,2.808,ng/mL,-6.3991,2,2,145384.1,155323.4,0.93601,4.205,0,pass,-15.0,15.0,,synthetic:R00295:low_qc:2
R00295,mid_qc,quantitative,30.0,29.0157,ng/mL,-3.2811,1,3,159073.1,164469.6,0.96719,4.236,0,pass,-15.0,15.0,,synthetic:R00295:mid_qc:1
R00295,mid_qc,quantitative,30.0,28.2131,ng/mL,-5.9565,2,4,149166.6,158614.5,0.94044,4.226,0,pass,-15.0,15.0,,synthetic:R00295:mid_qc:2
R00295,high_qc,quantitative,80.0,77.3169,ng/mL,-3.3539,1,5,143468.2,148447.0,0.96646,4.2,0,pass,-15.0,15.0,,synthetic:R00295:high_qc:1
R00295,high_qc,quantitative,80.0,75.4928,ng/mL,-5.634,2,6,149381.9,158300.5,0.94366,4.167,0,pass,-15.0,15.0,,synthetic:R00295:high_qc:2
R00296,low_qc,quantitative,1.5,1.4494,ng/mL,-3.3757,1,1,136299.5,141061.3,0.96624,4.239,0,pass,-15.0,15.0,,synthetic:R00296:low_qc:1
R00296,low_qc,quantitative,1.5,1.4978,ng/mL,-0.1464,2,2,141731.2,141939.0,0.99854,4.199,0,pass,-15.0,15.0,,synthetic:R00296:low_qc:2
R00296,mid_qc,quantitative,75.0,75.891,ng/mL,1.188,1,3,154498.6,152684.7,1.01188,4.192,0,pass,-15.0,15.0,,synthetic:R00296:mid_qc:1
R00296,mid_qc,quantitative,75.0,75.101,ng/mL,0.1347,2,4,155299.5,155090.6,1.00135,4.179,0,pass,-15.0,15.0,,synthetic:R00296:mid_qc:2
R00296,high_qc,quantitative,200.0,203.9405,ng/mL,1.9703,1,5,149886.2,146990.1,1.0197,4.223,0,pass,-15.0,15.0,,synthetic:R00296:high_qc:1
R00296,high_qc,quantitative,200.0,198.0901,ng/mL,-0.9549,2,6,147370.8,148791.6,0.99045,4.19,0,pass,-15.0,15.0,,synthetic:R00296:high_qc:2
R00297,low_qc,quantitative,6.0,6.5002,ng/mL,8.3369,1,1,166817.1,153979.9,1.08337,4.195,0,pass,-15.0,15.0,,synthetic:R00297:low_qc:1
R00297,low_qc,quantitative,6.0,6.2228,ng/mL,3.7132,2,2,152756.4,147287.3,1.03713,4.188,0,pass,-15.0,15.0,,synthetic:R00297:low_qc:2
R00297,mid_qc,quantitative,150.0,157.7621,ng/mL,5.1748,1,3,149257.6,141913.9,1.05175,4.203,0,pass,-15.0,15.0,,synthetic:R00297:mid_qc:1
R00297,mid_qc,quantitative,150.0,165.9928,ng/mL,10.6619,2,4,164324.6,148492.5,1.10662,4.226,0,pass,-15.0,15.0,,synthetic:R00297:mid_qc:2
R00297,high_qc,quantitative,400.0,444.2861,ng/mL,11.0715,1,5,147418.6,132724.0,1.11072,4.233,0,pass,-15.0,15.0,,synthetic:R00297:high_qc:1
R00297,high_qc,quantitative,400.0,454.5643,ng/mL,13.6411,2,6,163219.7,143627.4,1.13641,4.253,0,pass,-15.0,15.0,,synthetic:R00297:high_qc:2
R00298,low_qc,quantitative,3.0,2.4023,ng/mL,-19.9237,1,1,132993.0,166082.8,0.80076,4.211,0,fail,-15.0,15.0,,synthetic:R00298:low_qc:1
R00298,low_qc,quantitative,3.0,3.1071,ng/mL,3.5684,2,2,158296.7,152842.7,1.03568,4.222,0,pass,-15.0,15.0,,synthetic:R00298:low_qc:2
R00298,mid_qc,quantitative,30.0,28.199,ng/mL,-6.0033,1,3,143934.7,153127.5,0.93997,4.212,0,pass,-15.0,15.0,,synthetic:R00298:mid_qc:1
R00298,mid_qc,quantitative,30.0,29.9124,ng/mL,-0.2921,2,4,145352.7,145778.6,0.99708,4.198,0,pass,-15.0,15.0,,synthetic:R00298:mid_qc:2
R00298,high_qc,quantitative,80.0,97.0152,ng/mL,21.2689,1,5,173403.8,142991.1,1.21269,4.23,0,fail,-15.0,15.0,,synthetic:R00298:high_qc:1
R00298,high_qc,quantitative,80.0,82.3319,ng/mL,2.9148,2,6,154037.6,149674.8,1.02915,4.202,0,pass,-15.0,15.0,,synthetic:R00298:high_qc:2
R00299,low_qc,quantitative,1.5,1.3455,ng/mL,-10.2993,1,1,130983.3,146022.6,0.89701,4.216,0,pass,-15.0,15.0,,synthetic:R00299:low_qc:1
R00299,low_qc,quantitative,1.5,1.3563,ng/mL,-9.5833,2,2,119709.2,132397.2,0.90417,4.218,0,pass,-15.0,15.0,,synthetic:R00299:low_qc:2
R00299,mid_qc,quantitative,75.0,67.5741,ng/mL,-9.9011,1,3,122217.3,135648.0,0.90099,4.203,0,pass,-15.0,15.0,,synthetic:R00299:mid_qc:1
R00299,mid_qc,quantitative,75.0,63.5389,ng/mL,-15.2815,2,4,122447.1,144534.1,0.84719,4.199,0,fail,-15.0,15.0,,synthetic:R00299:mid_qc:2
R00299,high_qc,quantitative,200.0,181.6057,ng/mL,-9.1971,1,5,124840.7,137485.4,0.90803,4.208,0,pass,-15.0,15.0,,synthetic:R00299:high_qc:1
R00299,high_qc,quantitative,200.0,177.4844,ng/mL,-11.2578,2,6,127095.6,143218.9,0.88742,4.165,0,pass,-15.0,15.0,,synthetic:R00299:high_qc:2
R00300,low_qc,quantitative,6.0,6.7199,ng/mL,11.9984,1,1,162717.4,145285.5,1.11998,4.162,0,pass,-15.0,15.0,,synthetic:R00300:low_qc:1
R00300,low_qc,quantitative,6.0,6.5516,ng/mL,9.1932,2,2,157445.8,144190.2,1.09193,4.172,0,pass,-15.0,15.0,,synthetic:R00300:low_qc:2
R00300,mid_qc,quantitative,150.0,179.4949,ng/mL,19.6632,1,3,180981.7,151242.5,1.19663,4.23,0,fail,-15.0,15.0,,synthetic:R00300:mid_qc:1
R00300,mid_qc,quantitative,150.0,176.1892,ng/mL,17.4594,2,4,170873.0,145474.1,1.17459,4.218,0,fail,-15.0,15.0,,synthetic:R00300:mid_qc:2
R00300,high_qc,quantitative,400.0,426.6938,ng/mL,6.6735,1,5,152674.3,143123.1,1.06673,4.18,0,pass,-15.0,15.0,,synthetic:R00300:high_qc:1
R00300,high_qc,quantitative,400.0,377.4954,ng/mL,-5.6261,2,6,148535.3,157390.4,0.94374,4.214,0,pass,-15.0,15.0,,synthetic:R00300:high_qc:2
R00301,low_qc,quantitative,3.0,3.1544,ng/mL,5.148,1,1,174348.9,165812.9,1.05148,4.218,0,pass,-15.0,15.0,,synthetic:R00301:low_qc:1
R00301,low_qc,quantitative,3.0,2.9741,ng/mL,-0.8647,2,2,141651.3,142886.9,0.99135,4.175,0,pass,-15.0,15.0,,synthetic:R00301:low_qc:2
R00301,mid_qc,quantitative,30.0,28.4315,ng/mL,-5.2282,1,3,143786.2,151718.4,0.94772,4.203,0,pass,-15.0,15.0,,synthetic:R00301:mid_qc:1
R00301,mid_qc,quantitative,30.0,28.5758,ng/mL,-4.7474,2,4,155217.0,162953.1,0.95253,4.211,0,pass,-15.0,15.0,,synthetic:R00301:mid_qc:2
R00301,high_qc,quantitative,80.0,79.6663,ng/mL,-0.4171,1,5,143978.8,144581.8,0.99583,4.246,0,pass,-15.0,15.0,,synthetic:R00301:high_qc:1
R00301,high_qc,quantitative,80.0,79.9168,ng/mL,-0.104,2,6,151022.6,151179.9,0.99896,4.228,0,pass,-15.0,15.0,,synthetic:R00301:high_qc:2
R00302,low_qc,quantitative,1.5,1.4025,ng/mL,-6.5001,1,1,143156.7,153109.0,0.935,4.23,0,pass,-15.0,15.0,,synthetic:R00302:low_qc:1
R00302,low_qc,quantitative,1.5,1.4995,ng/mL,-0.0365,2,2,156237.9,156295.0,0.99963,4.206,0,pass,-15.0,15.0,,synthetic:R00302:low_qc:2
R00302,mid_qc,quantitative,75.0,73.2311,ng/mL,-2.3585,1,3,146401.0,149937.3,0.97642,4.193,0,pass,-15.0,15.0,,synthetic:R00302:mid_qc:1
R00302,mid_qc,quantitative,75.0,77.4348,ng/mL,3.2464,2,4,156827.3,151896.2,1.03246,4.195,0,pass,-15.0,15.0,,synthetic:R00302:mid_qc:2
R00302,high_qc,quantitative,200.0,200.8423,ng/mL,0.4211,1,5,154862.5,154213.0,1.00421,4.208,0,pass,-15.0,15.0,,synthetic:R00302:high_qc:1
R00302,high_qc,quantitative,200.0,201.898,ng/mL,0.949,2,6,146684.5,145305.6,1.00949,4.217,0,pass,-15.0,15.0,,synthetic:R00302:high_qc:2
R00303,low_qc,quantitative,6.0,6.2406,ng/mL,4.0104,1,1,160321.2,154139.6,1.0401,4.221,0,pass,-15.0,15.0,,synthetic:R00303:low_qc:1
R00303,low_qc,quantitative,6.0,6.3332,ng/mL,5.5539,2,2,159785.4,151378.1,1.05554,4.221,0,pass,-15.0,15.0,,synthetic:R00303:low_qc:2
R00303,mid_qc,quantitative,150.0,161.3551,ng/mL,7.5701,1,3,160965.0,149637.3,1.0757,4.242,0,pass,-15.0,15.0,,synthetic:R00303:mid_qc:1
R00303,mid_qc,quantitative,150.0,158.8677,ng/mL,5.9118,2,4,166212.2,156934.6,1.05912,4.206,0,pass,-15.0,15.0,,synthetic:R00303:mid_qc:2
R00303,high_qc,quantitative,400.0,419.8515,ng/mL,4.9629,1,5,152830.8,145604.6,1.04963,4.237,0,pass,-15.0,15.0,,synthetic:R00303:high_qc:1
R00303,high_qc,quantitative,400.0,445.0709,ng/mL,11.2677,2,6,177997.7,159972.4,1.11268,4.208,0,pass,-15.0,15.0,,synthetic:R00303:high_qc:2
R00304,low_qc,quantitative,3.0,3.0832,ng/mL,2.7728,1,1,155664.2,151464.5,1.02773,4.217,0,pass,-15.0,15.0,,synthetic:R00304:low_qc:1
R00304,low_qc,quantitative,3.0,3.1436,ng/mL,4.7851,2,2,156609.3,149457.5,1.04785,4.169,0,pass,-15.0,15.0,,synthetic:R00304:low_qc:2
R00304,mid_qc,quantitative,30.0,30.9547,ng/mL,3.1825,1,3,163563.5,158518.7,1.03182,4.158,0,pass,-15.0,15.0,,synthetic:R00304:mid_qc:1
R00304,mid_qc,quantitative,30.0,30.6009,ng/mL,2.003,2,4,151836.0,148854.5,1.02003,4.203,0,pass,-15.0,15.0,,synthetic:R00304:mid_qc:2
R00304,high_qc,quantitative,80.0,82.5555,ng/mL,3.1943,1,5,153976.2,149209.9,1.03194,4.177,0,pass,-15.0,15.0,,synthetic:R00304:high_qc:1
R00304,high_qc,quantitative,80.0,80.8814,ng/mL,1.1017,2,6,158909.2,157177.5,1.01102,4.2,0,pass,-15.0,15.0,,synthetic:R00304:high_qc:2
R00305,low_qc,quantitative,1.5,1.4581,ng/mL,-2.7966,1,1,147901.5,152156.7,0.97203,4.228,0,pass,-15.0,15.0,,synthetic:R00305:low_qc:1
R00305,low_qc,quantitative,1.5,1.4896,ng/mL,-0.6901,2,2,153784.4,154853.0,0.9931,4.189,0,pass,-15.0,15.0,,synthetic:R00305:low_qc:2
R00305,mid_qc,quantitative,75.0,74.8437,ng/mL,-0.2084,1,3,157121.7,157449.8,0.99792,4.232,0,pass,-15.0,15.0,,synthetic:R00305:mid_qc:1
R00305,mid_qc,quantitative,75.0,73.7312,ng/mL,-1.6918,2,4,153980.1,156630.0,0.98308,4.231,0,pass,-15.0,15.0,,synthetic:R00305:mid_qc:2
R00305,high_qc,quantitative,200.0,202.396,ng/mL,1.198,1,5,142404.7,140718.9,1.01198,4.201,0,pass,-15.0,15.0,,synthetic:R00305:high_qc:1
R00305,high_qc,quantitative,200.0,202.5665,ng/mL,1.2832,2,6,156259.7,154279.9,1.01283,4.235,0,pass,-15.0,15.0,,synthetic:R00305:high_qc:2
R00306,low_qc,quantitative,6.0,6.2806,ng/mL,4.677,1,1,151413.5,144648.3,1.04677,4.218,0,pass,-15.0,15.0,,synthetic:R00306:low_qc:1
R00306,low_qc,quantitative,6.0,6.2125,ng/mL,3.5411,2,2,148813.5,143724.1,1.03541,4.187,0,pass,-15.0,15.0,,synthetic:R00306:low_qc:2
R00306,mid_qc,quantitative,150.0,158.2808,ng/mL,5.5206,1,3,152953.2,144951.1,1.05521,4.18,0,pass,-15.0,15.0,,synthetic:R00306:mid_qc:1
R00306,mid_qc,quantitative,150.0,166.8338,ng/mL,11.2226,2,4,160678.2,144465.5,1.11223,4.19,0,pass,-15.0,15.0,,synthetic:R00306:mid_qc:2
R00306,high_qc,quantitative,400.0,415.5754,ng/mL,3.8938,1,5,159451.2,153475.1,1.03894,4.229,0,pass,-15.0,15.0,,synthetic:R00306:high_qc:1
R00306,high_qc,quantitative,400.0,423.2524,ng/mL,5.8131,2,6,165850.7,156739.3,1.05813,4.16,0,pass,-15.0,15.0,,synthetic:R00306:high_qc:2
R00307,low_qc,quantitative,3.0,3.1786,ng/mL,5.9517,1,1,161986.2,152886.9,1.05952,4.226,0,pass,-15.0,15.0,,synthetic:R00307:low_qc:1
R00307,low_qc,quantitative,3.0,3.1571,ng/mL,5.2382,2,2,153690.3,146040.4,1.05238,4.199,0,pass,-15.0,15.0,,synthetic:R00307:low_qc:2
R00307,mid_qc,quantitative,30.0,31.2371,ng/mL,4.1237,1,3,158366.0,152094.1,1.04124,4.212,0,pass,-15.0,15.0,,synthetic:R00307:mid_qc:1
R00307,mid_qc,quantitative,30.0,29.0263,ng/mL,-3.2456,2,4,138377.3,143019.2,0.96754,4.219,0,pass,-15.0,15.0,,synthetic:R00307:mid_qc:2
R00307,high_qc,quantitative,80.0,79.3644,ng/mL,-0.7945,1,5,146317.6,147489.5,0.99205,4.208,0,pass,-15.0,15.0,,synthetic:R00307:high_qc:1
R00307,high_qc,quantitative,80.0,87.4292,ng/mL,9.2865,2,6,172107.3,157482.7,1.09286,4.203,0,pass,-15.0,15.0,,synthetic:R00307:high_qc:2
R00308,low_qc,quantitative,1.5,1.361,ng/mL,-9.2697,1,1,126998.1,139973.2,0.9073,4.185,0,pass,-15.0,15.0,,synthetic:R00308:low_qc:1
R00308,low_qc,quantitative,1.5,1.3328,ng/mL,-11.1462,2,2,128277.3,144368.9,0.88854,4.21,0,pass,-15.0,15.0,,synthetic:R00308:low_qc:2
R00308,mid_qc,quantitative,75.0,67.7938,ng/mL,-9.6082,1,3,129955.7,143769.3,0.90392,4.192,0,pass,-15.0,15.0,,synthetic:R00308:mid_qc:1
R00308,mid_qc,quantitative,75.0,66.5914,ng/mL,-11.2115,2,4,116401.2,131099.3,0.88789,4.237,0,pass,-15.0,15.0,,synthetic:R00308:mid_qc:2
R00308,high_qc,quantitative,200.0,189.0369,ng/mL,-5.4815,1,5,126579.3,133920.2,0.94518,4.209,0,pass,-15.0,15.0,,synthetic:R00308:high_qc:1
R00308,high_qc,quantitative,200.0,169.061,ng/mL,-15.4695,2,6,118809.8,140552.7,0.8453,4.233,0,fail,-15.0,15.0,,synthetic:R00308:high_qc:2
R00309,low_qc,quantitative,6.0,6.4052,ng/mL,6.7535,1,1,160620.6,150459.2,1.06754,4.235,0,pass,-15.0,15.0,,synthetic:R00309:low_qc:1
R00309,low_qc,quantitative,6.0,5.7185,ng/mL,-4.6916,2,2,143558.4,150625.2,0.95308,4.202,0,pass,-15.0,15.0,,synthetic:R00309:low_qc:2
R00309,mid_qc,quantitative,150.0,154.786,ng/mL,3.1907,1,3,154397.1,149623.2,1.03191,4.161,0,pass,-15.0,15.0,,synthetic:R00309:mid_qc:1
R00309,mid_qc,quantitative,150.0,173.4384,ng/mL,15.6256,2,4,182186.3,157565.7,1.15626,4.184,0,fail,-15.0,15.0,,synthetic:R00309:mid_qc:2
R00309,high_qc,quantitative,400.0,441.5748,ng/mL,10.3937,1,5,171437.7,155296.7,1.10394,4.218,0,pass,-15.0,15.0,,synthetic:R00309:high_qc:1
R00309,high_qc,quantitative,400.0,377.5102,ng/mL,-5.6225,2,6,135969.2,144069.5,0.94378,4.234,0,pass,-15.0,15.0,,synthetic:R00309:high_qc:2
R00310,low_qc,quantitative,3.0,2.9923,ng/mL,-0.2583,1,1,159308.9,159721.4,0.99742,4.238,0,pass,-15.0,15.0,,synthetic:R00310:low_qc:1
R00310,low_qc,quantitative,3.0,3.1733,ng/mL,5.775,2,2,163161.8,154253.6,1.05775,4.229,0,pass,-15.0,15.0,,synthetic:R00310:low_qc:2
R00310,mid_qc,quantitative,30.0,29.7281,ng/mL,-0.9062,1,3,155487.2,156909.2,0.99094,4.214,0,pass,-15.0,15.0,,synthetic:R00310:mid_qc:1
R00310,mid_qc,quantitative,30.0,29.3695,ng/mL,-2.1016,2,4,157058.7,160430.3,0.97898,4.258,0,pass,-15.0,15.0,,synthetic:R00310:mid_qc:2
R00310,high_qc,quantitative,80.0,77.2983,ng/mL,-3.3771,1,5,146388.3,151504.7,0.96623,4.197,0,pass,-15.0,15.0,,synthetic:R00310:high_qc:1
R00310,high_qc,quantitative,80.0,79.4945,ng/mL,-0.6319,2,6,144201.3,145118.4,0.99368,4.221,0,pass,-15.0,15.0,,synthetic:R00310:high_qc:2
R00311,low_qc,quantitative,1.5,1.5984,ng/mL,6.5612,1,1,152131.7,142764.6,1.06561,4.226,0,pass,-15.0,15.0,,synthetic:R00311:low_qc:1
R00311,low_qc,quantitative,1.5,1.5356,ng/mL,2.375,2,2,156500.4,152869.7,1.02375,4.198,0,pass,-15.0,15.0,,synthetic:R00311:low_qc:2
R00311,mid_qc,quantitative,75.0,61.281,ng/mL,-18.292,1,3,121480.2,148676.0,0.81708,4.177,0,fail,-15.0,15.0,,synthetic:R00311:mid_qc:1
R00311,mid_qc,quantitative,75.0,76.9681,ng/mL,2.6241,2,4,158988.4,154923.0,1.02624,4.224,0,pass,-15.0,15.0,,synthetic:R00311:mid_qc:2
R00311,high_qc,quantitative,200.0,203.8294,ng/mL,1.9147,1,5,152042.7,149186.3,1.01915,4.189,0,pass,-15.0,15.0,,synthetic:R00311:high_qc:1
R00311,high_qc,quantitative,200.0,209.7254,ng/mL,4.8627,2,6,167717.4,159940.0,1.04863,4.193,0,pass,-15.0,15.0,,synthetic:R00311:high_qc:2
R00312,low_qc,quantitative,6.0,6.5219,ng/mL,8.6984,1,1,164293.6,151146.2,1.08698,4.214,0,pass,-15.0,15.0,,synthetic:R00312:low_qc:1
R00312,low_qc,quantitative,6.0,5.9342,ng/mL,-1.0967,2,2,149263.8,150918.9,0.98903,4.195,0,pass,-15.0,15.0,,synthetic:R00312:low_qc:2
R00312,mid_qc,quantitative,150.0,150.9992,ng/mL,0.6661,1,3,157861.2,156816.6,1.00666,4.255,0,pass,-15.0,15.0,,synthetic:R00312:mid_qc:1
R00312,mid_qc,quantitative,150.0,164.6343,ng/mL,9.7562,2,4,167575.1,152679.4,1.09756,4.198,0,pass,-15.0,15.0,,synthetic:R00312:mid_qc:2
R00312,high_qc,quantitative,400.0,414.6504,ng/mL,3.6626,1,5,157292.7,151735.2,1.03663,4.2,0,pass,-15.0,15.0,,synthetic:R00312:high_qc:1
R00312,high_qc,quantitative,400.0,426.9047,ng/mL,6.7262,2,6,160989.0,150843.0,1.06726,4.226,0,pass,-15.0,15.0,,synthetic:R00312:high_qc:2
R00313,low_qc,quantitative,3.0,3.0022,ng/mL,0.0742,1,1,148979.0,148868.5,1.00074,4.221,0,pass,-15.0,15.0,,synthetic:R00313:low_qc:1
R00313,low_qc,quantitative,3.0,3.0627,ng/mL,2.0904,2,2,163433.8,160087.3,1.0209,4.21,0,pass,-15.0,15.0,,synthetic:R00313:low_qc:2
R00313,mid_qc,quantitative,30.0,31.176,ng/mL,3.92,1,3,150947.5,145253.6,1.0392,4.215,0,pass,-15.0,15.0,,synthetic:R00313:mid_qc:1
R00313,mid_qc,quantitative,30.0,28.9306,ng/mL,-3.5647,2,4,148787.2,154287.1,0.96435,4.236,0,pass,-15.0,15.0,,synthetic:R00313:mid_qc:2
R00313,high_qc,quantitative,80.0,84.264,ng/mL,5.33,1,5,159970.4,151875.5,1.0533,4.235,0,pass,-15.0,15.0,,synthetic:R00313:high_qc:1
R00313,high_qc,quantitative,80.0,79.269,ng/mL,-0.9138,2,6,137485.4,138753.3,0.99086,4.225,0,pass,-15.0,15.0,,synthetic:R00313:high_qc:2
R00314,low_qc,quantitative,1.5,1.4717,ng/mL,-1.8849,1,1,151762.9,154678.3,0.98115,4.205,0,pass,-15.0,15.0,,synthetic:R00314:low_qc:1
R00314,low_qc,quantitative,1.5,1.5236,ng/mL,1.5723,2,2,157524.1,155085.6,1.01572,4.203,0,pass,-15.0,15.0,,synthetic:R00314:low_qc:2
R00314,mid_qc,quantitative,75.0,76.3014,ng/mL,1.7352,1,3,157235.7,154553.8,1.01735,4.206,0,pass,-15.0,15.0,,synthetic:R00314:mid_qc:1
R00314,mid_qc,quantitative,75.0,77.5406,ng/mL,3.3874,2,4,162435.5,157113.4,1.03387,4.21,0,pass,-15.0,15.0,,synthetic:R00314:mid_qc:2
R00314,high_qc,quantitative,200.0,207.5083,ng/mL,3.7542,1,5,156460.4,150799.1,1.03754,4.213,0,pass,-15.0,15.0,,synthetic:R00314:high_qc:1
R00314,high_qc,quantitative,200.0,206.6922,ng/mL,3.3461,2,6,146842.6,142088.2,1.03346,4.187,0,pass,-15.0,15.0,,synthetic:R00314:high_qc:2
R00315,low_qc,quantitative,6.0,6.0559,ng/mL,0.9323,1,1,147753.8,146389.0,1.00932,4.2,0,pass,-15.0,15.0,,synthetic:R00315:low_qc:1
R00315,low_qc,quantitative,6.0,6.2263,ng/mL,3.772,2,2,146991.9,141648.9,1.03772,4.204,0,pass,-15.0,15.0,,synthetic:R00315:low_qc:2
R00315,mid_qc,quantitative,150.0,163.7769,ng/mL,9.1846,1,3,162663.4,148980.2,1.09185,4.222,0,pass,-15.0,15.0,,synthetic:R00315:mid_qc:1
R00315,mid_qc,quantitative,150.0,157.3072,ng/mL,4.8715,2,4,156707.1,149427.8,1.04871,4.193,0,pass,-15.0,15.0,,synthetic:R00315:mid_qc:2
R00315,high_qc,quantitative,400.0,432.4242,ng/mL,8.1061,1,5,172778.0,159822.7,1.08106,4.219,0,pass,-15.0,15.0,,synthetic:R00315:high_qc:1
R00315,high_qc,quantitative,400.0,418.3061,ng/mL,4.5765,2,6,169406.8,161993.1,1.04577,4.172,0,pass,-15.0,15.0,,synthetic:R00315:high_qc:2
R00316,low_qc,quantitative,3.0,3.1992,ng/mL,6.64,1,1,160436.5,150446.9,1.0664,4.191,0,pass,-15.0,15.0,,synthetic:R00316:low_qc:1
R00316,low_qc,quantitative,3.0,3.0351,ng/mL,1.1708,2,2,159260.1,157417.1,1.01171,4.204,0,pass,-15.0,15.0,,synthetic:R00316:low_qc:2
R00316,mid_qc,quantitative,30.0,30.2153,ng/mL,0.7177,1,3,149627.7,148561.5,1.00718,4.194,0,pass,-15.0,15.0,,synthetic:R00316:mid_qc:1
R00316,mid_qc,quantitative,30.0,30.5708,ng/mL,1.9026,2,4,159441.3,156464.4,1.01903,4.252,0,pass,-15.0,15.0,,synthetic:R00316:mid_qc:2
R00316,high_qc,quantitative,80.0,81.208,ng/mL,1.51,1,5,147045.3,144858.0,1.0151,4.209,0,pass,-15.0,15.0,,synthetic:R00316:high_qc:1
R00316,high_qc,quantitative,80.0,79.3912,ng/mL,-0.761,2,6,154493.3,155678.0,0.99239,4.174,0,pass,-15.0,15.0,,synthetic:R00316:high_qc:2
R00317,low_qc,quantitative,1.5,1.2777,ng/mL,-14.823,1,1,117861.4,138372.4,0.85177,4.212,0,pass,-15.0,15.0,,synthetic:R00317:low_qc:1
R00317,low_qc,quantitative,1.5,1.256,ng/mL,-16.2676,2,2,120533.5,143950.8,0.83732,4.221,0,fail,-15.0,15.0,,synthetic:R00317:low_qc:2
R00317,mid_qc,quantitative,75.0,61.5452,ng/mL,-17.9398,1,3,114946.4,140075.7,0.8206,4.21,0,fail,-15.0,15.0,,synthetic:R00317:mid_qc:1
R00317,mid_qc,quantitative,75.0,63.3499,ng/mL,-15.5334,2,4,126031.9,149209.2,0.84467,4.214,0,fail,-15.0,15.0,,synthetic:R00317:mid_qc:2
R00317,high_qc,quantitative,200.0,174.7435,ng/mL,-12.6283,1,5,129620.5,148355.3,0.87372,4.227,0,pass,-15.0,15.0,,synthetic:R00317:high_qc:1
R00317,high_qc,quantitative,200.0,162.2429,ng/mL,-18.8785,2,6,117262.8,144552.2,0.81121,4.157,0,fail,-15.0,15.0,,synthetic:R00317:high_qc:2
R00318,low_qc,quantitative,6.0,6.5926,ng/mL,9.877,1,1,153287.3,139508.1,1.09877,4.217,0,pass,-15.0,15.0,,synthetic:R00318:low_qc:1
R00318,low_qc,quantitative,6.0,6.3795,ng/mL,6.3242,2,2,168797.1,158757.0,1.06324,4.248,0,pass,-15.0,15.0,,synthetic:R00318:low_qc:2
R00318,mid_qc,quantitative,150.0,151.6803,ng/mL,1.1202,1,3,153373.4,151674.3,1.0112,4.214,0,pass,-15.0,15.0,,synthetic:R00318:mid_qc:1
R00318,mid_qc,quantitative,150.0,160.8365,ng/mL,7.2243,2,4,162478.7,151531.6,1.07224,4.215,0,pass,-15.0,15.0,,synthetic:R00318:mid_qc:2
R00318,high_qc,quantitative,400.0,442.468,ng/mL,10.617,1,5,169497.8,153229.4,1.10617,4.205,0,pass,-15.0,15.0,,synthetic:R00318:high_qc:1
R00318,high_qc,quantitative,400.0,495.8229,ng/mL,23.9557,2,6,176037.9,142016.8,1.23956,4.193,0,fail,-15.0,15.0,,synthetic:R00318:high_qc:2
R00319,low_qc,quantitative,3.0,2.9946,ng/mL,-0.1815,1,1,154437.0,154717.7,0.99819,4.205,0,pass,-15.0,15.0,,synthetic:R00319:low_qc:1
R00319,low_qc,quantitative,3.0,2.835,ng/mL,-5.4989,2,2,133866.7,141656.2,0.94501,4.231,0,pass,-15.0,15.0,,synthetic:R00319:low_qc:2
R00319,mid_qc,quantitative,30.0,30.6685,ng/mL,2.2284,1,3,157483.7,154050.8,1.02228,4.211,0,pass,-15.0,15.0,,synthetic:R00319:mid_qc:1
R00319,mid_qc,quantitative,30.0,30.9323,ng/mL,3.1077,2,4,163290.2,158368.5,1.03108,4.172,0,pass,-15.0,15.0,,synthetic:R00319:mid_qc:2
R00319,high_qc,quantitative,80.0,80.7882,ng/mL,0.9853,1,5,152277.9,150792.1,1.00985,4.183,0,pass,-15.0,15.0,,synthetic:R00319:high_qc:1
R00319,high_qc,quantitative,80.0,79.3822,ng/mL,-0.7723,2,6,146552.9,147693.5,0.99228,4.164,0,pass,-15.0,15.0,,synthetic:R00319:high_qc:2
R00320,low_qc,quantitative,1.5,1.4291,ng/mL,-4.7241,1,1,142701.1,149776.8,0.95276,4.23,0,pass,-15.0,15.0,,synthetic:R00320:low_qc:1
R00320,low_qc,quantitative,1.5,1.5164,ng/mL,1.0948,2,2,149095.9,147481.3,1.01095,4.197,0,pass,-15.0,15.0,,synthetic:R00320:low_qc:2
R00320,mid_qc,quantitative,75.0,71.2569,ng/mL,-4.9907,1,3,128356.6,135099.0,0.95009,4.198,0,pass,-15.0,15.0,,synthetic:R00320:mid_qc:1
R00320,mid_qc,quantitative,75.0,73.4825,ng/mL,-2.0234,2,4,141754.8,144682.2,0.97977,4.183,0,pass,-15.0,15.0,,synthetic:R00320:mid_qc:2
R00320,high_qc,quantitative,200.0,183.7281,ng/mL,-8.136,1,5,135161.5,147132.1,0.91864,4.197,0,pass,-15.0,15.0,,synthetic:R00320:high_qc:1
R00320,high_qc,quantitative,200.0,201.2548,ng/mL,0.6274,2,6,152853.4,151900.4,1.00627,4.212,0,pass,-15.0,15.0,,synthetic:R00320:high_qc:2
R00321,low_qc,quantitative,6.0,6.3384,ng/mL,5.6398,1,1,144750.9,137023.0,1.0564,4.241,0,pass,-15.0,15.0,,synthetic:R00321:low_qc:1
R00321,low_qc,quantitative,6.0,6.766,ng/mL,12.7666,2,2,174985.0,155174.5,1.12767,4.208,0,pass,-15.0,15.0,,synthetic:R00321:low_qc:2
R00321,mid_qc,quantitative,150.0,157.6636,ng/mL,5.1091,1,3,155365.1,147813.2,1.05109,4.217,0,pass,-15.0,15.0,,synthetic:R00321:mid_qc:1
R00321,mid_qc,quantitative,150.0,165.797,ng/mL,10.5314,2,4,167013.9,151100.9,1.10531,4.211,0,pass,-15.0,15.0,,synthetic:R00321:mid_qc:2
R00321,high_qc,quantitative,400.0,425.0366,ng/mL,6.2592,1,5,149699.2,140881.2,1.06259,4.163,0,pass,-15.0,15.0,,synthetic:R00321:high_qc:1
R00321,high_qc,quantitative,400.0,424.4181,ng/mL,6.1045,2,6,154891.1,145979.7,1.06105,4.204,0,pass,-15.0,15.0,,synthetic:R00321:high_qc:2
R00322,low_qc,quantitative,3.0,3.1587,ng/mL,5.2905,1,1,152327.1,144673.1,1.05291,4.234,0,pass,-15.0,15.0,,synthetic:R00322:low_qc:1
R00322,low_qc,quantitative,3.0,3.1677,ng/mL,5.5913,2,2,161002.0,152476.6,1.05591,4.226,0,pass,-15.0,15.0,,synthetic:R00322:low_qc:2
R00322,mid_qc,quantitative,30.0,30.408,ng/mL,1.36,1,3,147309.5,145333.0,1.0136,4.203,0,pass,-15.0,15.0,,synthetic:R00322:mid_qc:1
R00322,mid_qc,quantitative,30.0,30.2086,ng/mL,0.6954,2,4,144810.7,143810.6,1.00695,4.201,0,pass,-15.0,15.0,,synthetic:R00322:mid_qc:2
R00322,high_qc,quantitative,80.0,85.6098,ng/mL,7.0122,1,5,163963.1,153219.1,1.07012,4.19,0,pass,-15.0,15.0,,synthetic:R00322:high_qc:1
R00322,high_qc,quantitative,80.0,83.3903,ng/mL,4.2379,2,6,165843.7,159101.1,1.04238,4.22,0,pass,-15.0,15.0,,synthetic:R00322:high_qc:2
R00323,low_qc,quantitative,1.5,1.4872,ng/mL,-0.852,1,1,147288.2,148553.9,0.99148,4.241,0,pass,-15.0,15.0,,synthetic:R00323:low_qc:1
R00323,low_qc,quantitative,1.5,1.5332,ng/mL,2.2147,2,2,156125.1,152742.3,1.02215,4.22,0,pass,-15.0,15.0,,synthetic:R00323:low_qc:2
R00323,mid_qc,quantitative,75.0,76.1087,ng/mL,1.4783,1,3,146126.7,143997.9,1.01478,4.251,0,pass,-15.0,15.0,,synthetic:R00323:mid_qc:1
R00323,mid_qc,quantitative,75.0,72.5555,ng/mL,-3.2593,2,4,141785.3,146562.3,0.96741,4.229,0,pass,-15.0,15.0,,synthetic:R00323:mid_qc:2
R00323,high_qc,quantitative,200.0,192.2892,ng/mL,-3.8554,1,5,135996.4,141449.9,0.96145,4.203,0,pass,-15.0,15.0,,synthetic:R00323:high_qc:1
R00323,high_qc,quantitative,200.0,194.6269,ng/mL,-2.6866,2,6,147469.2,151540.4,0.97313,4.223,0,pass,-15.0,15.0,,synthetic:R00323:high_qc:2
R00324,low_qc,quantitative,6.0,6.0387,ng/mL,0.6455,1,1,143660.7,142739.3,1.00646,4.222,0,pass,-15.0,15.0,,synthetic:R00324:low_qc:1
R00324,low_qc,quantitative,6.0,6.1639,ng/mL,2.7323,2,2,157994.3,153792.2,1.02732,4.228,0,pass,-15.0,15.0,,synthetic:R00324:low_qc:2
R00324,mid_qc,quantitative,150.0,155.1604,ng/mL,3.4403,1,3,162903.9,157486.0,1.0344,4.238,0,pass,-15.0,15.0,,synthetic:R00324:mid_qc:1
R00324,mid_qc,quantitative,150.0,156.0225,ng/mL,4.015,2,4,147542.3,141847.2,1.04015,4.191,0,pass,-15.0,15.0,,synthetic:R00324:mid_qc:2
R00324,high_qc,quantitative,400.0,415.2173,ng/mL,3.8043,1,5,148817.2,143363.2,1.03804,4.212,0,pass,-15.0,15.0,,synthetic:R00324:high_qc:1
R00324,high_qc,quantitative,400.0,429.4254,ng/mL,7.3563,2,6,146831.6,136770.3,1.07356,4.196,0,pass,-15.0,15.0,,synthetic:R00324:high_qc:2
